report_date,city,state,season,product_name,campaign_name,adset_name,orders_7d,attributed_revenue,effective_city_spend,roas,opportunity_score,recommended_action,budget_modifier,broad_discovery_flag,reason
2026-06-23,Thane,Maharashtra,Monsoon,Pawveralls Suspender Boots,TH-383-SUSPENDER-20JUNE,Broad Advantage+,12,4235.6,804.04,5.2679,100.0,SCALE,1.25,1,"Opportunity score 100, ROAS 5.27x (target 2.5x), 12 orders last 7d, stock OK, season=Monsoon, weather=RAIN_ACTIVE."
2026-06-23,Pune,Maharashtra,Monsoon,Pawveralls Suspender Boots,TH-383-SUSPENDER-20JUNE,Broad Advantage+,13,12706.79,2224.91,5.7111,100.0,SCALE,1.25,1,"Opportunity score 100, ROAS 5.71x (target 2.5x), 13 orders last 7d, stock OK, season=Monsoon, weather=RAIN_ACTIVE."
2026-06-23,Mumbai Subueban,Maharashtra,Monsoon,WildTrail Boots,TH-068-WILD-16JUNE,Urban Pet Parent,3,2117.8,343.56,6.1643,100.0,SCALE,1.25,1,"Opportunity score 100, ROAS 6.16x (target 2.5x), 3 orders last 7d, stock OK, season=Monsoon, weather=RAIN_ACTIVE."
2026-06-23,Thane,Maharashtra,Monsoon,Pawveralls Suspender Boots,TH-383-SUSPENDER-20JUNE,Broad Advantage+,12,4235.6,804.04,5.2679,100.0,SCALE,1.25,1,"Opportunity score 100, ROAS 5.27x (target 2.5x), 12 orders last 7d, stock OK, season=Monsoon."
2026-06-23,South 24 Parganas,West Bengal,Monsoon,Pawveralls Suspender Boots,TH-383-SUSPENDER-20JUNE,Broad Advantage+,3,4235.6,616.83,6.8667,100.0,SCALE,1.25,1,"Opportunity score 100, ROAS 6.87x (target 2.5x), 3 orders last 7d, stock OK, season=Monsoon."
2026-06-23,Pune,Maharashtra,Monsoon,Pawveralls Suspender Boots,TH-383-SUSPENDER-20JUNE,Broad Advantage+,13,12706.79,2224.91,5.7111,100.0,SCALE,1.25,1,"Opportunity score 100, ROAS 5.71x (target 2.5x), 13 orders last 7d, stock OK, season=Monsoon."
2026-06-23,Mumbai Subueban,Maharashtra,Monsoon,WildTrail Boots,TH-068-WILD-16JUNE,Urban Pet Parent,3,2117.8,343.56,6.1643,100.0,SCALE,1.25,1,"Opportunity score 100, ROAS 6.16x (target 2.5x), 3 orders last 7d, stock OK, season=Monsoon."
2026-06-23,Kolkata,West Bengal,Monsoon,Pawveralls Suspender Boots,TH-383-SUSPENDER-20JUNE,Broad Advantage+,3,4145.44,616.83,6.7206,100.0,SCALE,1.25,1,"Opportunity score 100, ROAS 6.72x (target 2.5x), 3 orders last 7d, stock OK, season=Monsoon."
2026-06-23,Indore,Madhya Pradesh,Monsoon,Pawveralls Suspender Boots,TH-383-SUSPENDER-20JUNE,Broad Advantage+,4,4235.6,616.83,6.8667,100.0,SCALE,1.25,1,"Opportunity score 100, ROAS 6.87x (target 2.5x), 4 orders last 7d, stock OK, season=Monsoon."
2026-06-23,Bangalore,Karnataka,Monsoon,Pawveralls Suspender Boots,TH-383-SUSPENDER-20JUNE,Broad Advantage+,4,2117.8,308.41,6.8668,100.0,SCALE,1.25,1,"Opportunity score 100, ROAS 6.87x (target 2.5x), 4 orders last 7d, stock OK, season=Monsoon."
2026-06-23,Bengaluru,Karnataka,Monsoon,Pawveralls Suspender Boots,TH-012-SNUGBOO-19JUN,ICP Pet Parents,4,2117.8,314.52,6.7334,98.33,SCALE,1.25,1,"Opportunity score 98, ROAS 6.73x (target 2.5x), 4 orders last 7d, stock OK, season=Monsoon."
2026-06-23,Mumbai Subueban,Maharashtra,Monsoon,Pawveralls Suspender Boots,TH-383-SUSPENDER-20JUNE,Broad Advantage+,12,2117.8,495.63,4.2729,96.36,SCALE,1.25,1,"Opportunity score 96, ROAS 4.27x (target 2.5x), 12 orders last 7d, stock OK, season=Monsoon, weather=RAIN_ACTIVE."
2026-06-23,MUMBAI,Maharashtra,Monsoon,Pawveralls Suspender Boots,TH-383-SUSPENDER-20JUNE,Broad Advantage+,5,2117.8,495.63,4.2729,96.36,SCALE,1.25,1,"Opportunity score 96, ROAS 4.27x (target 2.5x), 5 orders last 7d, stock OK, season=Monsoon, weather=RAIN_ACTIVE."
2026-06-23,Kolkata,West Bengal,Monsoon,Pawveralls Suspender Boots,TH-383-SUSPENDER-20JUNE,Broad Advantage+,3,4145.44,616.83,6.7206,96.25,SCALE,1.25,1,"Opportunity score 96, ROAS 6.72x (target 2.5x), 3 orders last 7d, stock OK, season=Monsoon, weather=RAIN_EMERGING."
2026-06-23,Indore,Madhya Pradesh,Monsoon,Pawveralls Suspender Boots,TH-383-SUSPENDER-20JUNE,Broad Advantage+,4,4235.6,616.83,6.8667,96.25,SCALE,1.25,1,"Opportunity score 96, ROAS 6.87x (target 2.5x), 4 orders last 7d, stock OK, season=Monsoon, weather=RAIN_EMERGING."
2026-06-23,Mumbai Subueban,Maharashtra,Monsoon,Pawveralls Suspender Boots,TH-383-SUSPENDER-20JUNE,Broad Advantage+,12,2117.8,495.63,4.2729,95.64,SCALE,1.25,1,"Opportunity score 96, ROAS 4.27x (target 2.5x), 12 orders last 7d, stock OK, season=Monsoon."
2026-06-23,MUMBAI,Maharashtra,Monsoon,Pawveralls Suspender Boots,TH-383-SUSPENDER-20JUNE,Broad Advantage+,5,2117.8,495.63,4.2729,95.64,SCALE,1.25,1,"Opportunity score 96, ROAS 4.27x (target 2.5x), 5 orders last 7d, stock OK, season=Monsoon."
2026-06-23,Hyderabad,Telangana,Monsoon,Pawveralls Suspender Boots,TH-383-SUSPENDER-20JUNE,Broad Advantage+,3,4235.6,991.26,4.2729,95.64,SCALE,1.25,1,"Opportunity score 96, ROAS 4.27x (target 2.5x), 3 orders last 7d, stock OK, season=Monsoon."
2026-06-23,Bangalore,Karnataka,Monsoon,Pawveralls Suspender Boots,TH-012-SNUGBOO-19JUN,ICP Pet Parents,4,2117.8,314.52,6.7334,95.0,SCALE,1.25,0,"Opportunity score 95, ROAS 6.73x (target 2.5x), 4 orders last 7d, stock OK, season=Monsoon."
2026-06-23,Mumbai Subueban,Maharashtra,Monsoon,Pawveralls Suspender Boots,TH-012-SNUGBOO-19JUN,Urban Pet Parent,12,6353.4,1639.72,3.8747,94.37,SCALE,1.25,1,"Opportunity score 94, ROAS 3.87x (target 2.5x), 12 orders last 7d, stock OK, season=Monsoon, weather=RAIN_ACTIVE."
2026-06-23,Mumbai,Maharashtra,Monsoon,Pawveralls Suspender Boots,TH-383-SUSPENDER-20JUNE,Broad Advantage+,34,23295.8,6297.38,3.6993,93.5,SCALE,1.25,1,"Opportunity score 94, ROAS 3.70x (target 2.5x), 34 orders last 7d, stock OK, season=Monsoon, weather=RAIN_ACTIVE."
2026-06-23,Mumbai Subueban,Maharashtra,Monsoon,Pawveralls Suspender Boots,TH-012-SNUGBOO-19JUN,Urban Pet Parent,12,6353.4,1639.72,3.8747,93.25,SCALE,1.25,1,"Opportunity score 93, ROAS 3.87x (target 2.5x), 12 orders last 7d, stock OK, season=Monsoon."
2026-06-23,Hyderabad,Telangana,Monsoon,Pawveralls Suspender Boots,TH-383-SUSPENDER-20JUNE,Broad Advantage+,3,4235.6,991.26,4.2729,92.61,SCALE,1.25,1,"Opportunity score 93, ROAS 4.27x (target 2.5x), 3 orders last 7d, stock OK, season=Monsoon, weather=RAIN_EMERGING."
2026-06-23,Mumbai,Maharashtra,Monsoon,Pawveralls Suspender Boots,TH-383-SUSPENDER-20JUNE,Broad Advantage+,34,23295.8,6297.38,3.6993,92.2,SCALE,1.25,1,"Opportunity score 92, ROAS 3.70x (target 2.5x), 34 orders last 7d, stock OK, season=Monsoon."
2026-06-23,Pune,Maharashtra,Monsoon,Rover Raincoat,TH-383-SUSPENDER-20JUNE,Broad Advantage+,2,1694.07,308.41,5.4929,90.0,HOLD,1.0,1,"Opportunity score 90, ROAS 5.49x — no decisive signal. Weather=RAIN_ACTIVE. Maintain current budget."
2026-06-23,Vadodara,Gujarat,Monsoon,Pawveralls Suspender Boots,TH-383-SUSPENDER-20JUNE,Broad Advantage+,2,2117.8,308.41,6.8668,88.33,HOLD,1.0,1,"Opportunity score 88, ROAS 6.87x — no decisive signal. Maintain current budget."
2026-06-23,South Delhi,Delhi,Monsoon,Pawveralls Suspender Boots,TH-383-SUSPENDER-20JUNE,Broad Advantage+,2,4235.6,616.83,6.8667,88.33,HOLD,1.0,1,"Opportunity score 88, ROAS 6.87x — no decisive signal. Maintain current budget."
2026-06-23,Pune,Maharashtra,Monsoon,Rover Raincoat,TH-383-SUSPENDER-20JUNE,Broad Advantage+,2,1694.07,308.41,5.4929,88.33,HOLD,1.0,1,"Opportunity score 88, ROAS 5.49x — no decisive signal. Maintain current budget."
2026-06-23,New Delhi,Delhi,Monsoon,Pawveralls Suspender Boots,TH-383-SUSPENDER-20JUNE,Broad Advantage+,2,4235.6,804.04,5.2679,88.33,HOLD,1.0,1,"Opportunity score 88, ROAS 5.27x — no decisive signal. Maintain current budget."
2026-06-23,South 24 Parganas,West Bengal,Monsoon,Pawveralls Suspender Boots,TH-383-SUSPENDER-20JUNE,Broad Advantage+,3,4235.6,616.83,6.8667,88.0,SCALE,1.25,1,"Opportunity score 88, ROAS 6.87x (target 2.5x), 3 orders last 7d, stock OK, season=Monsoon, weather=UNKNOWN."
2026-06-23,Bangalore,Karnataka,Monsoon,Pawveralls Suspender Boots,TH-383-SUSPENDER-20JUNE,Broad Advantage+,4,2117.8,308.41,6.8668,88.0,SCALE,1.25,1,"Opportunity score 88, ROAS 6.87x (target 2.5x), 4 orders last 7d, stock OK, season=Monsoon, weather=UNKNOWN."
2026-06-23,Raigarh MH,Maharashtra,Monsoon,Pawveralls Suspender Boots,TH-012-SNUGBOO-19JUN,Urban Pet Parent,3,2117.8,749.91,2.8241,86.94,SCALE,1.25,1,"Opportunity score 87, ROAS 2.82x (target 2.5x), 3 orders last 7d, stock OK, season=Monsoon."
2026-06-23,Bengaluru,Karnataka,Monsoon,Pawveralls Suspender Boots,TH-012-SNUGBOO-19JUN,ICP Pet Parents,4,2117.8,314.52,6.7334,86.57,SCALE,1.25,1,"Opportunity score 87, ROAS 6.73x (target 2.5x), 4 orders last 7d, stock OK, season=Monsoon, weather=UNKNOWN."
2026-06-23,Pune,Maharashtra,Monsoon,Pawveralls Suspender Boots,TH-012-SNUGBOO-19JUN,Urban Pet Parent,13,2117.8,941.22,2.2501,86.25,HOLD,1.0,1,"Opportunity score 86, ROAS 2.25x — no decisive signal. Weather=RAIN_ACTIVE. Maintain current budget."
2026-06-23,Mumbai Subueban,Maharashtra,Monsoon,WildTrail Boots,TH-068-WILD-18JUNE-ADV+,Broad Advantage+,3,6353.39,3059.02,2.0769,85.38,HOLD,1.0,1,"Opportunity score 85, ROAS 2.08x — no decisive signal. Weather=RAIN_ACTIVE. Maintain current budget."
2026-06-23,Thane,Maharashtra,Monsoon,Pawveralls Suspender Boots,TH-012-SNUGBOO-19JUN,Urban Pet Parent,12,4235.6,1386.13,3.0557,85.28,SCALE,1.25,0,"Opportunity score 85, ROAS 3.06x (target 2.5x), 12 orders last 7d, stock OK, season=Monsoon, weather=RAIN_ACTIVE."
2026-06-23,Pune,Maharashtra,Monsoon,Pawveralls Suspender Boots,TH-383-SUSPENDER-17JUNE,Urban Pet Parents,13,12452.55,4098.84,3.0381,85.19,SCALE,1.25,0,"Opportunity score 85, ROAS 3.04x (target 2.5x), 13 orders last 7d, stock OK, season=Monsoon, weather=RAIN_ACTIVE."
2026-06-23,Rangareddy,Telangana,Monsoon,Pawveralls Suspender Boots,TH-383-SUSPENDER-20JUNE,Broad Advantage+,2,2117.8,495.63,4.2729,83.97,HOLD,1.0,1,"Opportunity score 84, ROAS 4.27x — no decisive signal. Maintain current budget."
2026-06-23,BANGALORE,Karnataka,Monsoon,Pawveralls Suspender Boots,TH-383-SUSPENDER-20JUNE,Broad Advantage+,2,2117.8,495.63,4.2729,83.97,HOLD,1.0,1,"Opportunity score 84, ROAS 4.27x — no decisive signal. Maintain current budget."
2026-06-23,Pune,Maharashtra,Monsoon,Pawveralls Suspender Boots,TH-012-SNUGBOO-19JUN,Urban Pet Parent,13,2117.8,941.22,2.2501,83.5,HOLD,1.0,1,"Opportunity score 84, ROAS 2.25x — no decisive signal. Maintain current budget."
2026-06-23,Khorda,Odisha,Monsoon,Pawveralls Suspender Boots,TH-383-SUSPENDER,Broad Advantage+,3,3134.75,1393.36,2.2498,83.5,HOLD,1.0,1,"Opportunity score 84, ROAS 2.25x — no decisive signal. Maintain current budget."
2026-06-23,Thane,Maharashtra,Monsoon,Pawveralls Suspender Boots,TH-012-SNUGBOO-19JUN,Urban Pet Parent,12,4235.6,1386.13,3.0557,83.33,SCALE,1.25,0,"Opportunity score 83, ROAS 3.06x (target 2.5x), 12 orders last 7d, stock OK, season=Monsoon."
2026-06-23,Pune,Maharashtra,Monsoon,Pawveralls Suspender Boots,TH-383-SUSPENDER-17JUNE,Urban Pet Parents,13,12452.55,4098.84,3.0381,83.23,SCALE,1.25,0,"Opportunity score 83, ROAS 3.04x (target 2.5x), 13 orders last 7d, stock OK, season=Monsoon."
2026-06-23,Mumbai Subueban,Maharashtra,Monsoon,Pawveralls Suspender Boots,TH-383-SUSPENDER-17JUNE,Urban Pet Parents,12,7370.35,4488.53,1.642,83.21,HOLD,1.0,1,"Opportunity score 83, ROAS 1.64x — no decisive signal. Weather=RAIN_ACTIVE. Maintain current budget."
2026-06-23,Mumbai Subueban,Maharashtra,All Seasons,DuckDash Treat Toy,TH-385-DUCKTOY-16JUNE-DOG,ICP Pet Parents,5,1100.85,491.18,2.2412,83.21,HOLD,1.0,1,"Opportunity score 83, ROAS 2.24x — no decisive signal. Weather=RAIN_ACTIVE. Maintain current budget."
2026-06-23,Bangalore,Karnataka,Monsoon,Pawveralls Suspender Boots,TH-012-SNUGBOO-19JUN,ICP Pet Parents,4,2117.8,314.52,6.7334,83.0,SCALE,1.25,0,"Opportunity score 83, ROAS 6.73x (target 2.5x), 4 orders last 7d, stock OK, season=Monsoon, weather=UNKNOWN."
2026-06-23,South 24 Parganas,West Bengal,Monsoon,Pawveralls Suspender Boots,TH-383-SUSPENDER,Broad Advantage+,3,3219.49,1492.65,2.1569,82.94,HOLD,1.0,1,"Opportunity score 83, ROAS 2.16x — no decisive signal. Maintain current budget."
2026-06-23,Mumbai Subueban,Maharashtra,Monsoon,WildTrail Boots,TH-068-WILD-18JUNE-ADV+,Broad Advantage+,3,6353.39,3059.02,2.0769,82.46,HOLD,1.0,1,"Opportunity score 82, ROAS 2.08x — no decisive signal. Maintain current budget."
2026-06-23,Mumbai,Maharashtra,Monsoon,Pawveralls Suspender Boots,TH-383-SUSPENDER-17JUNE,Urban Pet Parents,34,13723.75,5897.33,2.3271,81.64,HOLD,1.0,0,"Opportunity score 82, ROAS 2.33x — no decisive signal. Weather=RAIN_ACTIVE. Maintain current budget."
2026-06-23,MUMBAI,Maharashtra,Monsoon,Pawveralls Suspender Boots,TH-012-SNUGBOO-19JUN,Urban Pet Parent,5,2117.8,941.22,2.2501,81.25,HOLD,1.0,0,"Opportunity score 81, ROAS 2.25x — no decisive signal. Weather=RAIN_ACTIVE. Maintain current budget."
2026-06-23,Mumbai,Maharashtra,Monsoon,Pawveralls Suspender Boots,TH-372-ROVERAINCOAT-14JUNE-CV2,Urban Pet Parents,34,2965.25,1336.4,2.2188,81.09,HOLD,1.0,0,"Opportunity score 81, ROAS 2.22x — no decisive signal. Weather=RAIN_ACTIVE. Maintain current budget."
2026-06-23,MUMBAI SUBURBAN,Maharashtra,Monsoon,Pawveralls Suspender Boots,TH-383-SUSPENDER-20JUNE,Broad Advantage+,1,4235.59,308.41,13.7336,80.0,HOLD,1.0,1,"Opportunity score 80, ROAS 13.73x — no decisive signal. Weather=RAIN_ACTIVE. Maintain current budget."
2026-06-23,Mumbai Subueban,Maharashtra,Monsoon,Pawveralls Suspender Boots,TH-383-SUSPENDER-17JUNE,Urban Pet Parents,12,7370.35,4488.53,1.642,79.85,HOLD,1.0,1,"Opportunity score 80, ROAS 1.64x — no decisive signal. Maintain current budget."
2026-06-23,Vadodara,Gujarat,Monsoon,Pawveralls Suspender Boots,TH-383-SUSPENDER-20JUNE,Broad Advantage+,2,2117.8,308.41,6.8668,79.5,HOLD,1.0,1,"Opportunity score 80, ROAS 6.87x — no decisive signal. Weather=HEAT_HIGH. Maintain current budget."
2026-06-23,New Delhi,Delhi,Monsoon,Pawveralls Suspender Boots,TH-383-SUSPENDER-20JUNE,Broad Advantage+,2,4235.6,804.04,5.2679,79.5,HOLD,1.0,1,"Opportunity score 80, ROAS 5.27x — no decisive signal. Weather=HEAT_HIGH. Maintain current budget."
2026-06-23,Mumbai Subueban,Maharashtra,All Seasons,DuckDash Treat Toy,TH-385-DUCKTOY-16JUNE-DOG,ICP Pet Parents,5,1100.85,491.18,2.2412,79.45,HOLD,1.0,1,"Opportunity score 79, ROAS 2.24x — no decisive signal. Maintain current budget."
2026-06-23,Mumbai,Maharashtra,Monsoon,Pawveralls Suspender Boots,TH-383-SUSPENDER-17JUNE,Urban Pet Parents,34,13723.75,5897.33,2.3271,78.96,HOLD,1.0,0,"Opportunity score 79, ROAS 2.33x — no decisive signal. Maintain current budget."
2026-06-23,Mumbai,Maharashtra,Monsoon,Pawveralls Suspender Boots,TH-012-SNUGBOO-19JUN,ICP Pet Parents,34,2117.8,1201.65,1.7623999,78.81,HOLD,1.0,0,"Opportunity score 79, ROAS 1.76x — no decisive signal. Weather=RAIN_ACTIVE. Maintain current budget."
2026-06-23,Pune,Maharashtra,Monsoon,StormGuard Jacket,TH-012-SNUGBOO-19JUN,Urban Pet Parent,1,2117.8,444.91,4.7601,78.8,HOLD,1.0,1,"Opportunity score 79, ROAS 4.76x — no decisive signal. Weather=RAIN_ACTIVE. Maintain current budget."
2026-06-23,PUNE,Maharashtra,Monsoon,Pawveralls Suspender Boots,TH-012-SNUGBOO-19JUN,Urban Pet Parent,1,2117.8,444.91,4.7601,78.8,HOLD,1.0,1,"Opportunity score 79, ROAS 4.76x — no decisive signal. Weather=RAIN_ACTIVE. Maintain current budget."
2026-06-23,South Delhi,Delhi,All Seasons,BlueWave Pool,TH-367-BLUEPOOL-20JUNE-ADV+,Urban Pet Parent,2,2541.52,624.0,4.0729,78.77,HOLD,1.0,1,"Opportunity score 79, ROAS 4.07x — no decisive signal. Maintain current budget."
2026-06-23,MUMBAI,Maharashtra,Monsoon,Pawveralls Suspender Boots,TH-012-SNUGBOO-19JUN,Urban Pet Parent,5,2117.8,941.22,2.2501,78.5,HOLD,1.0,0,"Opportunity score 78, ROAS 2.25x — no decisive signal. Maintain current budget."
2026-06-23,Mumbai,Maharashtra,Monsoon,Pawveralls Suspender Boots,TH-372-ROVERAINCOAT-14JUNE-CV2,Urban Pet Parents,34,2965.25,1336.4,2.2188,78.31,HOLD,1.0,0,"Opportunity score 78, ROAS 2.22x — no decisive signal. Maintain current budget."
2026-06-23,Mumbai,Maharashtra,All Seasons,DuckDash Treat Toy,TH-385-DUCKTOY-16JUNE-DOG,ICP Pet Parents,11,1100.85,491.18,2.2412,78.21,HOLD,1.0,0,"Opportunity score 78, ROAS 2.24x — no decisive signal. Weather=RAIN_ACTIVE. Maintain current budget."
2026-06-23,MUMBAI,Maharashtra,Monsoon,Pawveralls Suspender Boots,TH-383-SUSPENDER-17JUNE,Urban Pet Parents,5,4913.56,3006.61,1.6343,78.17,HOLD,1.0,0,"Opportunity score 78, ROAS 1.63x — no decisive signal. Weather=RAIN_ACTIVE. Maintain current budget."
2026-06-23,Bengaluru,Karnataka,Monsoon,Pawveralls Suspender Boots,TH-383-SUSPENDER-20JUNE,Broad Advantage+,4,4235.6,2585.59,1.6382,78.16,HOLD,1.0,1,"Opportunity score 78, ROAS 1.64x — no decisive signal. Maintain current budget."
2026-06-23,South Delhi,Delhi,Monsoon,Pawveralls Suspender Boots,TH-383-SUSPENDER-20JUNE,Broad Advantage+,2,4235.6,616.83,6.8667,78.0,HOLD,1.0,1,"Opportunity score 78, ROAS 6.87x — no decisive signal. Weather=UNKNOWN. Maintain current budget."
2026-06-23,Thane,Maharashtra,Monsoon,Pawveralls Suspender Boots,TH-383-SUSPENDER-17JUNE,Urban Pet Parents,12,6353.4,3986.22,1.5938001,77.97,HOLD,1.0,0,"Opportunity score 78, ROAS 1.59x — no decisive signal. Weather=RAIN_ACTIVE. Maintain current budget."
2026-06-23,Raigarh MH,Maharashtra,Monsoon,Pawveralls Suspender Boots,TH-012-SNUGBOO-19JUN,Urban Pet Parent,3,2117.8,749.91,2.8241,77.12,SCALE,1.25,1,"Opportunity score 77, ROAS 2.82x (target 2.5x), 3 orders last 7d, stock OK, season=Monsoon, weather=UNKNOWN."
2026-06-23,Mumbai Subueban,Maharashtra,All Seasons,DuckDash Treat Toy,TH-385-DUCKTOY-16JUNE-CAT,Cat Lover,5,2794.05,2889.3,0.967,76.84,HOLD,1.0,1,"Opportunity score 77, ROAS 0.97x — no decisive signal. Weather=RAIN_ACTIVE. Maintain current budget."
2026-06-23,Thane,Maharashtra,All Seasons,DuckDash Treat Toy,TH-385-DUCKTOY-16JUNE-DOG,ICP Pet Parents,3,846.61,431.7,1.9611,76.81,HOLD,1.0,0,"Opportunity score 77, ROAS 1.96x — no decisive signal. Weather=RAIN_ACTIVE. Maintain current budget."
2026-06-23,Gurgaon,Haryana,Monsoon,Pawveralls Suspender Boots,TH-383-SUSPENDER-17JUNE,Urban Pet Parents,2,4235.59,1382.42,3.0639,76.72,HOLD,1.0,1,"Opportunity score 77, ROAS 3.06x — no decisive signal. Maintain current budget."
2026-06-23,Rajkot,Gujarat,Monsoon,WildTrail Boots,TH-383-SUSPENDER-20JUNE,Broad Advantage+,1,1694.07,308.41,5.4929,76.67,HOLD,1.0,1,"Opportunity score 77, ROAS 5.49x — no decisive signal. Maintain current budget."
2026-06-23,Rajkot,Gujarat,Monsoon,Pawveralls Suspender Boots,TH-383-SUSPENDER-20JUNE,Broad Advantage+,1,2117.79,308.41,6.8668,76.67,HOLD,1.0,1,"Opportunity score 77, ROAS 6.87x — no decisive signal. Maintain current budget."
2026-06-23,Nanded,Maharashtra,Monsoon,WildTrail Boots,TH-068-WILD-16JUNE,Urban Pet Parent,1,1922.21,343.56,5.5950003,76.67,HOLD,1.0,1,"Opportunity score 77, ROAS 5.59x — no decisive signal. Maintain current budget."
2026-06-23,Nanded,Maharashtra,Monsoon,StormGuard Jacket,TH-068-WILD-16JUNE,Urban Pet Parent,1,1922.23,343.56,5.5950003,76.67,HOLD,1.0,1,"Opportunity score 77, ROAS 5.60x — no decisive signal. Maintain current budget."
2026-06-23,Margao,Goa,Monsoon,WildTrail Boots,TH-012-SNUGBOO-19JUN,ICP Pet Parents,1,1694.07,314.52,5.3862,76.67,HOLD,1.0,1,"Opportunity score 77, ROAS 5.39x — no decisive signal. Maintain current budget."
2026-06-23,MUMBAI SUBURBAN,Maharashtra,Monsoon,Pawveralls Suspender Boots,TH-383-SUSPENDER-20JUNE,Broad Advantage+,1,4235.59,308.41,13.7336,76.67,HOLD,1.0,1,"Opportunity score 77, ROAS 13.73x — no decisive signal. Maintain current budget."
2026-06-23,Kolkata,West Bengal,Monsoon,StormGuard Jacket,TH-383-SUSPENDER-20JUNE,Broad Advantage+,1,2027.64,308.41,6.5745,76.67,HOLD,1.0,1,"Opportunity score 77, ROAS 6.57x — no decisive signal. Maintain current budget."
2026-06-23,Kamrup,Assam,Monsoon,Pawveralls Suspender Boots,TH-012-SNUGBOO-19JUN,ICP Pet Parents,1,2026.99,314.52,6.4447002,76.67,HOLD,1.0,1,"Opportunity score 77, ROAS 6.44x — no decisive signal. Maintain current budget."
2026-06-23,Hyderabad,Telangana,Monsoon,WildTrail Boots,TH-068-WILD-16JUNE,Urban Pet Parent,1,2117.8,343.56,6.1643,76.67,HOLD,1.0,1,"Opportunity score 77, ROAS 6.16x — no decisive signal. Maintain current budget."
2026-06-23,Guntur,Andhra Pradesh,Monsoon,Pawveralls Suspender Boots,TH-383-SUSPENDER-20JUNE,Broad Advantage+,1,2117.8,308.41,6.8668,76.67,HOLD,1.0,1,"Opportunity score 77, ROAS 6.87x — no decisive signal. Maintain current budget."
2026-06-23,Dist. Thane,Maharashtra,Monsoon,Pawveralls Suspender Boots,TH-383-SUSPENDER-20JUNE,Broad Advantage+,1,4235.59,495.63,8.5459,76.67,HOLD,1.0,1,"Opportunity score 77, ROAS 8.55x — no decisive signal. Maintain current budget."
2026-06-23,Dharwad,Karnataka,Monsoon,Pawveralls Suspender Boots,TH-012-SNUGBOO-19JUN,ICP Pet Parents,1,4235.59,314.52,13.4668,76.67,HOLD,1.0,1,"Opportunity score 77, ROAS 13.47x — no decisive signal. Maintain current budget."
2026-06-23,Darjeeling,West Bengal,Monsoon,Pawveralls Suspender Boots,TH-383-SUSPENDER-20JUNE,Broad Advantage+,1,2117.8,308.41,6.8668,76.67,HOLD,1.0,1,"Opportunity score 77, ROAS 6.87x — no decisive signal. Maintain current budget."
2026-06-23,Anand,Gujarat,Monsoon,Pawveralls Suspender Boots,TH-383-SUSPENDER-20JUNE,Broad Advantage+,1,2002.23,308.41,6.4921,76.67,HOLD,1.0,1,"Opportunity score 77, ROAS 6.49x — no decisive signal. Maintain current budget."
2026-06-23,Mumbai,Maharashtra,Monsoon,WildTrail Boots,TH-383-SUSPENDER-17JUNE,Urban Pet Parents,4,1694.07,1286.04,1.3173,76.59,HOLD,1.0,0,"Opportunity score 77, ROAS 1.32x — no decisive signal. Weather=RAIN_ACTIVE. Maintain current budget."
2026-06-23,Nanded,Maharashtra,Monsoon,WildTrail Boots,TH-068-WILD-16JUNE,Urban Pet Parent,1,1922.21,343.56,5.5950003,76.25,HOLD,1.0,1,"Opportunity score 76, ROAS 5.59x — no decisive signal. Weather=RAIN_EMERGING. Maintain current budget."
2026-06-23,Nanded,Maharashtra,Monsoon,StormGuard Jacket,TH-068-WILD-16JUNE,Urban Pet Parent,1,1922.23,343.56,5.5950003,76.25,HOLD,1.0,1,"Opportunity score 76, ROAS 5.60x — no decisive signal. Weather=RAIN_EMERGING. Maintain current budget."
2026-06-23,Kolkata,West Bengal,Monsoon,StormGuard Jacket,TH-383-SUSPENDER-20JUNE,Broad Advantage+,1,2027.64,308.41,6.5745,76.25,HOLD,1.0,1,"Opportunity score 76, ROAS 6.57x — no decisive signal. Weather=RAIN_EMERGING. Maintain current budget."
2026-06-23,Hyderabad,Telangana,Monsoon,WildTrail Boots,TH-068-WILD-16JUNE,Urban Pet Parent,1,2117.8,343.56,6.1643,76.25,HOLD,1.0,1,"Opportunity score 76, ROAS 6.16x — no decisive signal. Weather=RAIN_EMERGING. Maintain current budget."
2026-06-23,South West Delhi,Delhi,All Seasons,DuckDash Treat Toy,TH-385-DUCKTOY-16JUNE-DOG,Urban Pet Parents,3,1100.84,648.15,1.6984,76.19,HOLD,1.0,1,"Opportunity score 76, ROAS 1.70x — no decisive signal. Maintain current budget."
2026-06-23,Bangalore,Karnataka,Monsoon,Pawveralls Suspender Boots,TH-383-SUSPENDER,Broad Advantage+,4,2541.53,2593.29,0.98,75.88,HOLD,1.0,1,"Opportunity score 76, ROAS 0.98x — no decisive signal. Maintain current budget."
2026-06-23,Mumbai,Maharashtra,Monsoon,Pawveralls Suspender Boots,TH-012-SNUGBOO-19JUN,ICP Pet Parents,34,2117.8,1201.65,1.7623999,75.57,HOLD,1.0,0,"Opportunity score 76, ROAS 1.76x — no decisive signal. Maintain current budget."
2026-06-23,Visakhapatnam,Andhra Pradesh,Monsoon,Pawveralls Suspender Boots,TH-012-SNUGBOO-19JUN,Urban Pet Parent,1,2117.8,444.91,4.7601,75.23,HOLD,1.0,1,"Opportunity score 75, ROAS 4.76x — no decisive signal. Maintain current budget."
2026-06-23,South West Delhi,Delhi,,FetchNova UFO Ball | Bounce-Spin Toy | Smart Play for Active Dogs,TH-198-UFOBALL-01JUNE,Urban Pet Parent,3,846.62,239.29,3.5381,75.23,SCALE,1.25,1,"Opportunity score 75, ROAS 3.54x (target 2.5x), 3 orders last 7d, stock OK, season=."
2026-06-23,Pune,Maharashtra,Monsoon,StormGuard Jacket,TH-012-SNUGBOO-19JUN,Urban Pet Parent,1,2117.8,444.91,4.7601,75.23,HOLD,1.0,1,"Opportunity score 75, ROAS 4.76x — no decisive signal. Maintain current budget."
2026-06-23,PUNE,Maharashtra,Monsoon,Pawveralls Suspender Boots,TH-012-SNUGBOO-19JUN,Urban Pet Parent,1,2117.8,444.91,4.7601,75.23,HOLD,1.0,1,"Opportunity score 75, ROAS 4.76x — no decisive signal. Maintain current budget."
2026-06-23,Visakhapatnam,Andhra Pradesh,Monsoon,Pawveralls Suspender Boots,TH-012-SNUGBOO-19JUN,Urban Pet Parent,1,2117.8,444.91,4.7601,75.05,HOLD,1.0,1,"Opportunity score 75, ROAS 4.76x — no decisive signal. Weather=RAIN_EMERGING. Maintain current budget."
2026-06-23,Thane,Maharashtra,Monsoon,WildTrail Boots,TH-068-WILD-16JUNE,Urban Pet Parent,1,2117.8,413.5,5.1216,75.0,HOLD,1.0,0,"Opportunity score 75, ROAS 5.12x — no decisive signal. Weather=RAIN_ACTIVE. Maintain current budget."
2026-06-23,MUMBAI,Maharashtra,Monsoon,Pawveralls Suspender Boots,TH-383-SUSPENDER-17JUNE,Urban Pet Parents,5,4913.56,3006.61,1.6343,74.81,HOLD,1.0,0,"Opportunity score 75, ROAS 1.63x — no decisive signal. Maintain current budget."
2026-06-23,West Delhi,Delhi,All Seasons,DuckDash Treat Toy,TH-385-DUCKTOY-16JUNE-DOG,Urban Pet Parents,3,1947.46,1362.1,1.4297,74.58,HOLD,1.0,1,"Opportunity score 75, ROAS 1.43x — no decisive signal. Maintain current budget."
2026-06-23,Thane,Maharashtra,Monsoon,Pawveralls Suspender Boots,TH-383-SUSPENDER-17JUNE,Urban Pet Parents,12,6353.4,3986.22,1.5938001,74.56,HOLD,1.0,0,"Opportunity score 75, ROAS 1.59x — no decisive signal. Maintain current budget."
2026-06-23,Mumbai,Maharashtra,All Seasons,DuckDash Treat Toy,TH-385-DUCKTOY-16JUNE-DOG,ICP Pet Parents,11,1100.85,491.18,2.2412,74.45,HOLD,1.0,0,"Opportunity score 74, ROAS 2.24x — no decisive signal. Maintain current budget."
2026-06-23,Rangareddy,Telangana,Monsoon,Pawveralls Suspender Boots,TH-383-SUSPENDER-20JUNE,Broad Advantage+,2,2117.8,495.63,4.2729,74.36,HOLD,1.0,1,"Opportunity score 74, ROAS 4.27x — no decisive signal. Weather=UNKNOWN. Maintain current budget."
2026-06-23,BANGALORE,Karnataka,Monsoon,Pawveralls Suspender Boots,TH-383-SUSPENDER-20JUNE,Broad Advantage+,2,2117.8,495.63,4.2729,74.36,HOLD,1.0,1,"Opportunity score 74, ROAS 4.27x — no decisive signal. Weather=UNKNOWN. Maintain current budget."
2026-06-23,Khorda,Odisha,Monsoon,Pawveralls Suspender Boots,TH-383-SUSPENDER,Broad Advantage+,3,3134.75,1393.36,2.2498,74.25,HOLD,1.0,1,"Opportunity score 74, ROAS 2.25x — no decisive signal. Weather=UNKNOWN. Maintain current budget."
2026-06-23,Hyderabad,Telangana,Monsoon,Pawveralls Suspender Boots,TH-383-SUSPENDER-17JUNE,Urban Pet Parents,3,2117.8,1382.42,1.5320001,74.19,HOLD,1.0,0,"Opportunity score 74, ROAS 1.53x — no decisive signal. Maintain current budget."
2026-06-23,Pune,Maharashtra,All Seasons,DuckDash Treat Toy,TH-385-DUCKTOY-16JUNE-CAT,Cat Lover,3,1100.85,793.34,1.3876,73.94,HOLD,1.0,0,"Opportunity score 74, ROAS 1.39x — no decisive signal. Weather=RAIN_ACTIVE. Maintain current budget."
2026-06-23,Hyderabad,Telangana,Monsoon,Pawveralls Suspender Boots,TH-383-SUSPENDER-17JUNE,Urban Pet Parents,3,2117.8,1382.42,1.5320001,73.91,HOLD,1.0,0,"Opportunity score 74, ROAS 1.53x — no decisive signal. Weather=RAIN_EMERGING. Maintain current budget."
2026-06-23,South 24 Parganas,West Bengal,Monsoon,Pawveralls Suspender Boots,TH-383-SUSPENDER,Broad Advantage+,3,3219.49,1492.65,2.1569,73.78,HOLD,1.0,1,"Opportunity score 74, ROAS 2.16x — no decisive signal. Weather=UNKNOWN. Maintain current budget."
2026-06-23,Pune,Maharashtra,Monsoon,Rover Raincoat,TH-372-ROVERAINCOAT-10JUNE,ICP Pet Parents,2,1694.07,621.51,2.7257,73.63,HOLD,1.0,0,"Opportunity score 74, ROAS 2.73x — no decisive signal. Weather=RAIN_ACTIVE. Maintain current budget."
2026-06-23,Mumbai,Maharashtra,All Seasons,DuckDash Treat Toy,TH-385-DUCKTOY-16JUNE-CAT,Cat Lover,11,2539.83,2092.01,1.2141,73.07,HOLD,1.0,0,"Opportunity score 73, ROAS 1.21x — no decisive signal. Weather=RAIN_ACTIVE. Maintain current budget."
2026-06-23,Mumbai,Maharashtra,Monsoon,WildTrail Boots,TH-068-WILD-16JUNE,ICP Pet Parents,4,2117.79,3526.55,0.6005,73.0,HOLD,1.0,0,"Opportunity score 73, ROAS 0.60x — no decisive signal. Weather=RAIN_ACTIVE. Maintain current budget."
2026-06-23,Mumbai,Maharashtra,Monsoon,WildTrail Boots,TH-383-SUSPENDER-17JUNE,Urban Pet Parents,4,1694.07,1286.04,1.3173,72.9,HOLD,1.0,0,"Opportunity score 73, ROAS 1.32x — no decisive signal. Maintain current budget."
2026-06-23,Thane,Maharashtra,All Seasons,DuckDash Treat Toy,TH-385-DUCKTOY-16JUNE-DOG,ICP Pet Parents,3,846.61,431.7,1.9611,72.77,HOLD,1.0,0,"Opportunity score 73, ROAS 1.96x — no decisive signal. Maintain current budget."
2026-06-23,Gurgaon,Haryana,All Seasons,DuckDash Treat Toy,TH-385-DUCKTOY-16JUNE-CAT,Cat Lover,6,2794.08,2479.55,1.1268001,72.76,HOLD,1.0,1,"Opportunity score 73, ROAS 1.13x — no decisive signal. Maintain current budget."
2026-06-23,Bengaluru Rural,Karnataka,Monsoon,Paw Cleanser 500ml,TH-198-UFOBALL-01JUNE,ICP Pet Parents,1,2117.8,487.08,4.348,72.75,HOLD,1.0,1,"Opportunity score 73, ROAS 4.35x — no decisive signal. Maintain current budget."
2026-06-23,Anand,Gujarat,All Seasons,BlueWave Pool,TH-383-SUSPENDER-20JUNE,Broad Advantage+,1,2402.85,308.41,7.7911,72.67,HOLD,1.0,1,"Opportunity score 73, ROAS 7.79x — no decisive signal. Maintain current budget."
2026-06-23,Nagpur,Maharashtra,Monsoon,Pawveralls Suspender Boots,TH-383-SUSPENDER-20JUNE,Broad Advantage+,1,2117.8,495.63,4.2729,72.61,HOLD,1.0,1,"Opportunity score 73, ROAS 4.27x — no decisive signal. Weather=RAIN_EMERGING. Maintain current budget."
2026-06-23,South Delhi,Delhi,All Seasons,DuckDash Treat Toy,TH-385-DUCKTOY-16JUNE-DOG,Urban Pet Parents,4,3640.7,3395.73,1.0721,72.43,HOLD,1.0,1,"Opportunity score 72, ROAS 1.07x — no decisive signal. Maintain current budget."
2026-06-23,Thrissur,Kerala,Monsoon,Pawveralls Suspender Boots,TH-383-SUSPENDER-20JUNE,Broad Advantage+,1,2117.8,495.63,4.2729,72.3,HOLD,1.0,1,"Opportunity score 72, ROAS 4.27x — no decisive signal. Maintain current budget."
2026-06-23,Nagpur,Maharashtra,Monsoon,Pawveralls Suspender Boots,TH-383-SUSPENDER-20JUNE,Broad Advantage+,1,2117.8,495.63,4.2729,72.3,HOLD,1.0,1,"Opportunity score 72, ROAS 4.27x — no decisive signal. Maintain current budget."
2026-06-23,Miraroad,Maharashtra,Monsoon,Pawveralls Suspender Boots,TH-383-SUSPENDER-20JUNE,Broad Advantage+,1,2117.8,495.63,4.2729,72.3,HOLD,1.0,1,"Opportunity score 72, ROAS 4.27x — no decisive signal. Maintain current budget."
2026-06-23,Lucknow,Uttar Pradesh,Monsoon,Pawveralls Suspender Boots,TH-383-SUSPENDER-20JUNE,Broad Advantage+,1,2117.8,495.63,4.2729,72.3,HOLD,1.0,1,"Opportunity score 72, ROAS 4.27x — no decisive signal. Maintain current budget."
2026-06-23,KOTA,Rajasthan,Monsoon,Pawveralls Suspender Boots,TH-383-SUSPENDER-20JUNE,Broad Advantage+,1,2117.8,495.63,4.2729,72.3,HOLD,1.0,1,"Opportunity score 72, ROAS 4.27x — no decisive signal. Maintain current budget."
2026-06-23,Jabalpur,Madhya Pradesh,Monsoon,Pawveralls Suspender Boots,TH-383-SUSPENDER-20JUNE,Broad Advantage+,1,2117.8,495.63,4.2729,72.3,HOLD,1.0,1,"Opportunity score 72, ROAS 4.27x — no decisive signal. Maintain current budget."
2026-06-23,Chamba,Himachal Pradesh,Monsoon,Pawveralls Suspender Boots,TH-383-SUSPENDER-20JUNE,Broad Advantage+,1,2117.8,495.63,4.2729,72.3,HOLD,1.0,1,"Opportunity score 72, ROAS 4.27x — no decisive signal. Maintain current budget."
2026-06-23,BHUBANESHWAR,Odisha,Monsoon,Pawveralls Suspender Boots,TH-383-SUSPENDER-20JUNE,Broad Advantage+,1,2117.8,495.63,4.2729,72.3,HOLD,1.0,1,"Opportunity score 72, ROAS 4.27x — no decisive signal. Maintain current budget."
2026-06-23,Akola,Maharashtra,Monsoon,Pawveralls Suspender Boots,TH-383-SUSPENDER-20JUNE,Broad Advantage+,1,2117.8,495.63,4.2729,72.3,HOLD,1.0,1,"Opportunity score 72, ROAS 4.27x — no decisive signal. Maintain current budget."
2026-06-23,Bengaluru,Karnataka,All Seasons,DuckDash Treat Toy,TH-385-DUCKTOY-16JUNE-DOG,Urban Pet Parents,8,2794.07,2747.58,1.0169,72.1,HOLD,1.0,1,"Opportunity score 72, ROAS 1.02x — no decisive signal. Maintain current budget."
2026-06-23,Ahmedabad,Gujarat,All Seasons,BlueWave Pool,TH-383-SUSPENDER-20JUNE,Broad Advantage+,1,2422.33,495.63,4.8874,71.99,HOLD,1.0,1,"Opportunity score 72, ROAS 4.89x — no decisive signal. Maintain current budget."
2026-06-23,MUMBAI,Maharashtra,All Seasons,DuckDash Treat Toy,TH-385-DUCKTOY-16JUNE-CAT,Cat Lover,3,2794.07,2889.3,0.967,71.84,HOLD,1.0,0,"Opportunity score 72, ROAS 0.97x — no decisive signal. Weather=RAIN_ACTIVE. Maintain current budget."
2026-06-23,K V Rangareddy,Telangana,Monsoon,Pawveralls Suspender Boots,TH-012-SNUGBOO-19JUN,Urban Pet Parent,2,2117.8,941.22,2.2501,71.83,HOLD,1.0,1,"Opportunity score 72, ROAS 2.25x — no decisive signal. Maintain current budget."
2026-06-23,Mumbai Subueban,Maharashtra,All Seasons,DuckDash Treat Toy,TH-385-DUCKTOY-16JUNE-CAT,Cat Lover,5,2794.05,2889.3,0.967,71.8,HOLD,1.0,1,"Opportunity score 72, ROAS 0.97x — no decisive signal. Maintain current budget."
2026-06-23,Gurgaon,Haryana,All Seasons,DuckDash Treat Toy,TH-385-DUCKTOY-16JUNE-DOG,Urban Pet Parents,6,2794.07,2896.31,0.9647,71.79,HOLD,1.0,1,"Opportunity score 72, ROAS 0.96x — no decisive signal. Maintain current budget."
2026-06-23,Kolkata,West Bengal,All Seasons,DuckDash Treat Toy,TH-385-DUCKTOY-16JUNE-DOG,Urban Pet Parents,3,2201.7,1296.3,1.6984,71.74,HOLD,1.0,0,"Opportunity score 72, ROAS 1.70x — no decisive signal. Weather=RAIN_EMERGING. Maintain current budget."
2026-06-23,Thane,Maharashtra,Monsoon,WildTrail Boots,TH-068-WILD-16JUNE,Urban Pet Parent,1,2117.8,413.5,5.1216,71.67,HOLD,1.0,0,"Opportunity score 72, ROAS 5.12x — no decisive signal. Maintain current budget."
2026-06-23,Gurugram,Haryana,Monsoon,Pawveralls Suspender Boots,TH-012-SNUGBOO-19JUN,ICP Pet Parents,1,2117.8,314.52,6.7334,71.67,HOLD,1.0,0,"Opportunity score 72, ROAS 6.73x — no decisive signal. Maintain current budget."
2026-06-23,Chennai,Tamil Nadu,Monsoon,Pawveralls Suspender Boots,TH-012-SNUGBOO-19JUN,Urban Pet Parent,1,4235.59,444.91,9.5201,71.67,HOLD,1.0,0,"Opportunity score 72, ROAS 9.52x — no decisive signal. Maintain current budget."
2026-06-23,Chennai,Tamil Nadu,Monsoon,Pawveralls Suspender Boots,TH-012-SNUGBOO-19JUN,Urban Pet Parent,1,4235.59,444.91,9.5201,71.25,HOLD,1.0,0,"Opportunity score 71, ROAS 9.52x — no decisive signal. Weather=RAIN_EMERGING. Maintain current budget."
2026-06-23,ANAND,Gujarat,Monsoon,WildTrail Boots,TH-068-WILD-16JUNE,Urban Pet Parent,1,1694.07,413.5,4.0969,71.25,HOLD,1.0,1,"Opportunity score 71, ROAS 4.10x — no decisive signal. Maintain current budget."
2026-06-23,Kolkata,West Bengal,All Seasons,DuckDash Treat Toy,TH-385-DUCKTOY-16JUNE-DOG,Urban Pet Parents,3,2201.7,1296.3,1.6984,71.19,HOLD,1.0,0,"Opportunity score 71, ROAS 1.70x — no decisive signal. Maintain current budget."
2026-06-23,Ahmedabad,Gujarat,Monsoon,Pawveralls Suspender Boots,TH-383-SUSPENDER-20JUNE,Broad Advantage+,1,2018.49,495.63,4.0726,71.1,HOLD,1.0,1,"Opportunity score 71, ROAS 4.07x — no decisive signal. Maintain current budget."
2026-06-23,Bengaluru,Karnataka,All Seasons,DuckDash Treat Toy,TH-385-DUCKTOY-16JUNE-CAT,Cat Lover,8,2794.07,3379.49,0.8268,70.96,HOLD,1.0,1,"Opportunity score 71, ROAS 0.83x — no decisive signal. Maintain current budget."
2026-06-23,West Delhi,Delhi,All Seasons,DuckDash Treat Toy,TH-385-DUCKTOY-16JUNE-CAT,Cat Lover,3,846.62,1059.08,0.7994,70.8,HOLD,1.0,1,"Opportunity score 71, ROAS 0.80x — no decisive signal. Maintain current budget."
2026-06-23,Pune,Maharashtra,All Seasons,DuckDash Treat Toy,TH-385-DUCKTOY-16JUNE-DOG,ICP Pet Parents,3,846.61,1140.18,0.7425,70.71,HOLD,1.0,0,"Opportunity score 71, ROAS 0.74x — no decisive signal. Weather=RAIN_ACTIVE. Maintain current budget."
2026-06-23,HYDERABAD,Telangana,Monsoon,Pawveralls Suspender Boots,TH-383-SUSPENDER,Broad Advantage+,2,2795.76,1492.65,1.873,70.62,HOLD,1.0,1,"Opportunity score 71, ROAS 1.87x — no decisive signal. Weather=RAIN_EMERGING. Maintain current budget."
2026-06-23,Mumbai Subueban,Maharashtra,All Seasons,PocketPup Tote,TH-054-TOTE-19JUNE,ICP Pet Parent,2,1270.34,341.83,3.7163,70.58,HOLD,1.0,1,"Opportunity score 71, ROAS 3.72x — no decisive signal. Weather=RAIN_ACTIVE. Maintain current budget."
2026-06-23,South West Delhi,Delhi,All Seasons,DuckDash Treat Toy,TH-385-DUCKTOY-16JUNE-CAT,Cat Lover,3,1947.44,2586.15,0.753,70.52,HOLD,1.0,1,"Opportunity score 71, ROAS 0.75x — no decisive signal. Maintain current budget."
2026-06-23,South Delhi,Delhi,All Seasons,BlueWave Pool,TH-367-BLUEPOOL-20JUNE-ADV+,Urban Pet Parent,2,2541.52,624.0,4.0729,70.36,HOLD,1.0,1,"Opportunity score 70, ROAS 4.07x — no decisive signal. Weather=UNKNOWN. Maintain current budget."
2026-06-23,BANGALORE,Karnataka,Monsoon,Pawveralls Suspender Boots,TH-012-SNUGBOO-19JUN,Urban Pet Parent,2,2117.8,749.91,2.8241,70.28,HOLD,1.0,0,"Opportunity score 70, ROAS 2.82x — no decisive signal. Maintain current budget."
2026-06-23,Ghaziabad,Uttar Pradesh,Monsoon,Pawveralls Suspender Boots,TH-012-SNUGBOO-19JUN,Urban Pet Parent,1,2117.8,444.91,4.7601,70.23,HOLD,1.0,0,"Opportunity score 70, ROAS 4.76x — no decisive signal. Maintain current budget."
2026-06-23,Khorda,Odisha,Monsoon,Pawveralls Suspender Boots,TH-383-SUSPENDER-20JUNE,Broad Advantage+,3,0.0,495.63,0.0,70.0,HOLD,1.0,1,"Opportunity score 70, ROAS 0.00x — no decisive signal. Maintain current budget."
2026-06-23,Bengaluru,Karnataka,Monsoon,Pawveralls Suspender Boots,TH-383-SUSPENDER-20JUNE,Broad Advantage+,4,4235.6,2585.59,1.6382,69.76,HOLD,1.0,1,"Opportunity score 70, ROAS 1.64x — no decisive signal. Weather=UNKNOWN. Maintain current budget."
2026-06-23,Pune,Maharashtra,Monsoon,Rover Raincoat,TH-372-ROVERAINCOAT-10JUNE,ICP Pet Parents,2,1694.07,621.51,2.7257,69.69,HOLD,1.0,0,"Opportunity score 70, ROAS 2.73x — no decisive signal. Maintain current budget."
2026-06-23,HYDERABAD,Telangana,Monsoon,Pawveralls Suspender Boots,TH-383-SUSPENDER,Broad Advantage+,2,2795.76,1492.65,1.873,69.57,HOLD,1.0,1,"Opportunity score 70, ROAS 1.87x — no decisive signal. Maintain current budget."
2026-06-23,Pune,Maharashtra,All Seasons,DuckDash Treat Toy,TH-385-DUCKTOY-16JUNE-CAT,Cat Lover,3,1100.85,793.34,1.3876,69.33,HOLD,1.0,0,"Opportunity score 69, ROAS 1.39x — no decisive signal. Maintain current budget."
2026-06-23,Gurugram,Haryana,All Seasons,DuckDash Treat Toy,TH-385-DUCKTOY-16JUNE-CAT,Cat Lover,4,846.61,649.34,1.3038,68.82,HOLD,1.0,0,"Opportunity score 69, ROAS 1.30x — no decisive signal. Maintain current budget."
2026-06-23,Mumbai,Maharashtra,Monsoon,StormGuard Jacket,TH-068-WILD-16JUNE,ICP Pet Parents,3,2117.8,3526.55,0.6005,68.72,HOLD,1.0,0,"Opportunity score 69, ROAS 0.60x — no decisive signal. Weather=RAIN_ACTIVE. Maintain current budget."
2026-06-23,South West Delhi,Delhi,,FetchNova UFO Ball | Bounce-Spin Toy | Smart Play for Active Dogs,TH-198-UFOBALL-01JUNE,Urban Pet Parent,3,846.62,239.29,3.5381,68.69,HOLD,1.0,1,"Opportunity score 69, ROAS 3.54x — no decisive signal. Weather=UNKNOWN. Maintain current budget."
2026-06-23,Mumbai,Maharashtra,Monsoon,WildTrail Boots,TH-068-WILD-16JUNE,ICP Pet Parents,4,2117.79,3526.55,0.6005,68.6,HOLD,1.0,0,"Opportunity score 69, ROAS 0.60x — no decisive signal. Maintain current budget."
2026-06-23,South West Delhi,Delhi,All Seasons,DuckDash Treat Toy,TH-385-DUCKTOY-16JUNE-DOG,Urban Pet Parents,3,1100.84,648.15,1.6984,68.49,HOLD,1.0,1,"Opportunity score 68, ROAS 1.70x — no decisive signal. Weather=UNKNOWN. Maintain current budget."
2026-06-23,Bardhaman,West Bengal,Monsoon,Pawveralls Suspender Boots,TH-383-SUSPENDER,Broad Advantage+,1,5422.03,1492.65,3.6325,68.46,HOLD,1.0,1,"Opportunity score 68, ROAS 3.63x — no decisive signal. Maintain current budget."
2026-06-23,Gurgaon,Haryana,Monsoon,Pawveralls Suspender Boots,TH-383-SUSPENDER-17JUNE,Urban Pet Parents,2,4235.59,1382.42,3.0639,68.32,HOLD,1.0,1,"Opportunity score 68, ROAS 3.06x — no decisive signal. Weather=UNKNOWN. Maintain current budget."
2026-06-23,Mumbai,Maharashtra,All Seasons,DuckDash Treat Toy,TH-385-DUCKTOY-16JUNE-CAT,Cat Lover,11,2539.83,2092.01,1.2141,68.28,HOLD,1.0,0,"Opportunity score 68, ROAS 1.21x — no decisive signal. Maintain current budget."
2026-06-23,Rajkot,Gujarat,Monsoon,WildTrail Boots,TH-383-SUSPENDER-20JUNE,Broad Advantage+,1,1694.07,308.41,5.4929,68.0,HOLD,1.0,1,"Opportunity score 68, ROAS 5.49x — no decisive signal. Weather=UNKNOWN. Maintain current budget."
2026-06-23,Rajkot,Gujarat,Monsoon,Pawveralls Suspender Boots,TH-383-SUSPENDER-20JUNE,Broad Advantage+,1,2117.79,308.41,6.8668,68.0,HOLD,1.0,1,"Opportunity score 68, ROAS 6.87x — no decisive signal. Weather=UNKNOWN. Maintain current budget."
2026-06-23,Margao,Goa,Monsoon,WildTrail Boots,TH-012-SNUGBOO-19JUN,ICP Pet Parents,1,1694.07,314.52,5.3862,68.0,HOLD,1.0,1,"Opportunity score 68, ROAS 5.39x — no decisive signal. Weather=UNKNOWN. Maintain current budget."
2026-06-23,Kamrup,Assam,Monsoon,Pawveralls Suspender Boots,TH-012-SNUGBOO-19JUN,ICP Pet Parents,1,2026.99,314.52,6.4447002,68.0,HOLD,1.0,1,"Opportunity score 68, ROAS 6.44x — no decisive signal. Weather=UNKNOWN. Maintain current budget."
2026-06-23,Guntur,Andhra Pradesh,Monsoon,Pawveralls Suspender Boots,TH-383-SUSPENDER-20JUNE,Broad Advantage+,1,2117.8,308.41,6.8668,68.0,HOLD,1.0,1,"Opportunity score 68, ROAS 6.87x — no decisive signal. Weather=UNKNOWN. Maintain current budget."
2026-06-23,Dist. Thane,Maharashtra,Monsoon,Pawveralls Suspender Boots,TH-383-SUSPENDER-20JUNE,Broad Advantage+,1,4235.59,495.63,8.5459,68.0,HOLD,1.0,1,"Opportunity score 68, ROAS 8.55x — no decisive signal. Weather=UNKNOWN. Maintain current budget."
2026-06-23,Dharwad,Karnataka,Monsoon,Pawveralls Suspender Boots,TH-012-SNUGBOO-19JUN,ICP Pet Parents,1,4235.59,314.52,13.4668,68.0,HOLD,1.0,1,"Opportunity score 68, ROAS 13.47x — no decisive signal. Weather=UNKNOWN. Maintain current budget."
2026-06-23,Darjeeling,West Bengal,Monsoon,Pawveralls Suspender Boots,TH-383-SUSPENDER-20JUNE,Broad Advantage+,1,2117.8,308.41,6.8668,68.0,HOLD,1.0,1,"Opportunity score 68, ROAS 6.87x — no decisive signal. Weather=UNKNOWN. Maintain current budget."
2026-06-23,Anand,Gujarat,Monsoon,Pawveralls Suspender Boots,TH-383-SUSPENDER-20JUNE,Broad Advantage+,1,2002.23,308.41,6.4921,68.0,HOLD,1.0,1,"Opportunity score 68, ROAS 6.49x — no decisive signal. Weather=UNKNOWN. Maintain current budget."
2026-06-23,Kolkata,West Bengal,All Seasons,PoopScoop Buddy,TH-383-SUSPENDER-20JUNE,Broad Advantage+,1,1216.26,308.41,3.9436,67.97,HOLD,1.0,1,"Opportunity score 68, ROAS 3.94x — no decisive signal. Weather=RAIN_EMERGING. Maintain current budget."
2026-06-23,Bangalore,Karnataka,Monsoon,Pawveralls Suspender Boots,TH-383-SUSPENDER,Broad Advantage+,4,2541.53,2593.29,0.98,67.9,HOLD,1.0,1,"Opportunity score 68, ROAS 0.98x — no decisive signal. Weather=UNKNOWN. Maintain current budget."
2026-06-23,Navsari,Gujarat,Monsoon,Pawveralls Suspender Boots,TH-383-SUSPENDER-17JUNE,Urban Pet Parents,1,2117.8,598.69,3.5374,67.89,HOLD,1.0,1,"Opportunity score 68, ROAS 3.54x — no decisive signal. Maintain current budget."
2026-06-23,Karnal,Haryana,Monsoon,Pawveralls Suspender Boots,TH-383-SUSPENDER-17JUNE,Urban Pet Parents,1,2117.8,598.69,3.5374,67.89,HOLD,1.0,1,"Opportunity score 68, ROAS 3.54x — no decisive signal. Maintain current budget."
2026-06-23,Howrha,West Bengal,Monsoon,Pawveralls Suspender Boots,TH-383-SUSPENDER-17JUNE,Urban Pet Parents,1,2117.8,598.69,3.5374,67.89,HOLD,1.0,1,"Opportunity score 68, ROAS 3.54x — no decisive signal. Maintain current budget."
2026-06-23,CHIPLUN,Maharashtra,Monsoon,Pawveralls Suspender Boots,TH-383-SUSPENDER-17JUNE,Urban Pet Parents,1,2117.8,598.69,3.5374,67.89,HOLD,1.0,1,"Opportunity score 68, ROAS 3.54x — no decisive signal. Maintain current budget."
2026-06-23,Rangareddy,Telangana,Monsoon,Pawveralls Suspender Boots,TH-383-SUSPENDER-17JUNE,Urban Pet Parents,2,2117.8,1382.42,1.5320001,67.53,HOLD,1.0,1,"Opportunity score 68, ROAS 1.53x — no decisive signal. Maintain current budget."
2026-06-23,Kolkata,West Bengal,All Seasons,DuckDash Treat Toy,TH-385-DUCKTOY-16JUNE-CAT,Cat Lover,3,846.61,1059.08,0.7994,67.25,HOLD,1.0,0,"Opportunity score 67, ROAS 0.80x — no decisive signal. Weather=RAIN_EMERGING. Maintain current budget."
2026-06-23,Vadodara,Gujarat,Monsoon,Pawveralls Suspender Boots,TH-383-SUSPENDER-17JUNE,Urban Pet Parents,2,2117.8,1430.38,1.4806,67.22,HOLD,1.0,1,"Opportunity score 67, ROAS 1.48x — no decisive signal. Maintain current budget."
2026-06-23,West Delhi,Delhi,All Seasons,DuckDash Treat Toy,TH-385-DUCKTOY-16JUNE-DOG,Urban Pet Parents,3,1947.46,1362.1,1.4297,67.15,HOLD,1.0,1,"Opportunity score 67, ROAS 1.43x — no decisive signal. Weather=UNKNOWN. Maintain current budget."
2026-06-23,Gurugram,Haryana,All Seasons,DuckDash Treat Toy,TH-385-DUCKTOY-16JUNE-DOG,Urban Pet Parents,4,2539.83,2593.45,0.9793,66.88,HOLD,1.0,0,"Opportunity score 67, ROAS 0.98x — no decisive signal. Maintain current budget."
2026-06-23,Indore,Madhya Pradesh,All Seasons,DuckDash Treat Toy,TH-385-DUCKTOY-16JUNE-DOG,ICP Pet Parents,2,846.61,491.18,1.7235999,66.87,HOLD,1.0,1,"Opportunity score 67, ROAS 1.72x — no decisive signal. Weather=RAIN_EMERGING. Maintain current budget."
2026-06-23,MUMBAI,Maharashtra,All Seasons,DuckDash Treat Toy,TH-385-DUCKTOY-16JUNE-CAT,Cat Lover,3,2794.07,2889.3,0.967,66.8,HOLD,1.0,0,"Opportunity score 67, ROAS 0.97x — no decisive signal. Maintain current budget."
2026-06-23,Mumbai Subueban,Maharashtra,All Seasons,PocketPup Tote,TH-054-TOTE-19JUNE,ICP Pet Parent,2,1270.34,341.83,3.7163,66.63,HOLD,1.0,1,"Opportunity score 67, ROAS 3.72x — no decisive signal. Maintain current budget."
2026-06-23,Kolkata,West Bengal,All Seasons,PoopScoop Buddy,TH-383-SUSPENDER-20JUNE,Broad Advantage+,1,1216.26,308.41,3.9436,66.33,HOLD,1.0,1,"Opportunity score 66, ROAS 3.94x — no decisive signal. Maintain current budget."
2026-06-23,Mumbai,Maharashtra,Monsoon,Paw Balm - Triple Butter,TH-336-PAWTECH-11JUNE-CR,Broad Advantage+,2,406.1,1576.85,0.2575,66.29,HOLD,1.0,1,"Opportunity score 66, ROAS 0.26x — no decisive signal. Weather=RAIN_ACTIVE. Maintain current budget."
2026-06-23,Bhopal,Madhya Pradesh,Monsoon,Pawveralls Suspender Boots,TH-383-SUSPENDER-17JUNE,Urban Pet Parents,1,4235.59,1430.38,2.9612,66.06,HOLD,1.0,1,"Opportunity score 66, ROAS 2.96x — no decisive signal. Weather=RAIN_EMERGING. Maintain current budget."
2026-06-23,Ahmedabad,Gujarat,All Seasons,BlueWave Pool,TH-383-SUSPENDER-20JUNE,Broad Advantage+,1,2422.33,495.63,4.8874,65.94,HOLD,1.0,1,"Opportunity score 66, ROAS 4.89x — no decisive signal. Weather=HEAT_HIGH. Maintain current budget."
2026-06-23,Lucknow,Uttar Pradesh,Monsoon,Pawveralls Suspender Boots,TH-383-SUSPENDER-20JUNE,Broad Advantage+,1,2117.8,495.63,4.2729,65.86,HOLD,1.0,1,"Opportunity score 66, ROAS 4.27x — no decisive signal. Weather=HEAT_HIGH. Maintain current budget."
2026-06-23,Kolkata,West Bengal,All Seasons,DuckDash Treat Toy,TH-385-DUCKTOY-16JUNE-CAT,Cat Lover,3,846.61,1059.08,0.7994,65.8,HOLD,1.0,0,"Opportunity score 66, ROAS 0.80x — no decisive signal. Maintain current budget."
2026-06-23,Gurgaon,Haryana,All Seasons,DuckDash Treat Toy,TH-385-DUCKTOY-16JUNE-CAT,Cat Lover,6,2794.08,2479.55,1.1268001,65.63,HOLD,1.0,1,"Opportunity score 66, ROAS 1.13x — no decisive signal. Weather=UNKNOWN. Maintain current budget."
2026-06-23,Pune,Maharashtra,All Seasons,DuckDash Treat Toy,TH-385-DUCKTOY-16JUNE-DOG,ICP Pet Parents,3,846.61,1140.18,0.7425,65.46,HOLD,1.0,0,"Opportunity score 65, ROAS 0.74x — no decisive signal. Maintain current budget."
2026-06-23,South Delhi,Delhi,All Seasons,DuckDash Treat Toy,TH-385-DUCKTOY-16JUNE-DOG,Urban Pet Parents,4,3640.7,3395.73,1.0721,65.36,HOLD,1.0,1,"Opportunity score 65, ROAS 1.07x — no decisive signal. Weather=UNKNOWN. Maintain current budget."
2026-06-23,Bengaluru,Karnataka,All Seasons,DuckDash Treat Toy,TH-385-DUCKTOY-16JUNE-DOG,Urban Pet Parents,8,2794.07,2747.58,1.0169,65.08,HOLD,1.0,1,"Opportunity score 65, ROAS 1.02x — no decisive signal. Weather=UNKNOWN. Maintain current budget."
2026-06-23,Nanded,Maharashtra,All Seasons,TrimEase Paw Trimmer,TH-068-WILD-16JUNE,Urban Pet Parent,1,1153.02,343.56,3.3561,65.03,HOLD,1.0,1,"Opportunity score 65, ROAS 3.36x — no decisive signal. Weather=RAIN_EMERGING. Maintain current budget."
2026-06-23,Anand,Gujarat,All Seasons,BlueWave Pool,TH-383-SUSPENDER-20JUNE,Broad Advantage+,1,2402.85,308.41,7.7911,65.0,HOLD,1.0,1,"Opportunity score 65, ROAS 7.79x — no decisive signal. Weather=UNKNOWN. Maintain current budget."
2026-06-23,HYDERABAD,Telangana,Monsoon,Pawveralls Suspender Boots,TH-383-SUSPENDER-17JUNE,Urban Pet Parents,2,2117.8,1221.38,1.7339001,64.92,HOLD,1.0,0,"Opportunity score 65, ROAS 1.73x — no decisive signal. Weather=RAIN_EMERGING. Maintain current budget."
2026-06-23,Mumbai Suburban,Maharashtra,Monsoon,WildTrail Boots,TH-068-WILD-18JUNE-ADV+,Broad Advantage+,1,1694.07,854.59,1.9823,64.91,HOLD,1.0,1,"Opportunity score 65, ROAS 1.98x — no decisive signal. Weather=RAIN_ACTIVE. Maintain current budget."
2026-06-23,Ahmedabad,Gujarat,Monsoon,Pawveralls Suspender Boots,TH-383-SUSPENDER-20JUNE,Broad Advantage+,1,2018.49,495.63,4.0726,64.86,HOLD,1.0,1,"Opportunity score 65, ROAS 4.07x — no decisive signal. Weather=HEAT_HIGH. Maintain current budget."
2026-06-23,Gurgaon,Haryana,All Seasons,DuckDash Treat Toy,TH-385-DUCKTOY-16JUNE-DOG,Urban Pet Parents,6,2794.07,2896.31,0.9647,64.82,HOLD,1.0,1,"Opportunity score 65, ROAS 0.96x — no decisive signal. Weather=UNKNOWN. Maintain current budget."
2026-06-23,Bengaluru Rural,Karnataka,Monsoon,Paw Cleanser 500ml,TH-198-UFOBALL-01JUNE,ICP Pet Parents,1,2117.8,487.08,4.348,64.74,HOLD,1.0,1,"Opportunity score 65, ROAS 4.35x — no decisive signal. Weather=UNKNOWN. Maintain current budget."
2026-06-23,Indore,Madhya Pradesh,All Seasons,DuckDash Treat Toy,TH-385-DUCKTOY-16JUNE-DOG,ICP Pet Parents,2,846.61,491.18,1.7235999,64.68,HOLD,1.0,1,"Opportunity score 65, ROAS 1.72x — no decisive signal. Maintain current budget."
2026-06-23,Bhopal,Madhya Pradesh,Monsoon,Pawveralls Suspender Boots,TH-383-SUSPENDER-17JUNE,Urban Pet Parents,1,4235.59,1430.38,2.9612,64.43,HOLD,1.0,1,"Opportunity score 64, ROAS 2.96x — no decisive signal. Maintain current budget."
2026-06-23,Thrissur,Kerala,Monsoon,Pawveralls Suspender Boots,TH-383-SUSPENDER-20JUNE,Broad Advantage+,1,2117.8,495.63,4.2729,64.36,HOLD,1.0,1,"Opportunity score 64, ROAS 4.27x — no decisive signal. Weather=UNKNOWN. Maintain current budget."
2026-06-23,Miraroad,Maharashtra,Monsoon,Pawveralls Suspender Boots,TH-383-SUSPENDER-20JUNE,Broad Advantage+,1,2117.8,495.63,4.2729,64.36,HOLD,1.0,1,"Opportunity score 64, ROAS 4.27x — no decisive signal. Weather=UNKNOWN. Maintain current budget."
2026-06-23,KOTA,Rajasthan,Monsoon,Pawveralls Suspender Boots,TH-383-SUSPENDER-20JUNE,Broad Advantage+,1,2117.8,495.63,4.2729,64.36,HOLD,1.0,1,"Opportunity score 64, ROAS 4.27x — no decisive signal. Weather=UNKNOWN. Maintain current budget."
2026-06-23,Jabalpur,Madhya Pradesh,Monsoon,Pawveralls Suspender Boots,TH-383-SUSPENDER-20JUNE,Broad Advantage+,1,2117.8,495.63,4.2729,64.36,HOLD,1.0,1,"Opportunity score 64, ROAS 4.27x — no decisive signal. Weather=UNKNOWN. Maintain current budget."
2026-06-23,Chamba,Himachal Pradesh,Monsoon,Pawveralls Suspender Boots,TH-383-SUSPENDER-20JUNE,Broad Advantage+,1,2117.8,495.63,4.2729,64.36,HOLD,1.0,1,"Opportunity score 64, ROAS 4.27x — no decisive signal. Weather=UNKNOWN. Maintain current budget."
2026-06-23,BHUBANESHWAR,Odisha,Monsoon,Pawveralls Suspender Boots,TH-383-SUSPENDER-20JUNE,Broad Advantage+,1,2117.8,495.63,4.2729,64.36,HOLD,1.0,1,"Opportunity score 64, ROAS 4.27x — no decisive signal. Weather=UNKNOWN. Maintain current budget."
2026-06-23,Akola,Maharashtra,Monsoon,Pawveralls Suspender Boots,TH-383-SUSPENDER-20JUNE,Broad Advantage+,1,2117.8,495.63,4.2729,64.36,HOLD,1.0,1,"Opportunity score 64, ROAS 4.27x — no decisive signal. Weather=UNKNOWN. Maintain current budget."
2026-06-23,Kolkata,West Bengal,Summer,SummerGuard Cooling Vest,TH-383-SUSPENDER-20JUNE,Broad Advantage+,1,5678.89,308.41,18.4134,64.25,HOLD,1.0,1,"Opportunity score 64, ROAS 18.41x — no decisive signal. Weather=RAIN_EMERGING. Maintain current budget."
2026-06-23,K V Rangareddy,Telangana,Monsoon,Pawveralls Suspender Boots,TH-012-SNUGBOO-19JUN,Urban Pet Parent,2,2117.8,941.22,2.2501,64.25,HOLD,1.0,1,"Opportunity score 64, ROAS 2.25x — no decisive signal. Weather=UNKNOWN. Maintain current budget."
2026-06-23,Bengaluru,Karnataka,All Seasons,DuckDash Treat Toy,TH-385-DUCKTOY-16JUNE-CAT,Cat Lover,8,2794.07,3379.49,0.8268,64.13,HOLD,1.0,1,"Opportunity score 64, ROAS 0.83x — no decisive signal. Weather=UNKNOWN. Maintain current budget."
2026-06-23,Pune,Maharashtra,All Seasons,PocketPup Tote,TH-054-TOTE-19JUNE,ICP Pet Parent,5,5081.36,3575.73,1.4211,64.11,HOLD,1.0,0,"Opportunity score 64, ROAS 1.42x — no decisive signal. Weather=RAIN_ACTIVE. Maintain current budget."
2026-06-23,West Delhi,Delhi,All Seasons,DuckDash Treat Toy,TH-385-DUCKTOY-16JUNE-CAT,Cat Lover,3,846.62,1059.08,0.7994,64.0,HOLD,1.0,1,"Opportunity score 64, ROAS 0.80x — no decisive signal. Weather=UNKNOWN. Maintain current budget."
2026-06-23,South West Delhi,Delhi,All Seasons,DuckDash Treat Toy,TH-385-DUCKTOY-16JUNE-CAT,Cat Lover,3,1947.44,2586.15,0.753,63.77,HOLD,1.0,1,"Opportunity score 64, ROAS 0.75x — no decisive signal. Weather=UNKNOWN. Maintain current budget."
2026-06-23,HYDERABAD,Telangana,Monsoon,Pawveralls Suspender Boots,TH-383-SUSPENDER-17JUNE,Urban Pet Parents,2,2117.8,1221.38,1.7339001,63.74,HOLD,1.0,0,"Opportunity score 64, ROAS 1.73x — no decisive signal. Maintain current budget."
2026-06-23,East Singhbhum,Jharkhand,Monsoon,Pawveralls Suspender Boots,TH-012-SNUGBOO-19JUN,Urban Pet Parent,1,2117.8,749.91,2.8241,63.61,HOLD,1.0,1,"Opportunity score 64, ROAS 2.82x — no decisive signal. Maintain current budget."
2026-06-23,Mumbai,Maharashtra,Monsoon,StormGuard Jacket,TH-068-WILD-16JUNE,ICP Pet Parents,3,2117.8,3526.55,0.6005,63.6,HOLD,1.0,0,"Opportunity score 64, ROAS 0.60x — no decisive signal. Maintain current budget."
2026-06-23,North 24 Parganas,West Bengal,Monsoon,Paw Cleanser 500ml,TH-336-PAWTECH-11JUNE-CR,Broad Advantage+,1,2541.53,1039.38,2.4452,63.48,HOLD,1.0,1,"Opportunity score 63, ROAS 2.45x — no decisive signal. Weather=RAIN_EMERGING. Maintain current budget."
2026-06-23,ANAND,Gujarat,Monsoon,WildTrail Boots,TH-068-WILD-16JUNE,Urban Pet Parent,1,1694.07,413.5,4.0969,63.48,HOLD,1.0,1,"Opportunity score 63, ROAS 4.10x — no decisive signal. Weather=UNKNOWN. Maintain current budget."
2026-06-23,Ghaziabad,Uttar Pradesh,Monsoon,Pawveralls Suspender Boots,TH-012-SNUGBOO-19JUN,Urban Pet Parent,1,2117.8,444.91,4.7601,63.3,HOLD,1.0,0,"Opportunity score 63, ROAS 4.76x — no decisive signal. Weather=HEAT_HIGH. Maintain current budget."
2026-06-23,Khorda,Odisha,Monsoon,Pawveralls Suspender Boots,TH-383-SUSPENDER-20JUNE,Broad Advantage+,3,0.0,495.63,0.0,63.0,HOLD,1.0,1,"Opportunity score 63, ROAS 0.00x — no decisive signal. Weather=UNKNOWN. Maintain current budget."
2026-06-23,Gurugram,Haryana,Monsoon,Pawveralls Suspender Boots,TH-012-SNUGBOO-19JUN,ICP Pet Parents,1,2117.8,314.52,6.7334,63.0,HOLD,1.0,0,"Opportunity score 63, ROAS 6.73x — no decisive signal. Weather=UNKNOWN. Maintain current budget."
2026-06-23,Visakhapatnam,Andhra Pradesh,Monsoon,WildTrail Boots,TH-068-WILD-18JUNE-ADV+,Broad Advantage+,1,2117.8,907.01,2.3349,62.92,HOLD,1.0,1,"Opportunity score 63, ROAS 2.33x — no decisive signal. Weather=RAIN_EMERGING. Maintain current budget."
2026-06-23,Nanded,Maharashtra,All Seasons,TrimEase Paw Trimmer,TH-068-WILD-16JUNE,Urban Pet Parent,1,1153.02,343.56,3.3561,62.8,HOLD,1.0,1,"Opportunity score 63, ROAS 3.36x — no decisive signal. Maintain current budget."
2026-06-23,Central Delhi,Delhi,,FetchNova UFO Ball | Bounce-Spin Toy | Smart Play for Active Dogs,TH-198-UFOBALL-01JUNE,ICP Pet Parents,3,846.62,580.11,1.4593999,62.76,HOLD,1.0,1,"Opportunity score 63, ROAS 1.46x — no decisive signal. Maintain current budget."
2026-06-23,Andheri East,Maharashtra,Monsoon,Pawveralls Suspender Boots,TH-336-PAWTECH-11JUNE-CR,Broad Advantage+,1,2711.02,1039.38,2.6083,62.32,HOLD,1.0,1,"Opportunity score 62, ROAS 2.61x — no decisive signal. Maintain current budget."
2026-06-23,Gurugram,Haryana,All Seasons,BlueWave Pool,TH-372-ROVERAINCOAT-10JUNE,ICP Pet Parents,1,2541.53,621.51,4.0893,62.2,HOLD,1.0,0,"Opportunity score 62, ROAS 4.09x — no decisive signal. Maintain current budget."
2026-06-23,BANGALORE,Karnataka,Monsoon,Pawveralls Suspender Boots,TH-012-SNUGBOO-19JUN,Urban Pet Parent,2,2117.8,749.91,2.8241,62.12,HOLD,1.0,0,"Opportunity score 62, ROAS 2.82x — no decisive signal. Weather=UNKNOWN. Maintain current budget."
2026-06-23,Vadodara,Gujarat,Monsoon,Pawveralls Suspender Boots,TH-383-SUSPENDER-17JUNE,Urban Pet Parents,2,2117.8,1430.38,1.4806,61.9,HOLD,1.0,1,"Opportunity score 62, ROAS 1.48x — no decisive signal. Weather=HEAT_HIGH. Maintain current budget."
2026-06-23,Mumbai,Maharashtra,Monsoon,TenderTrek Silicone Boots,DOG HARNESS-CTL-19JUNE,Urban Pet Parent,1,2541.53,1076.29,2.3614001,61.81,HOLD,1.0,0,"Opportunity score 62, ROAS 2.36x — no decisive signal. Weather=RAIN_ACTIVE. Maintain current budget."
2026-06-23,Hyderabad,Telangana,All Seasons,DuckDash Treat Toy,TH-385-DUCKTOY-22JUNE-CAT-CV2,Broad Advantage+,2,846.61,1254.02,0.6751,61.63,HOLD,1.0,1,"Opportunity score 62, ROAS 0.68x — no decisive signal. Weather=RAIN_EMERGING. Maintain current budget."
2026-06-23,West Delhi,Delhi,Monsoon,WildTrail Boots,TH-068-WILD-18JUNE-ADV+,Broad Advantage+,1,2117.8,854.59,2.4781,61.54,HOLD,1.0,1,"Opportunity score 62, ROAS 2.48x — no decisive signal. Maintain current budget."
2026-06-23,North Goa,Goa,Monsoon,Pawveralls Suspender Boots,TH-068-WILD-18JUNE-ADV+,Broad Advantage+,1,2117.8,854.59,2.4781,61.54,HOLD,1.0,1,"Opportunity score 62, ROAS 2.48x — no decisive signal. Maintain current budget."
2026-06-23,Gurugram,Haryana,All Seasons,DuckDash Treat Toy,TH-385-DUCKTOY-16JUNE-CAT,Cat Lover,4,846.61,649.34,1.3038,61.52,HOLD,1.0,0,"Opportunity score 62, ROAS 1.30x — no decisive signal. Weather=UNKNOWN. Maintain current budget."
2026-06-23,Bengaluru,Karnataka,Monsoon,Daily Pet Wipes,TH-054-TOTE-19JUNE,ICP Pet Parent,1,845.76,341.83,2.4742,61.51,HOLD,1.0,1,"Opportunity score 62, ROAS 2.47x — no decisive signal. Maintain current budget."
2026-06-23,Chennai,Tamil Nadu,,FetchNova UFO Ball | Bounce-Spin Toy | Smart Play for Active Dogs,TH-198-UFOBALL-01JUNE,ICP Pet Parents,4,1693.22,981.68,1.7248,61.45,HOLD,1.0,0,"Opportunity score 61, ROAS 1.72x — no decisive signal. Weather=RAIN_EMERGING. Maintain current budget."
2026-06-23,Ghaziabad,Uttar Pradesh,All Seasons,DuckDash Treat Toy,TH-385-DUCKTOY-16JUNE-DOG,Urban Pet Parents,2,846.61,713.95,1.1858,61.45,HOLD,1.0,1,"Opportunity score 61, ROAS 1.19x — no decisive signal. Maintain current budget."
2026-06-23,Dehradun,Uttarakhand,Monsoon,Pawveralls Suspender Boots,TH-012-SNUGBOO-19JUN,ICP Pet Parents,1,2117.8,861.66,2.4578,61.41,HOLD,1.0,1,"Opportunity score 61, ROAS 2.46x — no decisive signal. Maintain current budget."
2026-06-23,North 24 Parganas,West Bengal,Monsoon,Paw Cleanser 500ml,TH-336-PAWTECH-11JUNE-CR,Broad Advantage+,1,2541.53,1039.38,2.4452,61.34,HOLD,1.0,1,"Opportunity score 61, ROAS 2.45x — no decisive signal. Maintain current budget."
2026-06-23,Mumbai,Maharashtra,All Seasons,TangleGuard Leash,TH-152-TANGLELEASH-11JUNE-ADV+,Broad Advantage+,1,2541.53,1366.15,1.8604,61.3,HOLD,1.0,1,"Opportunity score 61, ROAS 1.86x — no decisive signal. Weather=RAIN_ACTIVE. Maintain current budget."
2026-06-23,Bardhaman,West Bengal,Monsoon,Pawveralls Suspender Boots,TH-383-SUSPENDER,Broad Advantage+,1,5422.03,1492.65,3.6325,61.16,HOLD,1.0,1,"Opportunity score 61, ROAS 3.63x — no decisive signal. Weather=UNKNOWN. Maintain current budget."
2026-06-23,Central Delhi,Delhi,All Seasons,DuckDash Treat Toy,TH-385-DUCKTOY-16JUNE-DOG,Urban Pet Parents,2,1100.84,1016.81,1.0826,60.83,HOLD,1.0,1,"Opportunity score 61, ROAS 1.08x — no decisive signal. Maintain current budget."
2026-06-23,Navsari,Gujarat,Monsoon,Pawveralls Suspender Boots,TH-383-SUSPENDER-17JUNE,Urban Pet Parents,1,2117.8,598.69,3.5374,60.69,HOLD,1.0,1,"Opportunity score 61, ROAS 3.54x — no decisive signal. Weather=UNKNOWN. Maintain current budget."
2026-06-23,Karnal,Haryana,Monsoon,Pawveralls Suspender Boots,TH-383-SUSPENDER-17JUNE,Urban Pet Parents,1,2117.8,598.69,3.5374,60.69,HOLD,1.0,1,"Opportunity score 61, ROAS 3.54x — no decisive signal. Weather=UNKNOWN. Maintain current budget."
2026-06-23,Howrha,West Bengal,Monsoon,Pawveralls Suspender Boots,TH-383-SUSPENDER-17JUNE,Urban Pet Parents,1,2117.8,598.69,3.5374,60.69,HOLD,1.0,1,"Opportunity score 61, ROAS 3.54x — no decisive signal. Weather=UNKNOWN. Maintain current budget."
2026-06-23,CHIPLUN,Maharashtra,Monsoon,Pawveralls Suspender Boots,TH-383-SUSPENDER-17JUNE,Urban Pet Parents,1,2117.8,598.69,3.5374,60.69,HOLD,1.0,1,"Opportunity score 61, ROAS 3.54x — no decisive signal. Weather=UNKNOWN. Maintain current budget."
2026-06-23,Visakhapatnam,Andhra Pradesh,Monsoon,WildTrail Boots,TH-068-WILD-18JUNE-ADV+,Broad Advantage+,1,2117.8,907.01,2.3349,60.68,HOLD,1.0,1,"Opportunity score 61, ROAS 2.33x — no decisive signal. Maintain current budget."
2026-06-23,Vadodara,Gujarat,,Woven Boots – Wedding & Festive Wear for Stylish Dogs,TH-383-SUSPENDER-20JUNE,Broad Advantage+,1,2668.62,495.63,5.3843,60.67,HOLD,1.0,1,"Opportunity score 61, ROAS 5.38x — no decisive signal. Maintain current budget."
2026-06-23,Kolkata,West Bengal,Summer,SummerGuard Cooling Vest,TH-383-SUSPENDER-20JUNE,Broad Advantage+,1,5678.89,308.41,18.4134,60.67,HOLD,1.0,1,"Opportunity score 61, ROAS 18.41x — no decisive signal. Maintain current budget."
2026-06-23,Kamrup,Assam,,Orbit Dining Table by Pawpourri | Ergonomic Design | Dual Bowls | Minimalist Wooden Diner,TH-012-SNUGBOO-19JUN,ICP Pet Parents,1,3649.28,314.52,11.6027,60.67,HOLD,1.0,1,"Opportunity score 61, ROAS 11.60x — no decisive signal. Maintain current budget."
2026-06-23,Rangareddy,Telangana,Monsoon,Pawveralls Suspender Boots,TH-383-SUSPENDER-17JUNE,Urban Pet Parents,2,2117.8,1382.42,1.5320001,60.66,HOLD,1.0,1,"Opportunity score 61, ROAS 1.53x — no decisive signal. Weather=UNKNOWN. Maintain current budget."
2026-06-23,Surat,Gujarat,Monsoon,Pawveralls Suspender Boots,TH-383-SUSPENDER,Broad Advantage+,1,2541.53,1393.36,1.824,60.37,HOLD,1.0,1,"Opportunity score 60, ROAS 1.82x — no decisive signal. Weather=RAIN_EMERGING. Maintain current budget."
2026-06-23,Rangareddy,Telangana,All Seasons,DuckDash Treat Toy,TH-385-DUCKTOY-16JUNE-CAT,Cat Lover,2,1947.46,1974.22,0.9864,60.25,HOLD,1.0,1,"Opportunity score 60, ROAS 0.99x — no decisive signal. Maintain current budget."
2026-06-23,Mira Bhayandar,Maharashtra,Monsoon,Pawveralls Suspender Boots,TH-012-SNUGBOO-19JUN,Urban Pet Parent,1,2117.8,941.22,2.2501,60.17,HOLD,1.0,1,"Opportunity score 60, ROAS 2.25x — no decisive signal. Maintain current budget."
2026-06-23,Bangalote,Karnataka,Monsoon,Pawveralls Suspender Boots,TH-383-SUSPENDER,Broad Advantage+,1,3134.75,1393.36,2.2498,60.17,HOLD,1.0,1,"Opportunity score 60, ROAS 2.25x — no decisive signal. Maintain current budget."
2026-06-23,Gurugram,Haryana,All Seasons,DuckDash Treat Toy,TH-385-DUCKTOY-16JUNE-DOG,Urban Pet Parents,4,2539.83,2593.45,0.9793,59.9,HOLD,1.0,0,"Opportunity score 60, ROAS 0.98x — no decisive signal. Weather=UNKNOWN. Maintain current budget."
2026-06-23,Mumbai,Maharashtra,Monsoon,Paw Balm - Triple Butter,TH-336-PAWTECH-11JUNE-CR,Broad Advantage+,2,406.1,1576.85,0.2575,59.88,HOLD,1.0,1,"Opportunity score 60, ROAS 0.26x — no decisive signal. Maintain current budget."
2026-06-23,Hyderabad,Telangana,All Seasons,DuckDash Treat Toy,TH-385-DUCKTOY-16JUNE-CAT,Cat Lover,2,846.61,649.34,1.3038,59.77,HOLD,1.0,0,"Opportunity score 60, ROAS 1.30x — no decisive signal. Weather=RAIN_EMERGING. Maintain current budget."
2026-06-23,Bangalore,Karnataka,All Seasons,DuckDash Treat Toy,TH-385-DUCKTOY-16JUNE-DOG,ICP Pet Parents,2,846.61,491.18,1.7235999,59.68,HOLD,1.0,0,"Opportunity score 60, ROAS 1.72x — no decisive signal. Maintain current budget."
2026-06-23,Pune,Maharashtra,All Seasons,PocketPup Tote,TH-054-TOTE-19JUNE,ICP Pet Parent,5,5081.36,3575.73,1.4211,59.53,HOLD,1.0,0,"Opportunity score 60, ROAS 1.42x — no decisive signal. Maintain current budget."
2026-06-23,Ahmedabad,Gujarat,All Seasons,DuckDash Treat Toy,TH-385-DUCKTOY-16JUNE-DOG,Urban Pet Parents,2,846.61,1016.81,0.8326,59.33,HOLD,1.0,1,"Opportunity score 59, ROAS 0.83x — no decisive signal. Maintain current budget."
2026-06-23,Central Delhi,Delhi,All Seasons,DuckDash Treat Toy,TH-385-DUCKTOY-16JUNE-CAT,Cat Lover,2,846.6,1059.08,0.7994,59.13,HOLD,1.0,1,"Opportunity score 59, ROAS 0.80x — no decisive signal. Maintain current budget."
2026-06-23,Ahmedabad,Gujarat,All Seasons,DuckDash Treat Toy,TH-385-DUCKTOY-16JUNE-CAT,Cat Lover,2,846.61,1059.08,0.7994,59.13,HOLD,1.0,1,"Opportunity score 59, ROAS 0.80x — no decisive signal. Maintain current budget."
2026-06-23,Gautam Buddha Nagar,Uttar Pradesh,,FetchNova UFO Ball | Bounce-Spin Toy | Smart Play for Active Dogs,TH-198-UFOBALL-01JUNE,ICP Pet Parents,3,1693.22,1014.74,1.6686001,59.01,HOLD,1.0,1,"Opportunity score 59, ROAS 1.67x — no decisive signal. Maintain current budget."
2026-06-23,Faridabad,Haryana,All Seasons,DuckDash Treat Toy,TH-385-DUCKTOY-16JUNE-DOG,Urban Pet Parents,2,1947.46,2599.25,0.7492,58.83,HOLD,1.0,1,"Opportunity score 59, ROAS 0.75x — no decisive signal. Maintain current budget."
2026-06-23,South West Delhi,Delhi,,FetchNova UFO Ball | Bounce-Spin Toy | Smart Play for Active Dogs,TH-385-DUCKTOY-16JUNE-CAT,Cat Lover,3,846.62,1059.08,0.7994,58.8,HOLD,1.0,1,"Opportunity score 59, ROAS 0.80x — no decisive signal. Maintain current budget."
2026-06-23,Mumbai Suburban,Maharashtra,Monsoon,WildTrail Boots,TH-068-WILD-18JUNE-ADV+,Broad Advantage+,1,1694.07,854.59,1.9823,58.56,HOLD,1.0,1,"Opportunity score 59, ROAS 1.98x — no decisive signal. Maintain current budget."
2026-06-23,South Delhi,Delhi,,FetchNova UFO Ball | Bounce-Spin Toy | Smart Play for Active Dogs,TH-198-UFOBALL-01JUNE,ICP Pet Parents,2,1693.22,520.14,3.2553,58.53,HOLD,1.0,1,"Opportunity score 59, ROAS 3.26x — no decisive signal. Maintain current budget."
2026-06-23,Delhi,Delhi,,FetchNova UFO Ball | Bounce-Spin Toy | Smart Play for Active Dogs,TH-198-UFOBALL-01JUNE,ICP Pet Parents,3,1693.24,1074.71,1.5755,58.45,HOLD,1.0,0,"Opportunity score 58, ROAS 1.58x — no decisive signal. Maintain current budget."
2026-06-23,Noida,Uttar Pradesh,Monsoon,Paw Cleanser 500ml,TH-336-PAWTECH-11JUNE-CR,Broad Advantage+,1,2033.22,1039.38,1.9562,58.4,HOLD,1.0,1,"Opportunity score 58, ROAS 1.96x — no decisive signal. Maintain current budget."
2026-06-23,Jaipur,Rajasthan,Monsoon,Paw Cleanser 500ml,TH-336-PAWTECH-11JUNE-CR,Broad Advantage+,1,2033.22,1039.38,1.9562,58.4,HOLD,1.0,1,"Opportunity score 58, ROAS 1.96x — no decisive signal. Maintain current budget."
2026-06-23,Hyderabad,Telangana,All Seasons,DuckDash Treat Toy,TH-385-DUCKTOY-22JUNE-CAT-CV2,Broad Advantage+,2,846.61,1254.02,0.6751,58.38,HOLD,1.0,1,"Opportunity score 58, ROAS 0.68x — no decisive signal. Maintain current budget."
2026-06-23,Central Delhi,Delhi,,FetchNova UFO Ball | Bounce-Spin Toy | Smart Play for Active Dogs,TH-198-UFOBALL-01JUNE,ICP Pet Parents,3,846.62,580.11,1.4593999,58.3,HOLD,1.0,1,"Opportunity score 58, ROAS 1.46x — no decisive signal. Weather=UNKNOWN. Maintain current budget."
2026-06-23,Gurugram,Haryana,Monsoon,Rover Raincoat,TH-372-ROVERAINCOAT-10JUNE,ICP Pet Parents,1,1694.06,621.51,2.7257,58.02,HOLD,1.0,0,"Opportunity score 58, ROAS 2.73x — no decisive signal. Maintain current budget."
2026-06-23,Chennai,Tamil Nadu,,FetchNova UFO Ball | Bounce-Spin Toy | Smart Play for Active Dogs,TH-198-UFOBALL-01JUNE,ICP Pet Parents,4,1693.22,981.68,1.7248,57.68,HOLD,1.0,0,"Opportunity score 58, ROAS 1.72x — no decisive signal. Maintain current budget."
2026-06-23,Pune,Maharashtra,,FetchNova UFO Ball | Bounce-Spin Toy | Smart Play for Active Dogs,TH-198-UFOBALL-01JUNE,ICP Pet Parents,3,846.61,494.6,1.7117,57.63,HOLD,1.0,1,"Opportunity score 58, ROAS 1.71x — no decisive signal. Weather=RAIN_ACTIVE. Maintain current budget."
2026-06-23,Surat,Gujarat,Monsoon,Pawveralls Suspender Boots,TH-383-SUSPENDER,Broad Advantage+,1,2541.53,1393.36,1.824,57.61,HOLD,1.0,1,"Opportunity score 58, ROAS 1.82x — no decisive signal. Maintain current budget."
2026-06-23,Mumbai,Maharashtra,Monsoon,Paw Cleanser 500ml,TH-336-PAWTECH-11JUNE-CR,Broad Advantage+,3,1694.24,1576.85,1.0744,57.52,HOLD,1.0,1,"Opportunity score 58, ROAS 1.07x — no decisive signal. Weather=RAIN_ACTIVE. Maintain current budget."
2026-06-23,Bangalore,Karnataka,All Seasons,MistCalm Brush,TH-287-MISTCALMBRUSH-19JUNE,ICP Pet Parents,2,1100.85,808.06,1.3623,57.51,HOLD,1.0,0,"Opportunity score 58, ROAS 1.36x — no decisive signal. Maintain current budget."
2026-06-23,Vadodara,Gujarat,,Woven Boots – Wedding & Festive Wear for Stylish Dogs,TH-383-SUSPENDER-20JUNE,Broad Advantage+,1,2668.62,495.63,5.3843,57.5,HOLD,1.0,1,"Opportunity score 58, ROAS 5.38x — no decisive signal. Weather=HEAT_HIGH. Maintain current budget."
2026-06-23,Ghaziabad,Uttar Pradesh,All Seasons,DuckDash Treat Toy,TH-385-DUCKTOY-16JUNE-DOG,Urban Pet Parents,2,846.61,713.95,1.1858,57.43,HOLD,1.0,1,"Opportunity score 57, ROAS 1.19x — no decisive signal. Weather=HEAT_HIGH. Maintain current budget."
2026-06-23,Pune,Maharashtra,All Seasons,MistCalm Brush,TH-287-MISTCALMBRUSH-19JUNE,ICP Pet Parents,1,1100.85,1062.19,1.0364,57.18,HOLD,1.0,1,"Opportunity score 57, ROAS 1.04x — no decisive signal. Weather=RAIN_ACTIVE. Maintain current budget."
2026-06-23,Hyderabad,Telangana,All Seasons,DuckDash Treat Toy,TH-385-DUCKTOY-16JUNE-CAT,Cat Lover,2,846.61,649.34,1.3038,57.16,HOLD,1.0,0,"Opportunity score 57, ROAS 1.30x — no decisive signal. Maintain current budget."
2026-06-23,Mumbai Subueban,Maharashtra,Winter,BlueJay Sneaks,TH-012-SNUGBOO-19JUN,Urban Pet Parent,1,2117.8,749.91,2.8241,57.12,HOLD,1.0,1,"Opportunity score 57, ROAS 2.82x — no decisive signal. Weather=RAIN_ACTIVE. Maintain current budget."
2026-06-23,East Singhbhum,Jharkhand,Monsoon,Pawveralls Suspender Boots,TH-012-SNUGBOO-19JUN,Urban Pet Parent,1,2117.8,749.91,2.8241,57.12,HOLD,1.0,1,"Opportunity score 57, ROAS 2.82x — no decisive signal. Weather=UNKNOWN. Maintain current budget."
2026-06-23,Mumbai,Maharashtra,Monsoon,Paw Cleanser 500ml,TH-198-UFOBALL-01JUNE,Urban Pet Parent,3,2033.22,1022.75,1.9879999,57.08,HOLD,1.0,0,"Opportunity score 57, ROAS 1.99x — no decisive signal. Weather=RAIN_ACTIVE. Maintain current budget."
2026-06-23,Durg,Chhattisgarh,Monsoon,Pawveralls Suspender Boots,TH-383-SUSPENDER-17JUNE,Urban Pet Parents,1,2117.8,1221.38,1.7339001,57.07,HOLD,1.0,1,"Opportunity score 57, ROAS 1.73x — no decisive signal. Maintain current budget."
2026-06-23,South Goa,Goa,Monsoon,Pawveralls Suspender Boots,TH-383-SUSPENDER,Broad Advantage+,1,2541.53,1492.65,1.7027,56.88,HOLD,1.0,1,"Opportunity score 57, ROAS 1.70x — no decisive signal. Maintain current budget."
2026-06-23,Chandighar,Punjab,,FetchNova UFO Ball | Bounce-Spin Toy | Smart Play for Active Dogs,TH-198-UFOBALL-01JUNE,ICP Pet Parents,2,1693.22,706.35,2.3971,56.72,HOLD,1.0,1,"Opportunity score 57, ROAS 2.40x — no decisive signal. Maintain current budget."
2026-06-23,Mumbai Suburban,Maharashtra,All Seasons,DuckDash Treat Toy,TH-385-DUCKTOY-16JUNE-CAT,Cat Lover,1,1100.85,1180.88,0.9322,56.66,HOLD,1.0,1,"Opportunity score 57, ROAS 0.93x — no decisive signal. Weather=RAIN_ACTIVE. Maintain current budget."
2026-06-23,CHIDAMBARAM,Tamil Nadu,Monsoon,Pawveralls Suspender Boots,TH-383-SUSPENDER-17JUNE,Urban Pet Parents,1,2117.8,1286.04,1.6468,56.55,HOLD,1.0,1,"Opportunity score 57, ROAS 1.65x — no decisive signal. Maintain current budget."
2026-06-23,Lucknow,Uttar Pradesh,All Seasons,DuckDash Treat Toy,TH-385-DUCKTOY-16JUNE-DOG,ICP Pet Parents,2,1100.85,949.74,1.1591,56.29,HOLD,1.0,0,"Opportunity score 56, ROAS 1.16x — no decisive signal. Maintain current budget."
2026-06-23,Mumbai Subueban,Maharashtra,,FetchNova UFO Ball | Bounce-Spin Toy | Smart Play for Active Dogs,TH-198-UFOBALL-01JUNE,ICP Pet Parents,5,4233.05,2386.72,1.7736,56.15,HOLD,1.0,1,"Opportunity score 56, ROAS 1.77x — no decisive signal. Weather=RAIN_ACTIVE. Maintain current budget."
2026-06-23,Andheri East,Maharashtra,Monsoon,Pawveralls Suspender Boots,TH-336-PAWTECH-11JUNE-CR,Broad Advantage+,1,2711.02,1039.38,2.6083,56.04,HOLD,1.0,1,"Opportunity score 56, ROAS 2.61x — no decisive signal. Weather=UNKNOWN. Maintain current budget."
2026-06-23,Kamrup,Assam,,Orbit Dining Table by Pawpourri | Ergonomic Design | Dual Bowls | Minimalist Wooden Diner,TH-012-SNUGBOO-19JUN,ICP Pet Parents,1,3649.28,314.52,11.6027,56.0,HOLD,1.0,1,"Opportunity score 56, ROAS 11.60x — no decisive signal. Weather=UNKNOWN. Maintain current budget."
2026-06-23,South Delhi,Delhi,Monsoon,Rover Raincoat,TH-372-ROVERAINCOAT-10JUNE,Urban Pet Parents,1,1694.06,1089.0,1.5555999,56.0,HOLD,1.0,1,"Opportunity score 56, ROAS 1.56x — no decisive signal. Maintain current budget."
2026-06-23,Rangareddy,Telangana,Monsoon,Rover Raincoat,TH-372-ROVERAINCOAT-10JUNE,Urban Pet Parents,1,1694.07,1089.0,1.5555999,56.0,HOLD,1.0,1,"Opportunity score 56, ROAS 1.56x — no decisive signal. Maintain current budget."
2026-06-23,GAUTAM BUDDHA NAGAR,Uttar Pradesh,Monsoon,Rover Raincoat,TH-372-ROVERAINCOAT-10JUNE,Urban Pet Parents,1,1694.07,1089.0,1.5555999,56.0,HOLD,1.0,1,"Opportunity score 56, ROAS 1.56x — no decisive signal. Maintain current budget."
2026-06-23,Mumbai 400026,Maharashtra,Monsoon,Pawveralls Suspender Boots,TH-383-SUSPENDER-17JUNE,Urban Pet Parents,1,2117.8,1382.42,1.5320001,55.86,HOLD,1.0,1,"Opportunity score 56, ROAS 1.53x — no decisive signal. Maintain current budget."
2026-06-23,Mumbai,Maharashtra,Monsoon,TenderTrek Silicone Boots,DOG HARNESS-CTL-19JUNE,Urban Pet Parent,1,2541.53,1076.29,2.3614001,55.83,HOLD,1.0,0,"Opportunity score 56, ROAS 2.36x — no decisive signal. Maintain current budget."
2026-06-23,Hoshangabad,Madhya Pradesh,Monsoon,WildTrail Boots,TH-383-SUSPENDER,Broad Advantage+,1,2117.79,1393.36,1.5199001,55.79,HOLD,1.0,1,"Opportunity score 56, ROAS 1.52x — no decisive signal. Maintain current budget."
2026-06-23,Hoshangabad,Madhya Pradesh,Monsoon,StormGuard Jacket,TH-383-SUSPENDER,Broad Advantage+,1,2117.8,1393.36,1.5199001,55.79,HOLD,1.0,1,"Opportunity score 56, ROAS 1.52x — no decisive signal. Maintain current budget."
2026-06-23,Ahmedabad,Gujarat,All Seasons,DuckDash Treat Toy,TH-385-DUCKTOY-16JUNE-DOG,Urban Pet Parents,2,846.61,1016.81,0.8326,55.66,HOLD,1.0,1,"Opportunity score 56, ROAS 0.83x — no decisive signal. Weather=HEAT_HIGH. Maintain current budget."
2026-06-23,MUMBAI SUBURBAN,Maharashtra,All Seasons,DuckDash Treat Toy,TH-385-DUCKTOY-16JUNE-DOG,Urban Pet Parents,1,846.61,1165.55,0.7264,55.63,HOLD,1.0,1,"Opportunity score 56, ROAS 0.73x — no decisive signal. Weather=RAIN_ACTIVE. Maintain current budget."
2026-06-23,Thane,Maharashtra,All Seasons,PocketPup Tote,TH-054-TOTE-19JUNE,ICP Pet Parent,1,1270.34,341.83,3.7163,55.58,HOLD,1.0,0,"Opportunity score 56, ROAS 3.72x — no decisive signal. Weather=RAIN_ACTIVE. Maintain current budget."
2026-06-23,Mumbai,Maharashtra,All Seasons,PocketPup Tote,TH-054-TOTE-19JUNE,ICP Pet Parent,1,1270.34,341.83,3.7163,55.58,HOLD,1.0,0,"Opportunity score 56, ROAS 3.72x — no decisive signal. Weather=RAIN_ACTIVE. Maintain current budget."
2026-06-23,UDUPI,Karnataka,Monsoon,Pawveralls Suspender Boots,TH-383-SUSPENDER-17JUNE,Urban Pet Parents,1,2117.8,1430.38,1.4806,55.55,HOLD,1.0,1,"Opportunity score 56, ROAS 1.48x — no decisive signal. Maintain current budget."
2026-06-23,Ahmedabad,Gujarat,All Seasons,DuckDash Treat Toy,TH-385-DUCKTOY-16JUNE-CAT,Cat Lover,2,846.61,1059.08,0.7994,55.5,HOLD,1.0,1,"Opportunity score 56, ROAS 0.80x — no decisive signal. Weather=HEAT_HIGH. Maintain current budget."
2026-06-23,Gurugram,Haryana,All Seasons,BlueWave Pool,TH-372-ROVERAINCOAT-10JUNE,ICP Pet Parents,1,2541.53,621.51,4.0893,55.45,HOLD,1.0,0,"Opportunity score 55, ROAS 4.09x — no decisive signal. Weather=UNKNOWN. Maintain current budget."
2026-06-23,Central Delhi,Delhi,All Seasons,DuckDash Treat Toy,TH-385-DUCKTOY-16JUNE-DOG,Urban Pet Parents,2,1100.84,1016.81,1.0826,55.41,HOLD,1.0,1,"Opportunity score 55, ROAS 1.08x — no decisive signal. Weather=UNKNOWN. Maintain current budget."
2026-06-23,West Delhi,Delhi,Monsoon,WildTrail Boots,TH-068-WILD-18JUNE-ADV+,Broad Advantage+,1,2117.8,854.59,2.4781,55.39,HOLD,1.0,1,"Opportunity score 55, ROAS 2.48x — no decisive signal. Weather=UNKNOWN. Maintain current budget."
2026-06-23,North Goa,Goa,Monsoon,Pawveralls Suspender Boots,TH-068-WILD-18JUNE-ADV+,Broad Advantage+,1,2117.8,854.59,2.4781,55.39,HOLD,1.0,1,"Opportunity score 55, ROAS 2.48x — no decisive signal. Weather=UNKNOWN. Maintain current budget."
2026-06-23,Mumbai Subueban,Maharashtra,,FlutterPlay Toy | Interactive Cat Toy | Boredom-Breaking Indoor Play,TH-385-DUCKTOY-16JUNE-CAT,Cat Lover,1,1609.33,649.34,2.4784,55.39,HOLD,1.0,1,"Opportunity score 55, ROAS 2.48x — no decisive signal. Weather=RAIN_ACTIVE. Maintain current budget."
2026-06-23,Delhi,Delhi,,FetchNova UFO Ball | Bounce-Spin Toy | Smart Play for Active Dogs,TH-198-UFOBALL-01JUNE,ICP Pet Parents,3,1693.24,1074.71,1.5755,55.38,HOLD,1.0,0,"Opportunity score 55, ROAS 1.58x — no decisive signal. Weather=HEAT_HIGH. Maintain current budget."
2026-06-23,Bengaluru,Karnataka,Monsoon,Daily Pet Wipes,TH-054-TOTE-19JUNE,ICP Pet Parent,1,845.76,341.83,2.4742,55.37,HOLD,1.0,1,"Opportunity score 55, ROAS 2.47x — no decisive signal. Weather=UNKNOWN. Maintain current budget."
2026-06-23,Dehradun,Uttarakhand,Monsoon,Pawveralls Suspender Boots,TH-012-SNUGBOO-19JUN,ICP Pet Parents,1,2117.8,861.66,2.4578,55.29,HOLD,1.0,1,"Opportunity score 55, ROAS 2.46x — no decisive signal. Weather=UNKNOWN. Maintain current budget."
2026-06-23,Faridabad,Haryana,All Seasons,DuckDash Treat Toy,TH-385-DUCKTOY-16JUNE-DOG,Urban Pet Parents,2,1947.46,2599.25,0.7492,55.25,HOLD,1.0,1,"Opportunity score 55, ROAS 0.75x — no decisive signal. Weather=HEAT_HIGH. Maintain current budget."
2026-06-23,Gautam Buddha Nagar,Uttar Pradesh,,FetchNova UFO Ball | Bounce-Spin Toy | Smart Play for Active Dogs,TH-198-UFOBALL-01JUNE,ICP Pet Parents,3,1693.22,1014.74,1.6686001,55.06,HOLD,1.0,1,"Opportunity score 55, ROAS 1.67x — no decisive signal. Weather=UNKNOWN. Maintain current budget."
2026-06-23,South West Delhi,Delhi,,FetchNova UFO Ball | Bounce-Spin Toy | Smart Play for Active Dogs,TH-385-DUCKTOY-16JUNE-CAT,Cat Lover,3,846.62,1059.08,0.7994,55.0,HOLD,1.0,1,"Opportunity score 55, ROAS 0.80x — no decisive signal. Weather=UNKNOWN. Maintain current budget."
2026-06-23,Pipaliya Berkhedi,Madhya Pradesh,All Seasons,PocketPup Tote,TH-054-TOTE-19JUNE,ICP Pet Parent,1,1270.34,341.83,3.7163,54.96,HOLD,1.0,1,"Opportunity score 55, ROAS 3.72x — no decisive signal. Maintain current budget."
2026-06-23,Bengaluru,Karnataka,All Seasons,PocketPup Tote,TH-054-TOTE-19JUNE,ICP Pet Parent,1,1270.34,341.83,3.7163,54.96,HOLD,1.0,1,"Opportunity score 55, ROAS 3.72x — no decisive signal. Maintain current budget."
2026-06-23,Rangareddy,Telangana,All Seasons,DuckDash Treat Toy,TH-385-DUCKTOY-16JUNE-CAT,Cat Lover,2,1947.46,1974.22,0.9864,54.93,HOLD,1.0,1,"Opportunity score 55, ROAS 0.99x — no decisive signal. Weather=UNKNOWN. Maintain current budget."
2026-06-23,Kodakandla,Tamil Nadu,All Seasons,Stormborn Harness,DOG HARNESS-CTL-19JUNE,Urban Pet Parent,1,2117.8,1076.29,1.9677,54.47,HOLD,1.0,1,"Opportunity score 54, ROAS 1.97x — no decisive signal. Maintain current budget."
2026-06-23,Udaipur,Rajasthan,All Seasons,DuckDash Treat Toy,TH-385-DUCKTOY-16JUNE-DOG,ICP Pet Parents,1,846.61,431.7,1.9611,54.43,HOLD,1.0,1,"Opportunity score 54, ROAS 1.96x — no decisive signal. Maintain current budget."
2026-06-23,Nee delhi,Delhi,All Seasons,DuckDash Treat Toy,TH-385-DUCKTOY-16JUNE-DOG,ICP Pet Parents,1,846.62,431.7,1.9611,54.43,HOLD,1.0,1,"Opportunity score 54, ROAS 1.96x — no decisive signal. Maintain current budget."
2026-06-23,South Delhi,Delhi,,FetchNova UFO Ball | Bounce-Spin Toy | Smart Play for Active Dogs,TH-198-UFOBALL-01JUNE,ICP Pet Parents,2,1693.22,520.14,3.2553,54.42,HOLD,1.0,1,"Opportunity score 54, ROAS 3.26x — no decisive signal. Weather=UNKNOWN. Maintain current budget."
2026-06-23,Noida,Uttar Pradesh,Monsoon,Paw Cleanser 500ml,TH-336-PAWTECH-11JUNE-CR,Broad Advantage+,1,2033.22,1039.38,1.9562,54.28,HOLD,1.0,1,"Opportunity score 54, ROAS 1.96x — no decisive signal. Weather=HEAT_HIGH. Maintain current budget."
2026-06-23,Mira Bhayandar,Maharashtra,Monsoon,Pawveralls Suspender Boots,TH-012-SNUGBOO-19JUN,Urban Pet Parent,1,2117.8,941.22,2.2501,54.25,HOLD,1.0,1,"Opportunity score 54, ROAS 2.25x — no decisive signal. Weather=UNKNOWN. Maintain current budget."
2026-06-23,Bangalote,Karnataka,Monsoon,Pawveralls Suspender Boots,TH-383-SUSPENDER,Broad Advantage+,1,3134.75,1393.36,2.2498,54.25,HOLD,1.0,1,"Opportunity score 54, ROAS 2.25x — no decisive signal. Weather=UNKNOWN. Maintain current budget."
2026-06-23,Secunderabad,Telangana,All Seasons,DuckDash Treat Toy,TH-385-DUCKTOY-16JUNE-DOG,Urban Pet Parents,1,846.61,713.95,1.1858,54.18,HOLD,1.0,1,"Opportunity score 54, ROAS 1.19x — no decisive signal. Weather=RAIN_EMERGING. Maintain current budget."
2026-06-23,North 24 Parganas,West Bengal,All Seasons,DuckDash Treat Toy,TH-385-DUCKTOY-16JUNE-DOG,Urban Pet Parents,1,846.61,713.95,1.1858,54.18,HOLD,1.0,1,"Opportunity score 54, ROAS 1.19x — no decisive signal. Weather=RAIN_EMERGING. Maintain current budget."
2026-06-23,Thane,Maharashtra,,FetchNova UFO Ball | Bounce-Spin Toy | Smart Play for Active Dogs,TH-198-UFOBALL-01JUNE,ICP Pet Parents,4,1693.22,1193.43,1.4188,54.14,HOLD,1.0,0,"Opportunity score 54, ROAS 1.42x — no decisive signal. Weather=RAIN_ACTIVE. Maintain current budget."
2026-06-23,Bengaluru,Karnataka,,FusionGrip Harness – 2-in-1 Dog Harness with Retractable Leash,TH-348-FUSIONHARNESS-17JUNE-ADV+,Broad Advantage+,1,2541.53,653.02,3.892,54.02,HOLD,1.0,1,"Opportunity score 54, ROAS 3.89x — no decisive signal. Maintain current budget."
2026-06-23,Central Delhi,Delhi,All Seasons,DuckDash Treat Toy,TH-385-DUCKTOY-16JUNE-CAT,Cat Lover,2,846.6,1059.08,0.7994,54.0,HOLD,1.0,1,"Opportunity score 54, ROAS 0.80x — no decisive signal. Weather=UNKNOWN. Maintain current budget."
2026-06-23,Mumbai,Maharashtra,All Seasons,TangleGuard Leash,TH-152-TANGLELEASH-11JUNE-ADV+,Broad Advantage+,1,2541.53,1366.15,1.8604,53.83,HOLD,1.0,1,"Opportunity score 54, ROAS 1.86x — no decisive signal. Maintain current budget."
2026-06-23,Vadodara,Gujarat,,"StepGuard Pet Boots – Soft Fit, Steady Grip & Daily Paw Protection",TH-383-SUSPENDER-20JUNE,Broad Advantage+,1,1905.96,495.63,3.8455,53.74,HOLD,1.0,1,"Opportunity score 54, ROAS 3.85x — no decisive signal. Maintain current budget."
2026-06-23,Bangalore,Karnataka,All Seasons,DuckDash Treat Toy,TH-385-DUCKTOY-16JUNE-DOG,ICP Pet Parents,2,846.61,491.18,1.7235999,53.62,HOLD,1.0,0,"Opportunity score 54, ROAS 1.72x — no decisive signal. Weather=UNKNOWN. Maintain current budget."
2026-06-23,Gurugram,Haryana,Monsoon,WildTrail Boots,TH-068-WILD-18JUNE-ADV+,Broad Advantage+,1,1694.07,854.59,1.9823,53.56,HOLD,1.0,0,"Opportunity score 54, ROAS 1.98x — no decisive signal. Maintain current budget."
2026-06-23,JAMNAGAR,Gujarat,Monsoon,Paw Cleanser 500ml,TH-336-PAWTECH-11JUNE-CR,Broad Advantage+,1,1694.24,1576.85,1.0744,53.11,HOLD,1.0,1,"Opportunity score 53, ROAS 1.07x — no decisive signal. Maintain current budget."
2026-06-23,Chennai,Tamil Nadu,All Seasons,DuckDash Treat Toy,TH-385-DUCKTOY-16JUNE-DOG,ICP Pet Parents,1,846.61,431.7,1.9611,53.06,HOLD,1.0,0,"Opportunity score 53, ROAS 1.96x — no decisive signal. Weather=RAIN_EMERGING. Maintain current budget."
2026-06-23,Chandighar,Punjab,,FetchNova UFO Ball | Bounce-Spin Toy | Smart Play for Active Dogs,TH-198-UFOBALL-01JUNE,ICP Pet Parents,2,1693.22,706.35,2.3971,52.99,HOLD,1.0,1,"Opportunity score 53, ROAS 2.40x — no decisive signal. Weather=UNKNOWN. Maintain current budget."
2026-06-23,Kanchipuram,Tamil Nadu,Monsoon,Pawveralls Suspender Boots,TH-383-SUSPENDER,Broad Advantage+,1,2711.02,2593.29,1.0454,52.94,HOLD,1.0,1,"Opportunity score 53, ROAS 1.05x — no decisive signal. Maintain current budget."
2026-06-23,Srinagar,Jammu and Kashmir,All Seasons,DuckDash Treat Toy,TH-385-DUCKTOY-16JUNE-DOG,Urban Pet Parents,1,1100.85,648.15,1.6984,52.86,HOLD,1.0,1,"Opportunity score 53, ROAS 1.70x — no decisive signal. Maintain current budget."
2026-06-23,Rupnagar,Punjab,All Seasons,DuckDash Treat Toy,TH-385-DUCKTOY-16JUNE-DOG,Urban Pet Parents,1,1100.85,648.15,1.6984,52.86,HOLD,1.0,1,"Opportunity score 53, ROAS 1.70x — no decisive signal. Maintain current budget."
2026-06-23,North West Delhi,Delhi,All Seasons,DuckDash Treat Toy,TH-385-DUCKTOY-16JUNE-DOG,Urban Pet Parents,1,1100.84,648.15,1.6984,52.86,HOLD,1.0,1,"Opportunity score 53, ROAS 1.70x — no decisive signal. Maintain current budget."
2026-06-23,Dehradun,Uttarakhand,All Seasons,DuckDash Treat Toy,TH-385-DUCKTOY-16JUNE-DOG,Urban Pet Parents,1,1100.85,648.15,1.6984,52.86,HOLD,1.0,1,"Opportunity score 53, ROAS 1.70x — no decisive signal. Maintain current budget."
2026-06-23,Jaipur,Rajasthan,Monsoon,Paw Cleanser 500ml,TH-336-PAWTECH-11JUNE-CR,Broad Advantage+,1,2033.22,1039.38,1.9562,52.78,HOLD,1.0,1,"Opportunity score 53, ROAS 1.96x — no decisive signal. Weather=DRY. Maintain current budget."
2026-06-23,Ghaziabad,Uttar Pradesh,,FetchNova UFO Ball | Bounce-Spin Toy | Smart Play for Active Dogs,TH-198-UFOBALL-01JUNE,ICP Pet Parents,3,1693.22,1188.67,1.4245,52.55,HOLD,1.0,0,"Opportunity score 53, ROAS 1.42x — no decisive signal. Maintain current budget."
2026-06-23,Nagpur,Maharashtra,,FetchNova UFO Ball | Bounce-Spin Toy | Smart Play for Active Dogs,TH-198-UFOBALL-01JUNE,ICP Pet Parents,2,1693.22,1040.28,1.6277,52.39,HOLD,1.0,0,"Opportunity score 52, ROAS 1.63x — no decisive signal. Weather=RAIN_EMERGING. Maintain current budget."
2026-06-23,Dadra  Nagar Haveli,Dadra and Nagar Haveli,All Seasons,TangleGuard Leash,TH-152-TANGLELEASH-11JUNE-ADV+,Broad Advantage+,1,2201.1,1366.15,1.6112,52.33,HOLD,1.0,1,"Opportunity score 52, ROAS 1.61x — no decisive signal. Maintain current budget."
2026-06-23,Lucknow,Uttar Pradesh,All Seasons,DuckDash Treat Toy,TH-385-DUCKTOY-16JUNE-DOG,ICP Pet Parents,2,1100.85,949.74,1.1591,52.3,HOLD,1.0,0,"Opportunity score 52, ROAS 1.16x — no decisive signal. Weather=HEAT_HIGH. Maintain current budget."
2026-06-23,KOLKATA,West Bengal,,FetchNova UFO Ball | Bounce-Spin Toy | Smart Play for Active Dogs,TH-198-UFOBALL-01JUNE,Urban Pet Parent,1,846.61,239.29,3.538,51.94,HOLD,1.0,0,"Opportunity score 52, ROAS 3.54x — no decisive signal. Weather=RAIN_EMERGING. Maintain current budget."
2026-06-23,CHENNAI,Tamil Nadu,,FetchNova UFO Ball | Bounce-Spin Toy | Smart Play for Active Dogs,TH-198-UFOBALL-01JUNE,Urban Pet Parent,1,846.61,239.29,3.538,51.94,HOLD,1.0,0,"Opportunity score 52, ROAS 3.54x — no decisive signal. Weather=RAIN_EMERGING. Maintain current budget."
2026-06-23,Sambalpur,Odisha,,FetchNova UFO Ball | Bounce-Spin Toy | Smart Play for Active Dogs,TH-198-UFOBALL-01JUNE,Urban Pet Parent,1,846.61,239.29,3.538,51.89,HOLD,1.0,1,"Opportunity score 52, ROAS 3.54x — no decisive signal. Maintain current budget."
2026-06-23,SOUTH,Delhi,,FetchNova UFO Ball | Bounce-Spin Toy | Smart Play for Active Dogs,TH-198-UFOBALL-01JUNE,Urban Pet Parent,1,846.62,239.29,3.5381,51.89,HOLD,1.0,1,"Opportunity score 52, ROAS 3.54x — no decisive signal. Maintain current budget."
2026-06-23,Bangalore,Karnataka,All Seasons,MistCalm Brush,TH-287-MISTCALMBRUSH-19JUNE,ICP Pet Parents,2,1100.85,808.06,1.3623,51.81,HOLD,1.0,0,"Opportunity score 52, ROAS 1.36x — no decisive signal. Weather=UNKNOWN. Maintain current budget."
2026-06-23,CHENNAI,Tamil Nadu,All Seasons,DuckDash Treat Toy,TH-385-DUCKTOY-16JUNE-DOG,Urban Pet Parents,1,1100.85,648.15,1.6984,51.74,HOLD,1.0,0,"Opportunity score 52, ROAS 1.70x — no decisive signal. Weather=RAIN_EMERGING. Maintain current budget."
2026-06-23,Vadodara,Gujarat,,"StepGuard Pet Boots – Soft Fit, Steady Grip & Daily Paw Protection",TH-383-SUSPENDER-20JUNE,Broad Advantage+,1,1905.96,495.63,3.8455,51.73,HOLD,1.0,1,"Opportunity score 52, ROAS 3.85x — no decisive signal. Weather=HEAT_HIGH. Maintain current budget."
2026-06-23,Navi Mumbai,Maharashtra,,FetchNova UFO Ball | Bounce-Spin Toy | Smart Play for Active Dogs,TH-198-UFOBALL-01JUNE,ICP Pet Parents,1,846.61,487.08,1.7381,51.69,HOLD,1.0,1,"Opportunity score 52, ROAS 1.74x — no decisive signal. Weather=RAIN_ACTIVE. Maintain current budget."
2026-06-23,Durg,Chhattisgarh,Monsoon,Pawveralls Suspender Boots,TH-383-SUSPENDER-17JUNE,Urban Pet Parents,1,2117.8,1221.38,1.7339001,51.67,HOLD,1.0,1,"Opportunity score 52, ROAS 1.73x — no decisive signal. Weather=UNKNOWN. Maintain current budget."
2026-06-23,Gurugram,Haryana,Monsoon,Rover Raincoat,TH-372-ROVERAINCOAT-10JUNE,ICP Pet Parents,1,1694.06,621.51,2.7257,51.63,HOLD,1.0,0,"Opportunity score 52, ROAS 2.73x — no decisive signal. Weather=UNKNOWN. Maintain current budget."
2026-06-23,Hyderabadad,Telangana,All Seasons,TangleGuard Leash,TH-152-TANGLELEASH-11JUNE-ADV+,Broad Advantage+,1,2033.22,1366.15,1.4883,51.6,HOLD,1.0,1,"Opportunity score 52, ROAS 1.49x — no decisive signal. Maintain current budget."
2026-06-23,Ahmedabad,Gujarat,All Seasons,TangleGuard Leash,TH-152-TANGLELEASH-11JUNE-ADV+,Broad Advantage+,1,2033.22,1366.15,1.4883,51.6,HOLD,1.0,1,"Opportunity score 52, ROAS 1.49x — no decisive signal. Maintain current budget."
2026-06-23,Mumbai Subueban,Maharashtra,,StillSpring Fountain | Pet Water Fountain for Cats & Small Dogs | Quiet Flow Hydration System,TH-373-STILLSPRING-17JUNE-CS,Cat Lover,1,2541.53,1484.0,1.7126,51.56,HOLD,1.0,1,"Opportunity score 52, ROAS 1.71x — no decisive signal. Weather=RAIN_ACTIVE. Maintain current budget."
2026-06-23,South Goa,Goa,Monsoon,Pawveralls Suspender Boots,TH-383-SUSPENDER,Broad Advantage+,1,2541.53,1492.65,1.7027,51.51,HOLD,1.0,1,"Opportunity score 52, ROAS 1.70x — no decisive signal. Weather=UNKNOWN. Maintain current budget."
2026-06-23,Gurugram,Haryana,,FusionGrip Harness – 2-in-1 Dog Harness with Retractable Leash,TH-348-FUSIONHARNESS-17JUNE-ADV+,Broad Advantage+,1,2264.16,653.02,3.4672,51.47,HOLD,1.0,1,"Opportunity score 51, ROAS 3.47x — no decisive signal. Maintain current budget."
2026-06-23,Gurugram,Haryana,Monsoon,Paw Cleanser 500ml,TH-336-PAWTECH-11JUNE-CR,Broad Advantage+,1,2117.8,1576.85,1.3431001,51.39,HOLD,1.0,1,"Opportunity score 51, ROAS 1.34x — no decisive signal. Maintain current budget."
2026-06-23,Mumbai Subueban,Maharashtra,,Treat Chamber – Interactive Slow Feeder Dog Puzzle Toy | Rotating Treat Dispenser with 8 Compartments for IQ Training & Mental Stimulation,TH-385-DUCKTOY-16JUNE-CAT,Cat Lover,1,1948.31,1180.88,1.6499,51.25,HOLD,1.0,1,"Opportunity score 51, ROAS 1.65x — no decisive signal. Weather=RAIN_ACTIVE. Maintain current budget."
2026-06-23,CHIDAMBARAM,Tamil Nadu,Monsoon,Pawveralls Suspender Boots,TH-383-SUSPENDER-17JUNE,Urban Pet Parents,1,2117.8,1286.04,1.6468,51.23,HOLD,1.0,1,"Opportunity score 51, ROAS 1.65x — no decisive signal. Weather=UNKNOWN. Maintain current budget."
2026-06-23,Ahmedabad,Gujarat,Summer,SnugSole Boots,TH-012-SNUGBOO-19JUN,Urban Pet Parent,1,1863.56,444.91,4.1886,50.8,HOLD,1.0,0,"Opportunity score 51, ROAS 4.19x — no decisive signal. Maintain current budget."
2026-06-23,South Delhi,Delhi,Monsoon,Rover Raincoat,TH-372-ROVERAINCOAT-10JUNE,Urban Pet Parents,1,1694.06,1089.0,1.5555999,50.78,HOLD,1.0,1,"Opportunity score 51, ROAS 1.56x — no decisive signal. Weather=UNKNOWN. Maintain current budget."
2026-06-23,Rangareddy,Telangana,Monsoon,Rover Raincoat,TH-372-ROVERAINCOAT-10JUNE,Urban Pet Parents,1,1694.07,1089.0,1.5555999,50.78,HOLD,1.0,1,"Opportunity score 51, ROAS 1.56x — no decisive signal. Weather=UNKNOWN. Maintain current budget."
2026-06-23,GAUTAM BUDDHA NAGAR,Uttar Pradesh,Monsoon,Rover Raincoat,TH-372-ROVERAINCOAT-10JUNE,Urban Pet Parents,1,1694.07,1089.0,1.5555999,50.78,HOLD,1.0,1,"Opportunity score 51, ROAS 1.56x — no decisive signal. Weather=UNKNOWN. Maintain current budget."
2026-06-23,Mumbai 400026,Maharashtra,Monsoon,Pawveralls Suspender Boots,TH-383-SUSPENDER-17JUNE,Urban Pet Parents,1,2117.8,1382.42,1.5320001,50.66,HOLD,1.0,1,"Opportunity score 51, ROAS 1.53x — no decisive signal. Weather=UNKNOWN. Maintain current budget."
2026-06-23,Hoshangabad,Madhya Pradesh,Monsoon,WildTrail Boots,TH-383-SUSPENDER,Broad Advantage+,1,2117.79,1393.36,1.5199001,50.6,HOLD,1.0,1,"Opportunity score 51, ROAS 1.52x — no decisive signal. Weather=UNKNOWN. Maintain current budget."
2026-06-23,Hoshangabad,Madhya Pradesh,Monsoon,StormGuard Jacket,TH-383-SUSPENDER,Broad Advantage+,1,2117.8,1393.36,1.5199001,50.6,HOLD,1.0,1,"Opportunity score 51, ROAS 1.52x — no decisive signal. Weather=UNKNOWN. Maintain current budget."
2026-06-23,South Delhi,Delhi,All Seasons,MindfulMunch Bowl,TH-385-DUCKTOY-16JUNE-DOG,Urban Pet Parents,1,846.62,648.15,1.3062,50.5,HOLD,1.0,1,"Opportunity score 50, ROAS 1.31x — no decisive signal. Maintain current budget."
2026-06-23,moradabad,Uttar Pradesh,All Seasons,DuckDash Treat Toy,TH-385-DUCKTOY-16JUNE-CAT,Cat Lover,1,846.61,649.34,1.3038,50.49,HOLD,1.0,1,"Opportunity score 50, ROAS 1.30x — no decisive signal. Maintain current budget."
2026-06-23,Tiruvarur,Tamil Nadu,All Seasons,DuckDash Treat Toy,TH-385-DUCKTOY-16JUNE-CAT,Cat Lover,1,846.61,649.34,1.3038,50.49,HOLD,1.0,1,"Opportunity score 50, ROAS 1.30x — no decisive signal. Maintain current budget."
2026-06-23,Raigarh MH,Maharashtra,All Seasons,DuckDash Treat Toy,TH-385-DUCKTOY-16JUNE-CAT,Cat Lover,1,846.61,649.34,1.3038,50.49,HOLD,1.0,1,"Opportunity score 50, ROAS 1.30x — no decisive signal. Maintain current budget."
2026-06-23,Gautam Buddha Nagar,Uttar Pradesh,All Seasons,DuckDash Treat Toy,TH-385-DUCKTOY-16JUNE-CAT,Cat Lover,1,846.61,649.34,1.3038,50.49,HOLD,1.0,1,"Opportunity score 50, ROAS 1.30x — no decisive signal. Maintain current budget."
2026-06-23,Devanahalli,Karnataka,All Seasons,DuckDash Treat Toy,TH-385-DUCKTOY-16JUNE-CAT,Cat Lover,1,846.61,649.34,1.3038,50.49,HOLD,1.0,1,"Opportunity score 50, ROAS 1.30x — no decisive signal. Maintain current budget."
2026-06-23,Bathinda,Punjab,All Seasons,DuckDash Treat Toy,TH-385-DUCKTOY-16JUNE-CAT,Cat Lover,1,846.61,649.34,1.3038,50.49,HOLD,1.0,1,"Opportunity score 50, ROAS 1.30x — no decisive signal. Maintain current budget."
2026-06-23,Bengaluru,Karnataka,,FusionGrip Harness – 2-in-1 Dog Harness with Retractable Leash,TH-348-FUSIONHARNESS-17JUNE-ADV+,Broad Advantage+,1,2541.53,653.02,3.892,50.46,HOLD,1.0,1,"Opportunity score 50, ROAS 3.89x — no decisive signal. Weather=UNKNOWN. Maintain current budget."
2026-06-23,UDUPI,Karnataka,Monsoon,Pawveralls Suspender Boots,TH-383-SUSPENDER-17JUNE,Urban Pet Parents,1,2117.8,1430.38,1.4806,50.4,HOLD,1.0,1,"Opportunity score 50, ROAS 1.48x — no decisive signal. Weather=UNKNOWN. Maintain current budget."
2026-06-23,Ghaziabad,Uttar Pradesh,,FetchNova UFO Ball | Bounce-Spin Toy | Smart Play for Active Dogs,TH-198-UFOBALL-01JUNE,ICP Pet Parents,3,1693.22,1188.67,1.4245,50.34,HOLD,1.0,0,"Opportunity score 50, ROAS 1.42x — no decisive signal. Weather=HEAT_HIGH. Maintain current budget."
2026-06-23,Mumbai,Maharashtra,Monsoon,Paw Cleanser 500ml,TH-198-UFOBALL-01JUNE,Urban Pet Parent,3,2033.22,1022.75,1.9879999,50.26,HOLD,1.0,0,"Opportunity score 50, ROAS 1.99x — no decisive signal. Maintain current budget."
2026-06-23,moradabad,Uttar Pradesh,,LumenPool Bed – Cooling Water Bed for Dogs & Cats with Floating Toys | Foldable | Stress-Relieving,TH-385-DUCKTOY-16JUNE-CAT,Cat Lover,1,2117.8,649.34,3.2615,50.24,HOLD,1.0,1,"Opportunity score 50, ROAS 3.26x — no decisive signal. Maintain current budget."
2026-06-23,Thane,Maharashtra,All Seasons,PocketPup Tote,TH-054-TOTE-19JUNE,ICP Pet Parent,1,1270.34,341.83,3.7163,49.96,HOLD,1.0,0,"Opportunity score 50, ROAS 3.72x — no decisive signal. Maintain current budget."
2026-06-23,Mumbai,Maharashtra,All Seasons,PocketPup Tote,TH-054-TOTE-19JUNE,ICP Pet Parent,1,1270.34,341.83,3.7163,49.96,HOLD,1.0,0,"Opportunity score 50, ROAS 3.72x — no decisive signal. Maintain current budget."
2026-06-23,Kodakandla,Tamil Nadu,All Seasons,Stormborn Harness,DOG HARNESS-CTL-19JUNE,Urban Pet Parent,1,2117.8,1076.29,1.9677,49.84,HOLD,1.0,1,"Opportunity score 50, ROAS 1.97x — no decisive signal. Weather=UNKNOWN. Maintain current budget."
2026-06-23,Udaipur,Rajasthan,All Seasons,DuckDash Treat Toy,TH-385-DUCKTOY-16JUNE-DOG,ICP Pet Parents,1,846.61,431.7,1.9611,49.81,HOLD,1.0,1,"Opportunity score 50, ROAS 1.96x — no decisive signal. Weather=UNKNOWN. Maintain current budget."
2026-06-23,Nee delhi,Delhi,All Seasons,DuckDash Treat Toy,TH-385-DUCKTOY-16JUNE-DOG,ICP Pet Parents,1,846.62,431.7,1.9611,49.81,HOLD,1.0,1,"Opportunity score 50, ROAS 1.96x — no decisive signal. Weather=UNKNOWN. Maintain current budget."
2026-06-23,Secunderabad,Telangana,All Seasons,DuckDash Treat Toy,TH-385-DUCKTOY-16JUNE-DOG,Urban Pet Parents,1,846.61,713.95,1.1858,49.78,HOLD,1.0,1,"Opportunity score 50, ROAS 1.19x — no decisive signal. Maintain current budget."
2026-06-23,North 24 Parganas,West Bengal,All Seasons,DuckDash Treat Toy,TH-385-DUCKTOY-16JUNE-DOG,Urban Pet Parents,1,846.61,713.95,1.1858,49.78,HOLD,1.0,1,"Opportunity score 50, ROAS 1.19x — no decisive signal. Maintain current budget."
2026-06-23,Mumbai,Maharashtra,Monsoon,Paw Cleanser 500ml,TH-336-PAWTECH-11JUNE-CR,Broad Advantage+,3,1694.24,1576.85,1.0744,49.78,HOLD,1.0,1,"Opportunity score 50, ROAS 1.07x — no decisive signal. Maintain current budget."
2026-06-23,East Godavari,Andhra Pradesh,All Seasons,DuckDash Treat Toy,TH-385-DUCKTOY-16JUNE-DOG,Urban Pet Parents,1,846.61,713.95,1.1858,49.78,HOLD,1.0,1,"Opportunity score 50, ROAS 1.19x — no decisive signal. Maintain current budget."
2026-06-23,Raipur,Chhattisgarh,All Seasons,TangleGuard Leash,TH-152-TANGLELEASH-11JUNE-ADV+,Broad Advantage+,1,1821.19,1559.38,1.1679,49.67,HOLD,1.0,1,"Opportunity score 50, ROAS 1.17x — no decisive signal. Maintain current budget."
2026-06-23,Kanchipuram,Tamil Nadu,All Seasons,TangleGuard Leash,TH-152-TANGLELEASH-11JUNE-ADV+,Broad Advantage+,1,1821.19,1559.38,1.1679,49.67,HOLD,1.0,1,"Opportunity score 50, ROAS 1.17x — no decisive signal. Maintain current budget."
2026-06-23,East Khasi Hills,Meghalaya,All Seasons,DuckDash Treat Toy,TH-385-DUCKTOY-16JUNE-CAT,Cat Lover,1,916.51,793.34,1.1553,49.6,HOLD,1.0,1,"Opportunity score 50, ROAS 1.16x — no decisive signal. Maintain current budget."
2026-06-23,Chennai,Tamil Nadu,All Seasons,DuckDash Treat Toy,TH-385-DUCKTOY-16JUNE-DOG,ICP Pet Parents,1,846.61,431.7,1.9611,49.43,HOLD,1.0,0,"Opportunity score 49, ROAS 1.96x — no decisive signal. Maintain current budget."
2026-06-23,Hyderabad,Telangana,,FetchNova UFO Ball | Bounce-Spin Toy | Smart Play for Active Dogs,TH-198-UFOBALL-01JUNE,ICP Pet Parents,3,1693.22,1160.23,1.4593999,49.4,HOLD,1.0,1,"Opportunity score 49, ROAS 1.46x — no decisive signal. Weather=RAIN_EMERGING. Maintain current budget."
2026-06-23,ahmedabad,Gujarat,All Seasons,DuckDash Treat Toy,TH-385-DUCKTOY-16JUNE-DOG,Urban Pet Parents,1,1100.85,1016.81,1.0827,49.16,HOLD,1.0,1,"Opportunity score 49, ROAS 1.08x — no decisive signal. Maintain current budget."
2026-06-23,Raigarh(Mh),Maharashtra,All Seasons,DuckDash Treat Toy,TH-385-DUCKTOY-16JUNE-DOG,Urban Pet Parents,1,1100.85,1016.81,1.0827,49.16,HOLD,1.0,1,"Opportunity score 49, ROAS 1.08x — no decisive signal. Maintain current budget."
2026-06-23,Pune,Maharashtra,,FetchNova UFO Ball | Bounce-Spin Toy | Smart Play for Active Dogs,TH-198-UFOBALL-23APR,ICP Pet Parents,3,846.61,0.0,0.0,49.07,HOLD,1.0,1,"Opportunity score 49, ROAS 0.00x — no decisive signal. Weather=RAIN_ACTIVE. Maintain current budget."
2026-06-23,gurgaon,Haryana,All Seasons,DuckDash Treat Toy,TH-385-DUCKTOY-16JUNE-CAT,Cat Lover,1,846.61,793.34,1.0671,49.07,HOLD,1.0,1,"Opportunity score 49, ROAS 1.07x — no decisive signal. Maintain current budget."
2026-06-23,WEST,Delhi,All Seasons,DuckDash Treat Toy,TH-385-DUCKTOY-16JUNE-CAT,Cat Lover,1,846.62,793.34,1.0672,49.07,HOLD,1.0,1,"Opportunity score 49, ROAS 1.07x — no decisive signal. Maintain current budget."
2026-06-23,Dhanbad,Jharkhand,All Seasons,DuckDash Treat Toy,TH-385-DUCKTOY-16JUNE-CAT,Cat Lover,1,846.61,793.34,1.0671,49.07,HOLD,1.0,1,"Opportunity score 49, ROAS 1.07x — no decisive signal. Maintain current budget."
2026-06-23,pune,Maharashtra,Monsoon,DrizzleCape,DOG HARNESS-CTL-19JUNE,Urban Pet Parent,1,1948.31,1076.29,1.8102,49.05,HOLD,1.0,0,"Opportunity score 49, ROAS 1.81x — no decisive signal. Weather=RAIN_ACTIVE. Maintain current budget."
2026-06-23,Ahmedabad,Gujarat,All Seasons,TangleGuard Leash,TH-152-TANGLELEASH-11JUNE-ADV+,Broad Advantage+,1,2033.22,1366.15,1.4883,48.94,HOLD,1.0,1,"Opportunity score 49, ROAS 1.49x — no decisive signal. Weather=HEAT_HIGH. Maintain current budget."
2026-06-23,Pune,Maharashtra,All Seasons,MistCalm Brush,TH-287-MISTCALMBRUSH-19JUNE,ICP Pet Parents,1,1100.85,1062.19,1.0364,48.89,HOLD,1.0,1,"Opportunity score 49, ROAS 1.04x — no decisive signal. Maintain current budget."
2026-06-23,North Goa,Goa,All Seasons,MistCalm Brush,TH-287-MISTCALMBRUSH-19JUNE,ICP Pet Parents,1,1100.85,1062.19,1.0364,48.89,HOLD,1.0,1,"Opportunity score 49, ROAS 1.04x — no decisive signal. Maintain current budget."
2026-06-23,Bangalore,Karnataka,All Seasons,TangleGuard Leash,TH-152-TANGLELEASH-11JUNE-ADV+,Broad Advantage+,1,1821.19,1810.75,1.0058,48.7,HOLD,1.0,1,"Opportunity score 49, ROAS 1.01x — no decisive signal. Maintain current budget."
2026-06-23,Sambalpur,Odisha,,FetchNova UFO Ball | Bounce-Spin Toy | Smart Play for Active Dogs,TH-198-UFOBALL-01JUNE,Urban Pet Parent,1,846.61,239.29,3.538,48.69,HOLD,1.0,1,"Opportunity score 49, ROAS 3.54x — no decisive signal. Weather=UNKNOWN. Maintain current budget."
2026-06-23,SOUTH,Delhi,,FetchNova UFO Ball | Bounce-Spin Toy | Smart Play for Active Dogs,TH-198-UFOBALL-01JUNE,Urban Pet Parent,1,846.62,239.29,3.5381,48.69,HOLD,1.0,1,"Opportunity score 49, ROAS 3.54x — no decisive signal. Weather=UNKNOWN. Maintain current budget."
2026-06-23,Pipaliya Berkhedi,Madhya Pradesh,All Seasons,PocketPup Tote,TH-054-TOTE-19JUNE,ICP Pet Parent,1,1270.34,341.83,3.7163,48.58,HOLD,1.0,1,"Opportunity score 49, ROAS 3.72x — no decisive signal. Weather=UNKNOWN. Maintain current budget."
2026-06-23,Bengaluru,Karnataka,All Seasons,PocketPup Tote,TH-054-TOTE-19JUNE,ICP Pet Parent,1,1270.34,341.83,3.7163,48.58,HOLD,1.0,1,"Opportunity score 49, ROAS 3.72x — no decisive signal. Weather=UNKNOWN. Maintain current budget."
2026-06-23,Chennai,Tamil Nadu,,"ChillSip Bowl – Cooling Pet Water Bowl for Fresh, Hydrated Days",TH-373-STILLSPRING-17JUNE-CS,Cat Lover,2,1270.34,1484.0,0.856,48.53,HOLD,1.0,0,"Opportunity score 49, ROAS 0.86x — no decisive signal. Weather=RAIN_EMERGING. Maintain current budget."
2026-06-23,Srinagar,Jammu and Kashmir,All Seasons,DuckDash Treat Toy,TH-385-DUCKTOY-16JUNE-DOG,Urban Pet Parents,1,1100.85,648.15,1.6984,48.49,HOLD,1.0,1,"Opportunity score 48, ROAS 1.70x — no decisive signal. Weather=UNKNOWN. Maintain current budget."
2026-06-23,Rupnagar,Punjab,All Seasons,DuckDash Treat Toy,TH-385-DUCKTOY-16JUNE-DOG,Urban Pet Parents,1,1100.85,648.15,1.6984,48.49,HOLD,1.0,1,"Opportunity score 48, ROAS 1.70x — no decisive signal. Weather=UNKNOWN. Maintain current budget."
2026-06-23,North West Delhi,Delhi,All Seasons,DuckDash Treat Toy,TH-385-DUCKTOY-16JUNE-DOG,Urban Pet Parents,1,1100.84,648.15,1.6984,48.49,HOLD,1.0,1,"Opportunity score 48, ROAS 1.70x — no decisive signal. Weather=UNKNOWN. Maintain current budget."
2026-06-23,Dehradun,Uttarakhand,All Seasons,DuckDash Treat Toy,TH-385-DUCKTOY-16JUNE-DOG,Urban Pet Parents,1,1100.85,648.15,1.6984,48.49,HOLD,1.0,1,"Opportunity score 48, ROAS 1.70x — no decisive signal. Weather=UNKNOWN. Maintain current budget."
2026-06-23,Ahmedabad,Gujarat,Summer,SnugSole Boots,TH-012-SNUGBOO-19JUN,Urban Pet Parent,1,1863.56,444.91,4.1886,48.44,HOLD,1.0,0,"Opportunity score 48, ROAS 4.19x — no decisive signal. Weather=HEAT_HIGH. Maintain current budget."
2026-06-23,PUNE,Maharashtra,,StillSpring Fountain | Pet Water Fountain for Cats & Small Dogs | Quiet Flow Hydration System,TH-373-STILLSPRING-17JUNE-CS,Cat Lover,1,2541.53,1219.45,2.0842,48.42,HOLD,1.0,0,"Opportunity score 48, ROAS 2.08x — no decisive signal. Weather=RAIN_ACTIVE. Maintain current budget."
2026-06-23,JAMNAGAR,Gujarat,Monsoon,Paw Cleanser 500ml,TH-336-PAWTECH-11JUNE-CR,Broad Advantage+,1,1694.24,1576.85,1.0744,48.37,HOLD,1.0,1,"Opportunity score 48, ROAS 1.07x — no decisive signal. Weather=UNKNOWN. Maintain current budget."
2026-06-23,Gurugram,Haryana,,FusionGrip Harness – 2-in-1 Dog Harness with Retractable Leash,TH-348-FUSIONHARNESS-17JUNE-ADV+,Broad Advantage+,1,2264.16,653.02,3.4672,48.34,HOLD,1.0,1,"Opportunity score 48, ROAS 3.47x — no decisive signal. Weather=UNKNOWN. Maintain current budget."
2026-06-23,Mumbai Suburban,Maharashtra,All Seasons,DuckDash Treat Toy,TH-385-DUCKTOY-16JUNE-CAT,Cat Lover,1,1100.85,1180.88,0.9322,48.26,HOLD,1.0,1,"Opportunity score 48, ROAS 0.93x — no decisive signal. Maintain current budget."
2026-06-23,Jammu,Jammu and Kashmir,All Seasons,DuckDash Treat Toy,TH-385-DUCKTOY-16JUNE-CAT,Cat Lover,1,1100.85,1180.88,0.9322,48.26,HOLD,1.0,1,"Opportunity score 48, ROAS 0.93x — no decisive signal. Maintain current budget."
2026-06-23,Kanchipuram,Tamil Nadu,Monsoon,Pawveralls Suspender Boots,TH-383-SUSPENDER,Broad Advantage+,1,2711.02,2593.29,1.0454,48.23,HOLD,1.0,1,"Opportunity score 48, ROAS 1.05x — no decisive signal. Weather=UNKNOWN. Maintain current budget."
2026-06-23,Mumbai,Maharashtra,,FetchNova UFO Ball | Bounce-Spin Toy | Smart Play for Active Dogs,TH-198-UFOBALL-01JUNE,ICP Pet Parents,9,6772.88,4223.86,1.6035,48.07,HOLD,1.0,0,"Opportunity score 48, ROAS 1.60x — no decisive signal. Weather=RAIN_ACTIVE. Maintain current budget."
2026-06-23,Dadra  Nagar Haveli,Dadra and Nagar Haveli,All Seasons,TangleGuard Leash,TH-152-TANGLELEASH-11JUNE-ADV+,Broad Advantage+,1,2201.1,1366.15,1.6112,48.06,HOLD,1.0,1,"Opportunity score 48, ROAS 1.61x — no decisive signal. Weather=UNKNOWN. Maintain current budget."
2026-06-23,Pune,Maharashtra,,FetchNova UFO Ball | Bounce-Spin Toy | Smart Play for Active Dogs,TH-198-UFOBALL-01JUNE,ICP Pet Parents,3,846.61,494.6,1.7117,48.02,HOLD,1.0,1,"Opportunity score 48, ROAS 1.71x — no decisive signal. Maintain current budget."
2026-06-23,Gurugram,Haryana,,LumenPool Bed – Cooling Water Bed for Dogs & Cats with Floating Toys | Foldable | Stress-Relieving,TH-348-FUSIONHARNESS-17JUNE-ADV+,Broad Advantage+,1,1886.69,653.02,2.8892,48.0,HOLD,1.0,1,"Opportunity score 48, ROAS 2.89x — no decisive signal. Maintain current budget."
2026-06-23,Gurugram,Haryana,Monsoon,WildTrail Boots,TH-068-WILD-18JUNE-ADV+,Broad Advantage+,1,1694.07,854.59,1.9823,47.91,HOLD,1.0,0,"Opportunity score 48, ROAS 1.98x — no decisive signal. Weather=UNKNOWN. Maintain current budget."
2026-06-23,Mumbai,Maharashtra,,ZipTrek Boots | Secure Fit | Waterproof Paw Protection,TH-012-SNUGBOO-19JUN,Urban Pet Parent,1,1863.56,941.22,1.9799,47.9,HOLD,1.0,0,"Opportunity score 48, ROAS 1.98x — no decisive signal. Weather=RAIN_ACTIVE. Maintain current budget."
2026-06-23,PUNE,Maharashtra,,ZeviKix – Breathable Dog Shoes with Anti-Slip Sole & Adjustable Velcro Strap | Lightweight Paw Protection for Small Dogs & Daily Walks,TH-383-SUSPENDER-17JUNE,Urban Pet Parents,1,2541.53,1286.04,1.9762,47.88,HOLD,1.0,0,"Opportunity score 48, ROAS 1.98x — no decisive signal. Weather=RAIN_ACTIVE. Maintain current budget."
2026-06-23,CHENNAI,Tamil Nadu,All Seasons,DuckDash Treat Toy,TH-385-DUCKTOY-16JUNE-DOG,Urban Pet Parents,1,1100.85,648.15,1.6984,47.86,HOLD,1.0,0,"Opportunity score 48, ROAS 1.70x — no decisive signal. Maintain current budget."
2026-06-23,Mumbai Subueban,Maharashtra,Winter,BlueJay Sneaks,TH-012-SNUGBOO-19JUN,Urban Pet Parent,1,2117.8,749.91,2.8241,47.61,HOLD,1.0,1,"Opportunity score 48, ROAS 2.82x — no decisive signal. Maintain current budget."
2026-06-23,West Godavari,Andhra Pradesh,All Seasons,DuckDash Treat Toy,TH-385-DUCKTOY-16JUNE-CAT,Cat Lover,1,846.61,1059.08,0.7994,47.46,HOLD,1.0,1,"Opportunity score 47, ROAS 0.80x — no decisive signal. Maintain current budget."
2026-06-23,North Goa,Goa,All Seasons,DuckDash Treat Toy,TH-385-DUCKTOY-16JUNE-CAT,Cat Lover,1,846.61,1059.08,0.7994,47.46,HOLD,1.0,1,"Opportunity score 47, ROAS 0.80x — no decisive signal. Maintain current budget."
2026-06-23,Mumbai  North,Maharashtra,All Seasons,DuckDash Treat Toy,TH-385-DUCKTOY-16JUNE-CAT,Cat Lover,1,846.61,1059.08,0.7994,47.46,HOLD,1.0,1,"Opportunity score 47, ROAS 0.80x — no decisive signal. Maintain current budget."
2026-06-23,Hyderabadad,Telangana,All Seasons,TangleGuard Leash,TH-152-TANGLELEASH-11JUNE-ADV+,Broad Advantage+,1,2033.22,1366.15,1.4883,47.44,HOLD,1.0,1,"Opportunity score 47, ROAS 1.49x — no decisive signal. Weather=UNKNOWN. Maintain current budget."
2026-06-23,Noida,Uttar Pradesh,,FetchNova UFO Ball | Bounce-Spin Toy | Smart Play for Active Dogs,TH-198-UFOBALL-01JUNE,ICP Pet Parents,2,1693.22,1014.74,1.6686001,47.35,HOLD,1.0,0,"Opportunity score 47, ROAS 1.67x — no decisive signal. Maintain current budget."
2026-06-23,moradabad,Uttar Pradesh,,LumenPool Bed – Cooling Water Bed for Dogs & Cats with Floating Toys | Foldable | Stress-Relieving,TH-385-DUCKTOY-16JUNE-CAT,Cat Lover,1,2117.8,649.34,3.2615,47.31,HOLD,1.0,1,"Opportunity score 47, ROAS 3.26x — no decisive signal. Weather=UNKNOWN. Maintain current budget."
2026-06-23,Kolkata,West Bengal,,"SnapClean Poop Scooper | No-Touch, Hygienic & Effortless Cleanup for Dogs",TH-383-SUSPENDER-20JUNE,Broad Advantage+,1,486.01,308.41,1.5759001,47.13,HOLD,1.0,1,"Opportunity score 47, ROAS 1.58x — no decisive signal. Weather=RAIN_EMERGING. Maintain current budget."
2026-06-23,Nagpur,Maharashtra,,FetchNova UFO Ball | Bounce-Spin Toy | Smart Play for Active Dogs,TH-198-UFOBALL-01JUNE,ICP Pet Parents,2,1693.22,1040.28,1.6277,47.1,HOLD,1.0,0,"Opportunity score 47, ROAS 1.63x — no decisive signal. Maintain current budget."
2026-06-23,Thrissur,Kerala,All Seasons,DuckDash Treat Toy,TH-385-DUCKTOY-16JUNE-DOG,Urban Pet Parents,1,846.61,1165.55,0.7264,47.02,HOLD,1.0,1,"Opportunity score 47, ROAS 0.73x — no decisive signal. Maintain current budget."
2026-06-23,Pondicherry,Tamil Nadu,All Seasons,DuckDash Treat Toy,TH-385-DUCKTOY-16JUNE-DOG,Urban Pet Parents,1,846.61,1165.55,0.7264,47.02,HOLD,1.0,1,"Opportunity score 47, ROAS 0.73x — no decisive signal. Maintain current budget."
2026-06-23,MUMBAI SUBURBAN,Maharashtra,All Seasons,DuckDash Treat Toy,TH-385-DUCKTOY-16JUNE-DOG,Urban Pet Parents,1,846.61,1165.55,0.7264,47.02,HOLD,1.0,1,"Opportunity score 47, ROAS 0.73x — no decisive signal. Maintain current budget."
2026-06-23,ahmedabad,Gujarat,All Seasons,DuckDash Treat Toy,TH-385-DUCKTOY-16JUNE-DOG,Urban Pet Parents,1,1100.85,1016.81,1.0827,46.91,HOLD,1.0,1,"Opportunity score 47, ROAS 1.08x — no decisive signal. Weather=HEAT_HIGH. Maintain current budget."
2026-06-23,KOLKATA,West Bengal,,FetchNova UFO Ball | Bounce-Spin Toy | Smart Play for Active Dogs,TH-198-UFOBALL-01JUNE,Urban Pet Parent,1,846.61,239.29,3.538,46.89,HOLD,1.0,0,"Opportunity score 47, ROAS 3.54x — no decisive signal. Maintain current budget."
2026-06-23,CHENNAI,Tamil Nadu,,FetchNova UFO Ball | Bounce-Spin Toy | Smart Play for Active Dogs,TH-198-UFOBALL-01JUNE,Urban Pet Parent,1,846.61,239.29,3.538,46.89,HOLD,1.0,0,"Opportunity score 47, ROAS 3.54x — no decisive signal. Maintain current budget."
2026-06-23,Gurugram,Haryana,Monsoon,Paw Cleanser 500ml,TH-336-PAWTECH-11JUNE-CR,Broad Advantage+,1,2117.8,1576.85,1.3431001,46.86,HOLD,1.0,1,"Opportunity score 47, ROAS 1.34x — no decisive signal. Weather=UNKNOWN. Maintain current budget."
2026-06-23,Thane,Maharashtra,,ChewBuzz Toy | Interactive Sound Chew Toy for Dogs | Textured Rubber Boredom Buster,TH-198-UFOBALL-01JUNE,ICP Pet Parents,1,846.61,487.08,1.7381,46.69,HOLD,1.0,0,"Opportunity score 47, ROAS 1.74x — no decisive signal. Weather=RAIN_ACTIVE. Maintain current budget."
2026-06-23,DEHRADUN,Uttarakhand,All Seasons,ZenLick Dog Food Mat,TH-198-UFOBALL-01JUNE,Urban Pet Parent,1,677.12,1022.75,0.6621,46.64,HOLD,1.0,1,"Opportunity score 47, ROAS 0.66x — no decisive signal. Maintain current budget."
2026-06-23,Indore,Madhya Pradesh,,FetchNova UFO Ball | Bounce-Spin Toy | Smart Play for Active Dogs,TH-198-UFOBALL-01JUNE,ICP Pet Parents,1,846.61,580.11,1.4593999,46.55,HOLD,1.0,1,"Opportunity score 47, ROAS 1.46x — no decisive signal. Weather=RAIN_EMERGING. Maintain current budget."
2026-06-23,Howrah,West Bengal,,FetchNova UFO Ball | Bounce-Spin Toy | Smart Play for Active Dogs,TH-198-UFOBALL-01JUNE,ICP Pet Parents,1,846.61,580.11,1.4593999,46.55,HOLD,1.0,1,"Opportunity score 47, ROAS 1.46x — no decisive signal. Weather=RAIN_EMERGING. Maintain current budget."
2026-06-23,Rangareddy,Telangana,All Seasons,TangleGuard Leash,TH-152-TANGLELEASH-11JUNE-ADV+,Broad Advantage+,1,2541.53,3937.24,0.6455,46.54,HOLD,1.0,1,"Opportunity score 47, ROAS 0.65x — no decisive signal. Maintain current budget."
2026-06-23,South Delhi,Delhi,All Seasons,MindfulMunch Bowl,TH-385-DUCKTOY-16JUNE-DOG,Urban Pet Parents,1,846.62,648.15,1.3062,46.53,HOLD,1.0,1,"Opportunity score 47, ROAS 1.31x — no decisive signal. Weather=UNKNOWN. Maintain current budget."
2026-06-23,Chennai,Tamil Nadu,,FloorGuard Mat | Mess-Free Meals | Secure & Easy to Clean,TH-373-STILLSPRING-17JUNE-CS,Cat Lover,2,677.12,1484.0,0.4563,46.53,HOLD,1.0,0,"Opportunity score 47, ROAS 0.46x — no decisive signal. Weather=RAIN_EMERGING. Maintain current budget."
2026-06-23,moradabad,Uttar Pradesh,All Seasons,DuckDash Treat Toy,TH-385-DUCKTOY-16JUNE-CAT,Cat Lover,1,846.61,649.34,1.3038,46.52,HOLD,1.0,1,"Opportunity score 47, ROAS 1.30x — no decisive signal. Weather=UNKNOWN. Maintain current budget."
2026-06-23,Tiruvarur,Tamil Nadu,All Seasons,DuckDash Treat Toy,TH-385-DUCKTOY-16JUNE-CAT,Cat Lover,1,846.61,649.34,1.3038,46.52,HOLD,1.0,1,"Opportunity score 47, ROAS 1.30x — no decisive signal. Weather=UNKNOWN. Maintain current budget."
2026-06-23,Raigarh MH,Maharashtra,All Seasons,DuckDash Treat Toy,TH-385-DUCKTOY-16JUNE-CAT,Cat Lover,1,846.61,649.34,1.3038,46.52,HOLD,1.0,1,"Opportunity score 47, ROAS 1.30x — no decisive signal. Weather=UNKNOWN. Maintain current budget."
2026-06-23,Gautam Buddha Nagar,Uttar Pradesh,All Seasons,DuckDash Treat Toy,TH-385-DUCKTOY-16JUNE-CAT,Cat Lover,1,846.61,649.34,1.3038,46.52,HOLD,1.0,1,"Opportunity score 47, ROAS 1.30x — no decisive signal. Weather=UNKNOWN. Maintain current budget."
2026-06-23,Devanahalli,Karnataka,All Seasons,DuckDash Treat Toy,TH-385-DUCKTOY-16JUNE-CAT,Cat Lover,1,846.61,649.34,1.3038,46.52,HOLD,1.0,1,"Opportunity score 47, ROAS 1.30x — no decisive signal. Weather=UNKNOWN. Maintain current budget."
2026-06-23,Bathinda,Punjab,All Seasons,DuckDash Treat Toy,TH-385-DUCKTOY-16JUNE-CAT,Cat Lover,1,846.61,649.34,1.3038,46.52,HOLD,1.0,1,"Opportunity score 47, ROAS 1.30x — no decisive signal. Weather=UNKNOWN. Maintain current budget."
2026-06-23,Varanasi,Uttar Pradesh,All Seasons,DuckDash Treat Toy,TH-385-DUCKTOY-16JUNE-DOG,ICP Pet Parents,1,846.61,1388.59,0.6097,46.32,HOLD,1.0,1,"Opportunity score 46, ROAS 0.61x — no decisive signal. Maintain current budget."
2026-06-23,Mumbai Subueban,Maharashtra,,FetchNova UFO Ball | Bounce-Spin Toy | Smart Play for Active Dogs,TH-198-UFOBALL-01JUNE,ICP Pet Parents,5,4233.05,2386.72,1.7736,46.31,HOLD,1.0,1,"Opportunity score 46, ROAS 1.77x — no decisive signal. Maintain current budget."
2026-06-23,Kolkata,West Bengal,Monsoon,WildTrail Boots,TH-068-WILD-31JAN,Urban Pet Parents,1,2117.8,0.0,0.0,46.25,HOLD,1.0,0,"Opportunity score 46, ROAS 0.00x — no decisive signal. Weather=RAIN_EMERGING. Maintain current budget."
2026-06-23,mumbai,Maharashtra,,FetchNova UFO Ball | Bounce-Spin Toy | Smart Play for Active Dogs,TH-198-UFOBALL-01JUNE,ICP Pet Parents,1,846.61,520.14,1.6277,46.14,HOLD,1.0,0,"Opportunity score 46, ROAS 1.63x — no decisive signal. Weather=RAIN_ACTIVE. Maintain current budget."
2026-06-23,East Godavari,Andhra Pradesh,All Seasons,DuckDash Treat Toy,TH-385-DUCKTOY-16JUNE-DOG,Urban Pet Parents,1,846.61,713.95,1.1858,45.93,HOLD,1.0,1,"Opportunity score 46, ROAS 1.19x — no decisive signal. Weather=UNKNOWN. Maintain current budget."
2026-06-23,Kolkata Metro Region,West Bengal,All Seasons,DuckDash Treat Toy,TH-385-DUCKTOY-16JUNE-DOG,Urban Pet Parents,1,846.61,1582.44,0.535,45.88,HOLD,1.0,1,"Opportunity score 46, ROAS 0.54x — no decisive signal. Maintain current budget."
2026-06-23,Almora,Uttarakhand,All Seasons,DuckDash Treat Toy,TH-385-DUCKTOY-16JUNE-DOG,Urban Pet Parents,1,846.61,1582.44,0.535,45.88,HOLD,1.0,1,"Opportunity score 46, ROAS 0.54x — no decisive signal. Maintain current budget."
2026-06-23,Raipur,Chhattisgarh,All Seasons,TangleGuard Leash,TH-152-TANGLELEASH-11JUNE-ADV+,Broad Advantage+,1,1821.19,1559.38,1.1679,45.84,HOLD,1.0,1,"Opportunity score 46, ROAS 1.17x — no decisive signal. Weather=UNKNOWN. Maintain current budget."
2026-06-23,Noida,Uttar Pradesh,,FetchNova UFO Ball | Bounce-Spin Toy | Smart Play for Active Dogs,TH-198-UFOBALL-01JUNE,ICP Pet Parents,2,1693.22,1014.74,1.6686001,45.84,HOLD,1.0,0,"Opportunity score 46, ROAS 1.67x — no decisive signal. Weather=HEAT_HIGH. Maintain current budget."
2026-06-23,Kanchipuram,Tamil Nadu,All Seasons,TangleGuard Leash,TH-152-TANGLELEASH-11JUNE-ADV+,Broad Advantage+,1,1821.19,1559.38,1.1679,45.84,HOLD,1.0,1,"Opportunity score 46, ROAS 1.17x — no decisive signal. Weather=UNKNOWN. Maintain current budget."
2026-06-23,East Khasi Hills,Meghalaya,All Seasons,DuckDash Treat Toy,TH-385-DUCKTOY-16JUNE-CAT,Cat Lover,1,916.51,793.34,1.1553,45.78,HOLD,1.0,1,"Opportunity score 46, ROAS 1.16x — no decisive signal. Weather=UNKNOWN. Maintain current budget."
2026-06-23,Mumbai Subueban,Maharashtra,,FlutterPlay Toy | Interactive Cat Toy | Boredom-Breaking Indoor Play,TH-385-DUCKTOY-16JUNE-CAT,Cat Lover,1,1609.33,649.34,2.4784,45.54,HOLD,1.0,1,"Opportunity score 46, ROAS 2.48x — no decisive signal. Maintain current budget."
2026-06-23,Gurugram,Haryana,,LumenPool Bed – Cooling Water Bed for Dogs & Cats with Floating Toys | Foldable | Stress-Relieving,TH-348-FUSIONHARNESS-17JUNE-ADV+,Broad Advantage+,1,1886.69,653.02,2.8892,45.45,HOLD,1.0,1,"Opportunity score 45, ROAS 2.89x — no decisive signal. Weather=UNKNOWN. Maintain current budget."
2026-06-23,Raigarh(Mh),Maharashtra,All Seasons,DuckDash Treat Toy,TH-385-DUCKTOY-16JUNE-DOG,Urban Pet Parents,1,1100.85,1016.81,1.0827,45.41,HOLD,1.0,1,"Opportunity score 45, ROAS 1.08x — no decisive signal. Weather=UNKNOWN. Maintain current budget."
2026-06-23,gurgaon,Haryana,All Seasons,DuckDash Treat Toy,TH-385-DUCKTOY-16JUNE-CAT,Cat Lover,1,846.61,793.34,1.0671,45.34,HOLD,1.0,1,"Opportunity score 45, ROAS 1.07x — no decisive signal. Weather=UNKNOWN. Maintain current budget."
2026-06-23,WEST,Delhi,All Seasons,DuckDash Treat Toy,TH-385-DUCKTOY-16JUNE-CAT,Cat Lover,1,846.62,793.34,1.0672,45.34,HOLD,1.0,1,"Opportunity score 45, ROAS 1.07x — no decisive signal. Weather=UNKNOWN. Maintain current budget."
2026-06-23,Dhanbad,Jharkhand,All Seasons,DuckDash Treat Toy,TH-385-DUCKTOY-16JUNE-CAT,Cat Lover,1,846.61,793.34,1.0671,45.34,HOLD,1.0,1,"Opportunity score 45, ROAS 1.07x — no decisive signal. Weather=UNKNOWN. Maintain current budget."
2026-06-23,North Goa,Goa,All Seasons,MistCalm Brush,TH-287-MISTCALMBRUSH-19JUNE,ICP Pet Parents,1,1100.85,1062.19,1.0364,45.18,HOLD,1.0,1,"Opportunity score 45, ROAS 1.04x — no decisive signal. Weather=UNKNOWN. Maintain current budget."
2026-06-23,MUMBAI,Maharashtra,,FetchNova UFO Ball | Bounce-Spin Toy | Smart Play for Active Dogs,TH-198-UFOBALL-01JUNE,ICP Pet Parents,1,846.61,494.6,1.7117,45.13,HOLD,1.0,0,"Opportunity score 45, ROAS 1.71x — no decisive signal. Weather=RAIN_ACTIVE. Maintain current budget."
2026-06-23,Bangalore,Karnataka,All Seasons,TangleGuard Leash,TH-152-TANGLELEASH-11JUNE-ADV+,Broad Advantage+,1,1821.19,1810.75,1.0058,45.03,HOLD,1.0,1,"Opportunity score 45, ROAS 1.01x — no decisive signal. Weather=UNKNOWN. Maintain current budget."
2026-06-23,Ahmedabad,Gujarat,Monsoon,Paw Cleanser 500ml,TH-336-PAWTECH-11JUNE-CR,Broad Advantage+,1,0.0,1039.38,0.0,45.0,HOLD,1.0,1,"Opportunity score 45, ROAS 0.00x — no decisive signal. Maintain current budget."
2026-06-23,Thane,Maharashtra,,FetchNova UFO Ball | Bounce-Spin Toy | Smart Play for Active Dogs,TH-198-UFOBALL-01JUNE,ICP Pet Parents,4,1693.22,1193.43,1.4188,44.73,HOLD,1.0,0,"Opportunity score 45, ROAS 1.42x — no decisive signal. Maintain current budget."
2026-06-23,pune,Maharashtra,,Ave Walk Harness Set | All-Day Comfort Walk Set with Leash & Collar,DOG HARNESS-CTL-19JUNE,Urban Pet Parent,1,1439.83,1076.29,1.3378,44.69,HOLD,1.0,0,"Opportunity score 45, ROAS 1.34x — no decisive signal. Weather=RAIN_ACTIVE. Maintain current budget."
2026-06-23,Jammu,Jammu and Kashmir,All Seasons,DuckDash Treat Toy,TH-385-DUCKTOY-16JUNE-CAT,Cat Lover,1,1100.85,1180.88,0.9322,44.66,HOLD,1.0,1,"Opportunity score 45, ROAS 0.93x — no decisive signal. Weather=UNKNOWN. Maintain current budget."
2026-06-23,East Khasi Hills,Meghalaya,All Seasons,PocketPup Tote,TH-054-TOTE-19JUNE,ICP Pet Parent,1,1375.23,688.13,1.9985,44.66,HOLD,1.0,1,"Opportunity score 45, ROAS 2.00x — no decisive signal. Maintain current budget."
2026-06-23,North 24 Parganas,West Bengal,All Seasons,PocketPup Tote,TH-054-TOTE-19JUNE,ICP Pet Parent,1,1270.34,1009.49,1.2584,44.54,HOLD,1.0,1,"Opportunity score 45, ROAS 1.26x — no decisive signal. Weather=RAIN_EMERGING. Maintain current budget."
2026-06-23,Bhopal,Madhya Pradesh,All Seasons,PocketPup Tote,TH-054-TOTE-19JUNE,ICP Pet Parent,1,1270.34,1009.49,1.2584,44.54,HOLD,1.0,1,"Opportunity score 45, ROAS 1.26x — no decisive signal. Weather=RAIN_EMERGING. Maintain current budget."
2026-06-23,Bengaluru,Karnataka,,FetchNova UFO Ball | Bounce-Spin Toy | Smart Play for Active Dogs,TH-198-UFOBALL-01JUNE,ICP Pet Parents,9,5079.66,3487.11,1.4567,44.41,HOLD,1.0,1,"Opportunity score 44, ROAS 1.46x — no decisive signal. Maintain current budget."
2026-06-23,South Andaman,Andaman and Nicobar Islands,,Zoomie Boots – Secure Fit with Zipper & Strap | All-Terrain Paw Safety,TH-012-SNUGBOO-19JUN,Urban Pet Parent,1,1008.26,444.91,2.2662,44.26,HOLD,1.0,1,"Opportunity score 44, ROAS 2.27x — no decisive signal. Maintain current budget."
2026-06-23,West Godavari,Andhra Pradesh,All Seasons,DuckDash Treat Toy,TH-385-DUCKTOY-16JUNE-CAT,Cat Lover,1,846.61,1059.08,0.7994,44.0,HOLD,1.0,1,"Opportunity score 44, ROAS 0.80x — no decisive signal. Weather=UNKNOWN. Maintain current budget."
2026-06-23,North Goa,Goa,All Seasons,DuckDash Treat Toy,TH-385-DUCKTOY-16JUNE-CAT,Cat Lover,1,846.61,1059.08,0.7994,44.0,HOLD,1.0,1,"Opportunity score 44, ROAS 0.80x — no decisive signal. Weather=UNKNOWN. Maintain current budget."
2026-06-23,Mumbai  North,Maharashtra,All Seasons,DuckDash Treat Toy,TH-385-DUCKTOY-16JUNE-CAT,Cat Lover,1,846.61,1059.08,0.7994,44.0,HOLD,1.0,1,"Opportunity score 44, ROAS 0.80x — no decisive signal. Weather=UNKNOWN. Maintain current budget."
2026-06-23,North West Delhi,Delhi,All Seasons,PocketPup Tote,TH-054-TOTE-19JUNE,ICP Pet Parent,1,1270.34,688.13,1.8461,43.74,HOLD,1.0,1,"Opportunity score 44, ROAS 1.85x — no decisive signal. Maintain current budget."
2026-06-23,North Goa,Goa,All Seasons,PocketPup Tote,TH-054-TOTE-19JUNE,ICP Pet Parent,1,1270.34,688.13,1.8461,43.74,HOLD,1.0,1,"Opportunity score 44, ROAS 1.85x — no decisive signal. Maintain current budget."
2026-06-23,Gurgaon,Haryana,All Seasons,PocketPup Tote,TH-054-TOTE-19JUNE,ICP Pet Parent,1,1270.34,688.13,1.8461,43.74,HOLD,1.0,1,"Opportunity score 44, ROAS 1.85x — no decisive signal. Maintain current budget."
2026-06-23,Kolkata,West Bengal,,FetchNova UFO Ball | Bounce-Spin Toy | Smart Play for Active Dogs,TH-198-UFOBALL-01JUNE,ICP Pet Parents,3,1693.22,1286.46,1.3162,43.69,HOLD,1.0,0,"Opportunity score 44, ROAS 1.32x — no decisive signal. Weather=RAIN_EMERGING. Maintain current budget."
2026-06-23,Thrissur,Kerala,All Seasons,DuckDash Treat Toy,TH-385-DUCKTOY-16JUNE-DOG,Urban Pet Parents,1,846.61,1165.55,0.7264,43.63,HOLD,1.0,1,"Opportunity score 44, ROAS 0.73x — no decisive signal. Weather=UNKNOWN. Maintain current budget."
2026-06-23,Pondicherry,Tamil Nadu,All Seasons,DuckDash Treat Toy,TH-385-DUCKTOY-16JUNE-DOG,Urban Pet Parents,1,846.61,1165.55,0.7264,43.63,HOLD,1.0,1,"Opportunity score 44, ROAS 0.73x — no decisive signal. Weather=UNKNOWN. Maintain current budget."
2026-06-23,DEHRADUN,Uttarakhand,All Seasons,ZenLick Dog Food Mat,TH-198-UFOBALL-01JUNE,Urban Pet Parent,1,677.12,1022.75,0.6621,43.31,HOLD,1.0,1,"Opportunity score 43, ROAS 0.66x — no decisive signal. Weather=UNKNOWN. Maintain current budget."
2026-06-23,Rangareddy,Telangana,All Seasons,TangleGuard Leash,TH-152-TANGLELEASH-11JUNE-ADV+,Broad Advantage+,1,2541.53,3937.24,0.6455,43.23,HOLD,1.0,1,"Opportunity score 43, ROAS 0.65x — no decisive signal. Weather=UNKNOWN. Maintain current budget."
2026-06-23,Ahmedabad,Gujarat,Monsoon,Paw Cleanser 500ml,TH-336-PAWTECH-11JUNE-CR,Broad Advantage+,1,0.0,1039.38,0.0,43.07,HOLD,1.0,1,"Opportunity score 43, ROAS 0.00x — no decisive signal. Weather=HEAT_HIGH. Maintain current budget."
2026-06-23,Varanasi,Uttar Pradesh,All Seasons,DuckDash Treat Toy,TH-385-DUCKTOY-16JUNE-DOG,ICP Pet Parents,1,846.61,1388.59,0.6097,43.05,HOLD,1.0,1,"Opportunity score 43, ROAS 0.61x — no decisive signal. Weather=UNKNOWN. Maintain current budget."
2026-06-23,New Delhi,Delhi,,FetchNova UFO Ball | Bounce-Spin Toy | Smart Play for Active Dogs,TH-198-UFOBALL-01JUNE,ICP Pet Parents,2,846.62,520.14,1.6277,43.05,HOLD,1.0,1,"Opportunity score 43, ROAS 1.63x — no decisive signal. Maintain current budget."
2026-06-23,New Delhi,Delhi,,FetchNova UFO Ball | Bounce-Spin Toy | Smart Play for Active Dogs,TH-198-UFOBALL-01JUNE,ICP Pet Parents,2,846.62,520.14,1.6277,42.88,HOLD,1.0,1,"Opportunity score 43, ROAS 1.63x — no decisive signal. Weather=HEAT_HIGH. Maintain current budget."
2026-06-23,Hyderabad,Telangana,,FetchNova UFO Ball | Bounce-Spin Toy | Smart Play for Active Dogs,TH-198-UFOBALL-01JUNE,ICP Pet Parents,3,1693.22,1160.23,1.4593999,42.76,HOLD,1.0,1,"Opportunity score 43, ROAS 1.46x — no decisive signal. Maintain current budget."
2026-06-23,Kolkata Metro Region,West Bengal,All Seasons,DuckDash Treat Toy,TH-385-DUCKTOY-16JUNE-DOG,Urban Pet Parents,1,846.61,1582.44,0.535,42.68,HOLD,1.0,1,"Opportunity score 43, ROAS 0.54x — no decisive signal. Weather=UNKNOWN. Maintain current budget."
2026-06-23,Almora,Uttarakhand,All Seasons,DuckDash Treat Toy,TH-385-DUCKTOY-16JUNE-DOG,Urban Pet Parents,1,846.61,1582.44,0.535,42.68,HOLD,1.0,1,"Opportunity score 43, ROAS 0.54x — no decisive signal. Weather=UNKNOWN. Maintain current budget."
2026-06-23,LUCKNOW,Uttar Pradesh,All Seasons,DuckDash Treat Toy,TH-385-DUCKTOY-16JUNE-DOG,Urban Pet Parents,1,846.61,1016.81,0.8326,42.66,HOLD,1.0,0,"Opportunity score 43, ROAS 0.83x — no decisive signal. Maintain current budget."
2026-06-23,Bengaluru,Karnataka,,FetchNova UFO Ball | Bounce-Spin Toy | Smart Play for Active Dogs,TH-198-UFOBALL-01JUNE,ICP Pet Parents,9,5079.66,3487.11,1.4567,42.57,HOLD,1.0,1,"Opportunity score 43, ROAS 1.46x — no decisive signal. Weather=UNKNOWN. Maintain current budget."
2026-06-23,pune,Maharashtra,Monsoon,DrizzleCape,DOG HARNESS-CTL-19JUNE,Urban Pet Parent,1,1948.31,1076.29,1.8102,42.53,HOLD,1.0,0,"Opportunity score 43, ROAS 1.81x — no decisive signal. Maintain current budget."
2026-06-23,Chennai,Tamil Nadu,,"ChillSip Bowl – Cooling Pet Water Bowl for Fresh, Hydrated Days",TH-373-STILLSPRING-17JUNE-CS,Cat Lover,2,1270.34,1484.0,0.856,42.47,HOLD,1.0,0,"Opportunity score 42, ROAS 0.86x — no decisive signal. Maintain current budget."
2026-06-23,Gurgaon,Haryana,,"ZoomiChase Toy – Smart Motion Chase Toy for Curious, Active Pets",TH-385-DUCKTOY-16JUNE-CAT,Cat Lover,1,1270.34,649.34,1.9563999,42.4,HOLD,1.0,1,"Opportunity score 42, ROAS 1.96x — no decisive signal. Maintain current budget."
2026-06-23,Gurgaon,Haryana,,LaserPlay Collar | Active Chase Stimulation | Interactive Toy For Cats,TH-385-DUCKTOY-16JUNE-CAT,Cat Lover,1,1270.33,649.34,1.9563,42.4,HOLD,1.0,1,"Opportunity score 42, ROAS 1.96x — no decisive signal. Maintain current budget."
2026-06-23,SURAT,Gujarat,,FetchNova UFO Ball | Bounce-Spin Toy | Smart Play for Active Dogs,TH-198-UFOBALL-01JUNE,ICP Pet Parents,1,846.61,520.14,1.6277,42.39,HOLD,1.0,0,"Opportunity score 42, ROAS 1.63x — no decisive signal. Weather=RAIN_EMERGING. Maintain current budget."
2026-06-23,South Andaman,Andaman and Nicobar Islands,,Zoomie Boots – Secure Fit with Zipper & Strap | All-Terrain Paw Safety,TH-012-SNUGBOO-19JUN,Urban Pet Parent,1,1008.26,444.91,2.2662,42.33,HOLD,1.0,1,"Opportunity score 42, ROAS 2.27x — no decisive signal. Weather=UNKNOWN. Maintain current budget."
2026-06-23,AHMEDABAD,Gujarat,,Treat Chamber – Interactive Slow Feeder Dog Puzzle Toy | Rotating Treat Dispenser with 8 Compartments for IQ Training & Mental Stimulation,TH-385-DUCKTOY-16JUNE-DOG,Urban Pet Parents,1,1948.31,1016.81,1.9161,42.16,HOLD,1.0,1,"Opportunity score 42, ROAS 1.92x — no decisive signal. Maintain current budget."
2026-06-23,AHMEDABAD,Gujarat,,Treat Chamber – Interactive Slow Feeder Dog Puzzle Toy | Rotating Treat Dispenser with 8 Compartments for IQ Training & Mental Stimulation,TH-385-DUCKTOY-16JUNE-DOG,Urban Pet Parents,1,1948.31,1016.81,1.9161,42.08,HOLD,1.0,1,"Opportunity score 42, ROAS 1.92x — no decisive signal. Weather=HEAT_HIGH. Maintain current budget."
2026-06-23,West Delhi,Delhi,,FusionGrip Harness – 2-in-1 Dog Harness with Retractable Leash,TH-152-TANGLELEASH-11JUNE-ADV+,Broad Advantage+,1,2541.52,1366.15,1.8604,41.83,HOLD,1.0,1,"Opportunity score 42, ROAS 1.86x — no decisive signal. Maintain current budget."
2026-06-23,Kolkata,West Bengal,Monsoon,WildTrail Boots,TH-068-WILD-31JAN,Urban Pet Parents,1,2117.8,0.0,0.0,41.67,HOLD,1.0,0,"Opportunity score 42, ROAS 0.00x — no decisive signal. Maintain current budget."
2026-06-23,East Godavari,Andhra Pradesh,,FetchNova UFO Ball | Bounce-Spin Toy | Smart Play for Active Dogs,TH-198-UFOBALL-05JUNE,ICP Pet Parent,1,846.61,475.21,1.7815,41.36,HOLD,1.0,1,"Opportunity score 41, ROAS 1.78x — no decisive signal. Maintain current budget."
2026-06-23,Hosur,Tamil Nadu,,FetchNova UFO Ball | Bounce-Spin Toy | Smart Play for Active Dogs,TH-198-UFOBALL-01JUNE,ICP Pet Parents,1,846.61,482.32,1.7553,41.2,HOLD,1.0,1,"Opportunity score 41, ROAS 1.76x — no decisive signal. Maintain current budget."
2026-06-23,korba,Chhattisgarh,,FetchNova UFO Ball | Bounce-Spin Toy | Smart Play for Active Dogs,TH-198-UFOBALL-01JUNE,ICP Pet Parents,1,846.61,487.08,1.7381,41.1,HOLD,1.0,1,"Opportunity score 41, ROAS 1.74x — no decisive signal. Maintain current budget."
2026-06-23,Sangrur,Punjab,,FetchNova UFO Ball | Bounce-Spin Toy | Smart Play for Active Dogs,TH-198-UFOBALL-01JUNE,ICP Pet Parents,1,846.61,487.08,1.7381,41.1,HOLD,1.0,1,"Opportunity score 41, ROAS 1.74x — no decisive signal. Maintain current budget."
2026-06-23,North West Delhi,Delhi,,FetchNova UFO Ball | Bounce-Spin Toy | Smart Play for Active Dogs,TH-198-UFOBALL-01JUNE,ICP Pet Parents,1,846.62,487.08,1.7382,41.1,HOLD,1.0,1,"Opportunity score 41, ROAS 1.74x — no decisive signal. Maintain current budget."
2026-06-23,Navi Mumbai,Maharashtra,,FetchNova UFO Ball | Bounce-Spin Toy | Smart Play for Active Dogs,TH-198-UFOBALL-01JUNE,ICP Pet Parents,1,846.61,487.08,1.7381,41.1,HOLD,1.0,1,"Opportunity score 41, ROAS 1.74x — no decisive signal. Maintain current budget."
2026-06-23,Darjeeling,West Bengal,,FetchNova UFO Ball | Bounce-Spin Toy | Smart Play for Active Dogs,TH-198-UFOBALL-01JUNE,ICP Pet Parents,1,846.61,487.08,1.7381,41.1,HOLD,1.0,1,"Opportunity score 41, ROAS 1.74x — no decisive signal. Maintain current budget."
2026-06-23,Bengaluru Rural,Karnataka,,FetchNova UFO Ball | Bounce-Spin Toy | Smart Play for Active Dogs,TH-198-UFOBALL-01JUNE,ICP Pet Parents,1,846.61,487.08,1.7381,41.1,HOLD,1.0,1,"Opportunity score 41, ROAS 1.74x — no decisive signal. Maintain current budget."
2026-06-23,Mumbai Subueban,Maharashtra,,StillSpring Fountain | Pet Water Fountain for Cats & Small Dogs | Quiet Flow Hydration System,TH-373-STILLSPRING-17JUNE-CS,Cat Lover,1,2541.53,1484.0,1.7126,40.94,HOLD,1.0,1,"Opportunity score 41, ROAS 1.71x — no decisive signal. Maintain current budget."
2026-06-23,Gurugram,Haryana,,PushPop Treat Tumbler – Interactive Treat Dispensing Toy for Dogs,TH-383-SUSPENDER,Broad Advantage+,1,2529.42,1492.65,1.6946,40.83,HOLD,1.0,1,"Opportunity score 41, ROAS 1.69x — no decisive signal. Maintain current budget."
2026-06-23,Gurgaon,Haryana,,"ZoomiChase Toy – Smart Motion Chase Toy for Curious, Active Pets",TH-385-DUCKTOY-16JUNE-CAT,Cat Lover,1,1270.34,649.34,1.9563999,40.78,HOLD,1.0,1,"Opportunity score 41, ROAS 1.96x — no decisive signal. Weather=UNKNOWN. Maintain current budget."
2026-06-23,Gurgaon,Haryana,,LaserPlay Collar | Active Chase Stimulation | Interactive Toy For Cats,TH-385-DUCKTOY-16JUNE-CAT,Cat Lover,1,1270.33,649.34,1.9563,40.78,HOLD,1.0,1,"Opportunity score 41, ROAS 1.96x — no decisive signal. Weather=UNKNOWN. Maintain current budget."
2026-06-23,Pondicherry,Tamil Nadu,,Treat Chamber – Interactive Slow Feeder Dog Puzzle Toy | Rotating Treat Dispenser with 8 Compartments for IQ Training & Mental Stimulation,TH-385-DUCKTOY-16JUNE-DOG,Urban Pet Parents,1,1948.31,1165.55,1.6716,40.7,HOLD,1.0,1,"Opportunity score 41, ROAS 1.67x — no decisive signal. Maintain current budget."
2026-06-23,LUCKNOW,Uttar Pradesh,All Seasons,DuckDash Treat Toy,TH-385-DUCKTOY-16JUNE-DOG,Urban Pet Parents,1,846.61,1016.81,0.8326,40.66,HOLD,1.0,0,"Opportunity score 41, ROAS 0.83x — no decisive signal. Weather=HEAT_HIGH. Maintain current budget."
2026-06-23,Meerut,Uttar Pradesh,,Chewzilla Maxx – The Ultimate Tug & Chew Toy for High-Energy Dogs,TH-385-DUCKTOY-16JUNE-DOG,Urban Pet Parents,1,1694.07,1016.81,1.6661,40.66,HOLD,1.0,1,"Opportunity score 41, ROAS 1.67x — no decisive signal. Maintain current budget."
2026-06-23,Bangalore,Karnataka,,FetchNova UFO Ball | Bounce-Spin Toy | Smart Play for Active Dogs,TH-198-UFOBALL-01JUNE,ICP Pet Parents,3,1693.22,1286.46,1.3162,40.65,HOLD,1.0,0,"Opportunity score 41, ROAS 1.32x — no decisive signal. Maintain current budget."
2026-06-23,Mumbai Subueban,Maharashtra,,Treat Chamber – Interactive Slow Feeder Dog Puzzle Toy | Rotating Treat Dispenser with 8 Compartments for IQ Training & Mental Stimulation,TH-385-DUCKTOY-16JUNE-CAT,Cat Lover,1,1948.31,1180.88,1.6499,40.57,HOLD,1.0,1,"Opportunity score 41, ROAS 1.65x — no decisive signal. Maintain current budget."
2026-06-23,Kurukshetra,Haryana,,FetchNova UFO Ball | Bounce-Spin Toy | Smart Play for Active Dogs,TH-198-UFOBALL-01JUNE,ICP Pet Parents,1,846.61,520.14,1.6277,40.43,HOLD,1.0,1,"Opportunity score 40, ROAS 1.63x — no decisive signal. Maintain current budget."
2026-06-23,K V Rangareddy,Telangana,,FetchNova UFO Ball | Bounce-Spin Toy | Smart Play for Active Dogs,TH-198-UFOBALL-01JUNE,ICP Pet Parents,1,846.61,520.14,1.6277,40.43,HOLD,1.0,1,"Opportunity score 40, ROAS 1.63x — no decisive signal. Maintain current budget."
2026-06-23,Jhansi,Uttar Pradesh,,FetchNova UFO Ball | Bounce-Spin Toy | Smart Play for Active Dogs,TH-198-UFOBALL-01JUNE,ICP Pet Parents,1,846.61,520.14,1.6277,40.43,HOLD,1.0,1,"Opportunity score 40, ROAS 1.63x — no decisive signal. Maintain current budget."
2026-06-23,Gautam Buddha Nagar,Uttar Pradesh,,ChewBuzz Toy | Interactive Sound Chew Toy for Dogs | Textured Rubber Boredom Buster,TH-198-UFOBALL-01JUNE,ICP Pet Parents,1,846.61,520.14,1.6277,40.43,HOLD,1.0,1,"Opportunity score 40, ROAS 1.63x — no decisive signal. Maintain current budget."
2026-06-23,West Delhi,Delhi,,FusionGrip Harness – 2-in-1 Dog Harness with Retractable Leash,TH-152-TANGLELEASH-11JUNE-ADV+,Broad Advantage+,1,2541.52,1366.15,1.8604,40.3,HOLD,1.0,1,"Opportunity score 40, ROAS 1.86x — no decisive signal. Weather=UNKNOWN. Maintain current budget."
2026-06-23,Central Delhi,Delhi,,Quad Spin Scratcher – Interactive Scratching & Rolling Play Toy for Cats,TH-385-DUCKTOY-16JUNE-CAT,Cat Lover,1,1694.08,1059.08,1.5996001,40.26,HOLD,1.0,1,"Opportunity score 40, ROAS 1.60x — no decisive signal. Maintain current budget."
2026-06-23,North 24 Parganas,West Bengal,All Seasons,PocketPup Tote,TH-054-TOTE-19JUNE,ICP Pet Parent,1,1270.34,1009.49,1.2584,40.22,HOLD,1.0,1,"Opportunity score 40, ROAS 1.26x — no decisive signal. Maintain current budget."
2026-06-23,New delhi,Delhi,All Seasons,PocketPup Tote,TH-054-TOTE-19JUNE,ICP Pet Parent,1,1270.34,1009.49,1.2584,40.22,HOLD,1.0,1,"Opportunity score 40, ROAS 1.26x — no decisive signal. Maintain current budget."
2026-06-23,Bhopal,Madhya Pradesh,All Seasons,PocketPup Tote,TH-054-TOTE-19JUNE,ICP Pet Parent,1,1270.34,1009.49,1.2584,40.22,HOLD,1.0,1,"Opportunity score 40, ROAS 1.26x — no decisive signal. Maintain current budget."
2026-06-23,Kolkata,West Bengal,,"SnapClean Poop Scooper | No-Touch, Hygienic & Effortless Cleanup for Dogs",TH-383-SUSPENDER-20JUNE,Broad Advantage+,1,486.01,308.41,1.5759001,40.12,HOLD,1.0,1,"Opportunity score 40, ROAS 1.58x — no decisive signal. Maintain current budget."
2026-06-23,Chennai,Tamil Nadu,,FloorGuard Mat | Mess-Free Meals | Secure & Easy to Clean,TH-373-STILLSPRING-17JUNE-CS,Cat Lover,2,677.12,1484.0,0.4563,40.07,HOLD,1.0,0,"Opportunity score 40, ROAS 0.46x — no decisive signal. Maintain current budget."
2026-06-23,East Khasi Hills,Meghalaya,All Seasons,PocketPup Tote,TH-054-TOTE-19JUNE,ICP Pet Parent,1,1375.23,688.13,1.9985,39.99,HOLD,1.0,1,"Opportunity score 40, ROAS 2.00x — no decisive signal. Weather=UNKNOWN. Maintain current budget."
2026-06-23,East Godavari,Andhra Pradesh,,FetchNova UFO Ball | Bounce-Spin Toy | Smart Play for Active Dogs,TH-198-UFOBALL-05JUNE,ICP Pet Parent,1,846.61,475.21,1.7815,39.91,HOLD,1.0,1,"Opportunity score 40, ROAS 1.78x — no decisive signal. Weather=UNKNOWN. Maintain current budget."
2026-06-23,Gurugram,Haryana,,FeedSync | Pre-Portioned Auto Feeder | Keeps Mealtimes On Track,TH-383-SUSPENDER,Broad Advantage+,1,2299.39,1492.65,1.5404999,39.91,HOLD,1.0,1,"Opportunity score 40, ROAS 1.54x — no decisive signal. Maintain current budget."
2026-06-23,Ahmedabad,Gujarat,,Paw Cleanser,TH-383-SUSPENDER-20JUNE,Broad Advantage+,1,726.13,495.63,1.4651,39.83,HOLD,1.0,1,"Opportunity score 40, ROAS 1.47x — no decisive signal. Weather=HEAT_HIGH. Maintain current budget."
2026-06-23,Hosur,Tamil Nadu,,FetchNova UFO Ball | Bounce-Spin Toy | Smart Play for Active Dogs,TH-198-UFOBALL-01JUNE,ICP Pet Parents,1,846.61,482.32,1.7553,39.78,HOLD,1.0,1,"Opportunity score 40, ROAS 1.76x — no decisive signal. Weather=UNKNOWN. Maintain current budget."
2026-06-23,korba,Chhattisgarh,,FetchNova UFO Ball | Bounce-Spin Toy | Smart Play for Active Dogs,TH-198-UFOBALL-01JUNE,ICP Pet Parents,1,846.61,487.08,1.7381,39.69,HOLD,1.0,1,"Opportunity score 40, ROAS 1.74x — no decisive signal. Weather=UNKNOWN. Maintain current budget."
2026-06-23,Sangrur,Punjab,,FetchNova UFO Ball | Bounce-Spin Toy | Smart Play for Active Dogs,TH-198-UFOBALL-01JUNE,ICP Pet Parents,1,846.61,487.08,1.7381,39.69,HOLD,1.0,1,"Opportunity score 40, ROAS 1.74x — no decisive signal. Weather=UNKNOWN. Maintain current budget."
2026-06-23,North West Delhi,Delhi,,FetchNova UFO Ball | Bounce-Spin Toy | Smart Play for Active Dogs,TH-198-UFOBALL-01JUNE,ICP Pet Parents,1,846.62,487.08,1.7382,39.69,HOLD,1.0,1,"Opportunity score 40, ROAS 1.74x — no decisive signal. Weather=UNKNOWN. Maintain current budget."
2026-06-23,Darjeeling,West Bengal,,FetchNova UFO Ball | Bounce-Spin Toy | Smart Play for Active Dogs,TH-198-UFOBALL-01JUNE,ICP Pet Parents,1,846.61,487.08,1.7381,39.69,HOLD,1.0,1,"Opportunity score 40, ROAS 1.74x — no decisive signal. Weather=UNKNOWN. Maintain current budget."
2026-06-23,Bengaluru Rural,Karnataka,,FetchNova UFO Ball | Bounce-Spin Toy | Smart Play for Active Dogs,TH-198-UFOBALL-01JUNE,ICP Pet Parents,1,846.61,487.08,1.7381,39.69,HOLD,1.0,1,"Opportunity score 40, ROAS 1.74x — no decisive signal. Weather=UNKNOWN. Maintain current budget."
2026-06-23,Gurugram,Haryana,,PushPop Treat Tumbler – Interactive Treat Dispensing Toy for Dogs,TH-383-SUSPENDER,Broad Advantage+,1,2529.42,1492.65,1.6946,39.47,HOLD,1.0,1,"Opportunity score 39, ROAS 1.69x — no decisive signal. Weather=UNKNOWN. Maintain current budget."
2026-06-23,Ahmedabad,Gujarat,,Paw Cleanser,TH-383-SUSPENDER-20JUNE,Broad Advantage+,1,726.13,495.63,1.4651,39.46,HOLD,1.0,1,"Opportunity score 39, ROAS 1.47x — no decisive signal. Maintain current budget."
2026-06-23,Ranchi,Jharkhand,,FetchNova UFO Ball | Bounce-Spin Toy | Smart Play for Active Dogs,TH-198-UFOBALL-01JUNE,ICP Pet Parents,1,846.61,580.11,1.4593999,39.42,HOLD,1.0,1,"Opportunity score 39, ROAS 1.46x — no decisive signal. Maintain current budget."
2026-06-23,Patna,Bihar,,FetchNova UFO Ball | Bounce-Spin Toy | Smart Play for Active Dogs,TH-198-UFOBALL-01JUNE,ICP Pet Parents,1,846.61,580.11,1.4593999,39.42,HOLD,1.0,1,"Opportunity score 39, ROAS 1.46x — no decisive signal. Maintain current budget."
2026-06-23,Kanpur Nagar,Uttar Pradesh,,FetchNova UFO Ball | Bounce-Spin Toy | Smart Play for Active Dogs,TH-198-UFOBALL-01JUNE,ICP Pet Parents,1,846.61,580.11,1.4593999,39.42,HOLD,1.0,1,"Opportunity score 39, ROAS 1.46x — no decisive signal. Maintain current budget."
2026-06-23,JAMMU,Jammu and Kashmir,,FetchNova UFO Ball | Bounce-Spin Toy | Smart Play for Active Dogs,TH-198-UFOBALL-01JUNE,ICP Pet Parents,1,846.61,580.11,1.4593999,39.42,HOLD,1.0,1,"Opportunity score 39, ROAS 1.46x — no decisive signal. Maintain current budget."
2026-06-23,Indore,Madhya Pradesh,,FetchNova UFO Ball | Bounce-Spin Toy | Smart Play for Active Dogs,TH-198-UFOBALL-01JUNE,ICP Pet Parents,1,846.61,580.11,1.4593999,39.42,HOLD,1.0,1,"Opportunity score 39, ROAS 1.46x — no decisive signal. Maintain current budget."
2026-06-23,Howrah,West Bengal,,FetchNova UFO Ball | Bounce-Spin Toy | Smart Play for Active Dogs,TH-198-UFOBALL-01JUNE,ICP Pet Parents,1,846.61,580.11,1.4593999,39.42,HOLD,1.0,1,"Opportunity score 39, ROAS 1.46x — no decisive signal. Maintain current budget."
2026-06-23,Pondicherry,Tamil Nadu,,Treat Chamber – Interactive Slow Feeder Dog Puzzle Toy | Rotating Treat Dispenser with 8 Compartments for IQ Training & Mental Stimulation,TH-385-DUCKTOY-16JUNE-DOG,Urban Pet Parents,1,1948.31,1165.55,1.6716,39.36,HOLD,1.0,1,"Opportunity score 39, ROAS 1.67x — no decisive signal. Weather=UNKNOWN. Maintain current budget."
2026-06-23,Meerut,Uttar Pradesh,,Chewzilla Maxx – The Ultimate Tug & Chew Toy for High-Energy Dogs,TH-385-DUCKTOY-16JUNE-DOG,Urban Pet Parents,1,1694.07,1016.81,1.6661,39.33,HOLD,1.0,1,"Opportunity score 39, ROAS 1.67x — no decisive signal. Weather=UNKNOWN. Maintain current budget."
2026-06-23,North 24 Parganas,West Bengal,,FetchNova UFO Ball | Bounce-Spin Toy | Smart Play for Active Dogs,TH-198-UFOBALL-01JUNE,ICP Pet Parents,1,0.0,482.32,0.0,39.25,HOLD,1.0,1,"Opportunity score 39, ROAS 0.00x — no decisive signal. Weather=RAIN_EMERGING. Maintain current budget."
2026-06-23,North West Delhi,Delhi,All Seasons,PocketPup Tote,TH-054-TOTE-19JUNE,ICP Pet Parent,1,1270.34,688.13,1.8461,39.23,HOLD,1.0,1,"Opportunity score 39, ROAS 1.85x — no decisive signal. Weather=UNKNOWN. Maintain current budget."
2026-06-23,North Goa,Goa,All Seasons,PocketPup Tote,TH-054-TOTE-19JUNE,ICP Pet Parent,1,1270.34,688.13,1.8461,39.23,HOLD,1.0,1,"Opportunity score 39, ROAS 1.85x — no decisive signal. Weather=UNKNOWN. Maintain current budget."
2026-06-23,Gurgaon,Haryana,All Seasons,PocketPup Tote,TH-054-TOTE-19JUNE,ICP Pet Parent,1,1270.34,688.13,1.8461,39.23,HOLD,1.0,1,"Opportunity score 39, ROAS 1.85x — no decisive signal. Weather=UNKNOWN. Maintain current budget."
2026-06-23,Kurukshetra,Haryana,,FetchNova UFO Ball | Bounce-Spin Toy | Smart Play for Active Dogs,TH-198-UFOBALL-01JUNE,ICP Pet Parents,1,846.61,520.14,1.6277,39.14,HOLD,1.0,1,"Opportunity score 39, ROAS 1.63x — no decisive signal. Weather=UNKNOWN. Maintain current budget."
2026-06-23,K V Rangareddy,Telangana,,FetchNova UFO Ball | Bounce-Spin Toy | Smart Play for Active Dogs,TH-198-UFOBALL-01JUNE,ICP Pet Parents,1,846.61,520.14,1.6277,39.14,HOLD,1.0,1,"Opportunity score 39, ROAS 1.63x — no decisive signal. Weather=UNKNOWN. Maintain current budget."
2026-06-23,Jhansi,Uttar Pradesh,,FetchNova UFO Ball | Bounce-Spin Toy | Smart Play for Active Dogs,TH-198-UFOBALL-01JUNE,ICP Pet Parents,1,846.61,520.14,1.6277,39.14,HOLD,1.0,1,"Opportunity score 39, ROAS 1.63x — no decisive signal. Weather=UNKNOWN. Maintain current budget."
2026-06-23,Gautam Buddha Nagar,Uttar Pradesh,,ChewBuzz Toy | Interactive Sound Chew Toy for Dogs | Textured Rubber Boredom Buster,TH-198-UFOBALL-01JUNE,ICP Pet Parents,1,846.61,520.14,1.6277,39.14,HOLD,1.0,1,"Opportunity score 39, ROAS 1.63x — no decisive signal. Weather=UNKNOWN. Maintain current budget."
2026-06-23,Central Delhi,Delhi,,Quad Spin Scratcher – Interactive Scratching & Rolling Play Toy for Cats,TH-385-DUCKTOY-16JUNE-CAT,Cat Lover,1,1694.08,1059.08,1.5996001,39.0,HOLD,1.0,1,"Opportunity score 39, ROAS 1.60x — no decisive signal. Weather=UNKNOWN. Maintain current budget."
2026-06-23,Gurugram,Haryana,,FeedSync | Pre-Portioned Auto Feeder | Keeps Mealtimes On Track,TH-383-SUSPENDER,Broad Advantage+,1,2299.39,1492.65,1.5404999,38.7,HOLD,1.0,1,"Opportunity score 39, ROAS 1.54x — no decisive signal. Weather=UNKNOWN. Maintain current budget."
2026-06-23,Bangalore,Karnataka,,FetchNova UFO Ball | Bounce-Spin Toy | Smart Play for Active Dogs,TH-198-UFOBALL-01JUNE,ICP Pet Parents,3,1693.22,1286.46,1.3162,38.65,HOLD,1.0,0,"Opportunity score 39, ROAS 1.32x — no decisive signal. Weather=UNKNOWN. Maintain current budget."
2026-06-23,Ranchi,Jharkhand,,FetchNova UFO Ball | Bounce-Spin Toy | Smart Play for Active Dogs,TH-198-UFOBALL-01JUNE,ICP Pet Parents,1,846.61,580.11,1.4593999,38.3,HOLD,1.0,1,"Opportunity score 38, ROAS 1.46x — no decisive signal. Weather=UNKNOWN. Maintain current budget."
2026-06-23,Patna,Bihar,,FetchNova UFO Ball | Bounce-Spin Toy | Smart Play for Active Dogs,TH-198-UFOBALL-01JUNE,ICP Pet Parents,1,846.61,580.11,1.4593999,38.3,HOLD,1.0,1,"Opportunity score 38, ROAS 1.46x — no decisive signal. Weather=UNKNOWN. Maintain current budget."
2026-06-23,Kanpur Nagar,Uttar Pradesh,,FetchNova UFO Ball | Bounce-Spin Toy | Smart Play for Active Dogs,TH-198-UFOBALL-01JUNE,ICP Pet Parents,1,846.61,580.11,1.4593999,38.3,HOLD,1.0,1,"Opportunity score 38, ROAS 1.46x — no decisive signal. Weather=UNKNOWN. Maintain current budget."
2026-06-23,JAMMU,Jammu and Kashmir,,FetchNova UFO Ball | Bounce-Spin Toy | Smart Play for Active Dogs,TH-198-UFOBALL-01JUNE,ICP Pet Parents,1,846.61,580.11,1.4593999,38.3,HOLD,1.0,1,"Opportunity score 38, ROAS 1.46x — no decisive signal. Weather=UNKNOWN. Maintain current budget."
2026-06-23,PUNE,Maharashtra,,StillSpring Fountain | Pet Water Fountain for Cats & Small Dogs | Quiet Flow Hydration System,TH-373-STILLSPRING-17JUNE-CS,Cat Lover,1,2541.53,1219.45,2.0842,38.17,HOLD,1.0,0,"Opportunity score 38, ROAS 2.08x — no decisive signal. Maintain current budget."
2026-06-23,ALLAHABAD,Uttar Pradesh,All Seasons,PocketPup Tote,TH-054-TOTE-19JUNE,ICP Pet Parent,1,1270.34,1448.91,0.8768,37.93,HOLD,1.0,1,"Opportunity score 38, ROAS 0.88x — no decisive signal. Maintain current budget."
2026-06-23,Cachar,Assam,,FetchNova UFO Ball | Bounce-Spin Toy | Smart Play for Active Dogs,TH-198-UFOBALL-01JUNE,ICP Pet Parents,1,846.61,706.35,1.1986,37.86,HOLD,1.0,1,"Opportunity score 38, ROAS 1.20x — no decisive signal. Maintain current budget."
2026-06-23,Balurghat,West Bengal,,FetchNova UFO Ball | Bounce-Spin Toy | Smart Play for Active Dogs,TH-198-UFOBALL-01JUNE,ICP Pet Parents,1,846.61,706.35,1.1986,37.86,HOLD,1.0,1,"Opportunity score 38, ROAS 1.20x — no decisive signal. Maintain current budget."
2026-06-23,New delhi,Delhi,All Seasons,PocketPup Tote,TH-054-TOTE-19JUNE,ICP Pet Parent,1,1270.34,1009.49,1.2584,37.79,HOLD,1.0,1,"Opportunity score 38, ROAS 1.26x — no decisive signal. Weather=HEAT_HIGH. Maintain current budget."
2026-06-23,Pune,Maharashtra,,FetchNova UFO Ball | Bounce-Spin Toy | Smart Play for Active Dogs,TH-198-UFOBALL-23APR,ICP Pet Parents,3,846.61,0.0,0.0,37.75,HOLD,1.0,1,"Opportunity score 38, ROAS 0.00x — no decisive signal. Maintain current budget."
2026-06-23,Mumbai,Maharashtra,,FetchNova UFO Ball | Bounce-Spin Toy | Smart Play for Active Dogs,TH-198-UFOBALL-01JUNE,ICP Pet Parents,9,6772.88,4223.86,1.6035,37.68,HOLD,1.0,0,"Opportunity score 38, ROAS 1.60x — no decisive signal. Maintain current budget."
2026-06-23,Mumbai,Maharashtra,,ZipTrek Boots | Secure Fit | Waterproof Paw Protection,TH-012-SNUGBOO-19JUN,Urban Pet Parent,1,1863.56,941.22,1.9799,37.55,HOLD,1.0,0,"Opportunity score 38, ROAS 1.98x — no decisive signal. Maintain current budget."
2026-06-23,PUNE,Maharashtra,,ZeviKix – Breathable Dog Shoes with Anti-Slip Sole & Adjustable Velcro Strap | Lightweight Paw Protection for Small Dogs & Daily Walks,TH-383-SUSPENDER-17JUNE,Urban Pet Parents,1,2541.53,1286.04,1.9762,37.52,HOLD,1.0,0,"Opportunity score 38, ROAS 1.98x — no decisive signal. Maintain current budget."
2026-06-23,Cachar,Assam,,FetchNova UFO Ball | Bounce-Spin Toy | Smart Play for Active Dogs,TH-198-UFOBALL-01JUNE,ICP Pet Parents,1,846.61,706.35,1.1986,36.99,HOLD,1.0,1,"Opportunity score 37, ROAS 1.20x — no decisive signal. Weather=UNKNOWN. Maintain current budget."
2026-06-23,Balurghat,West Bengal,,FetchNova UFO Ball | Bounce-Spin Toy | Smart Play for Active Dogs,TH-198-UFOBALL-01JUNE,ICP Pet Parents,1,846.61,706.35,1.1986,36.99,HOLD,1.0,1,"Opportunity score 37, ROAS 1.20x — no decisive signal. Weather=UNKNOWN. Maintain current budget."
2026-06-23,Kolkata,West Bengal,,FetchNova UFO Ball | Bounce-Spin Toy | Smart Play for Active Dogs,TH-198-UFOBALL-01JUNE,ICP Pet Parents,3,1693.22,1286.46,1.3162,36.9,HOLD,1.0,0,"Opportunity score 37, ROAS 1.32x — no decisive signal. Maintain current budget."
2026-06-23,Zirakpur,Punjab,,StillSpring Fountain | Pet Water Fountain for Cats & Small Dogs | Quiet Flow Hydration System,TH-373-STILLSPRING-16JUNE,Cat Lover,1,2541.53,2676.79,0.9495,36.36,HOLD,1.0,1,"Opportunity score 36, ROAS 0.95x — no decisive signal. Maintain current budget."
2026-06-23,Thane,Maharashtra,,ChewBuzz Toy | Interactive Sound Chew Toy for Dogs | Textured Rubber Boredom Buster,TH-198-UFOBALL-01JUNE,ICP Pet Parents,1,846.61,487.08,1.7381,36.1,HOLD,1.0,0,"Opportunity score 36, ROAS 1.74x — no decisive signal. Maintain current budget."
2026-06-23,Panchkula,Haryana,,FetchNova UFO Ball | Bounce-Spin Toy | Smart Play for Active Dogs,TH-198-UFOBALL-01JUNE,ICP Pet Parents,1,846.61,487.08,1.7381,36.1,HOLD,1.0,0,"Opportunity score 36, ROAS 1.74x — no decisive signal. Maintain current budget."
2026-06-23,BANGALORE,Karnataka,,FetchNova UFO Ball | Bounce-Spin Toy | Smart Play for Active Dogs,TH-198-UFOBALL-01JUNE,ICP Pet Parents,1,846.61,487.08,1.7381,36.1,HOLD,1.0,0,"Opportunity score 36, ROAS 1.74x — no decisive signal. Maintain current budget."
2026-06-23,Belagavi,Karnataka,,BLOOMI Harness – Cotton Floral Vest Harness for Small Pets,TH-373-STILLSPRING-17JUNE-CS,Cat Lover,1,1100.85,1219.45,0.9027,36.08,HOLD,1.0,1,"Opportunity score 36, ROAS 0.90x — no decisive signal. Maintain current budget."
2026-06-23,Noida,Uttar Pradesh,,"JoyBall – The Ultimate Giggle Toy for Happy, Healthy Dogs!",TH-198-UFOBALL-01JUNE,ICP Pet Parents,1,846.61,494.6,1.7117,36.06,HOLD,1.0,0,"Opportunity score 36, ROAS 1.71x — no decisive signal. Weather=HEAT_HIGH. Maintain current budget."
2026-06-23,Noida,Uttar Pradesh,,"JoyBall – The Ultimate Giggle Toy for Happy, Healthy Dogs!",TH-198-UFOBALL-01JUNE,ICP Pet Parents,1,846.61,494.6,1.7117,35.94,HOLD,1.0,0,"Opportunity score 36, ROAS 1.71x — no decisive signal. Maintain current budget."
2026-06-23,Zirakpur,Punjab,,StillSpring Fountain | Pet Water Fountain for Cats & Small Dogs | Quiet Flow Hydration System,TH-373-STILLSPRING-16JUNE,Cat Lover,1,2541.53,2676.79,0.9495,35.75,HOLD,1.0,1,"Opportunity score 36, ROAS 0.95x — no decisive signal. Weather=UNKNOWN. Maintain current budget."
2026-06-23,Meerut,Uttar Pradesh,,FetchNova UFO Ball | Bounce-Spin Toy | Smart Play for Active Dogs,TH-385-DUCKTOY-16JUNE-DOG,Urban Pet Parents,1,846.61,1016.81,0.8326,35.66,HOLD,1.0,1,"Opportunity score 36, ROAS 0.83x — no decisive signal. Maintain current budget."
2026-06-23,Dewas,Madhya Pradesh,,FetchNova UFO Ball | Bounce-Spin Toy | Smart Play for Active Dogs,TH-198-UFOBALL-01JUNE,Urban Pet Parent,1,846.61,1022.75,0.8278,35.63,HOLD,1.0,1,"Opportunity score 36, ROAS 0.83x — no decisive signal. Maintain current budget."
2026-06-23,DEHRADUN,Uttarakhand,,FetchNova UFO Ball | Bounce-Spin Toy | Smart Play for Active Dogs,TH-198-UFOBALL-01JUNE,Urban Pet Parent,1,846.61,1022.75,0.8278,35.63,HOLD,1.0,1,"Opportunity score 36, ROAS 0.83x — no decisive signal. Maintain current budget."
2026-06-23,Belagavi,Karnataka,,BLOOMI Harness – Cotton Floral Vest Harness for Small Pets,TH-373-STILLSPRING-17JUNE-CS,Cat Lover,1,1100.85,1219.45,0.9027,35.51,HOLD,1.0,1,"Opportunity score 36, ROAS 0.90x — no decisive signal. Weather=UNKNOWN. Maintain current budget."
2026-06-23,mumbai,Maharashtra,,FetchNova UFO Ball | Bounce-Spin Toy | Smart Play for Active Dogs,TH-198-UFOBALL-01JUNE,ICP Pet Parents,1,846.61,520.14,1.6277,35.43,HOLD,1.0,0,"Opportunity score 35, ROAS 1.63x — no decisive signal. Maintain current budget."
2026-06-23,SURAT,Gujarat,,FetchNova UFO Ball | Bounce-Spin Toy | Smart Play for Active Dogs,TH-198-UFOBALL-01JUNE,ICP Pet Parents,1,846.61,520.14,1.6277,35.43,HOLD,1.0,0,"Opportunity score 35, ROAS 1.63x — no decisive signal. Maintain current budget."
2026-06-23,Bangalore,Karnataka,All Seasons,PocketPup Tote,TH-054-TOTE-19JUNE,ICP Pet Parent,1,1270.34,1009.49,1.2584,35.22,HOLD,1.0,0,"Opportunity score 35, ROAS 1.26x — no decisive signal. Maintain current budget."
2026-06-23,Meerut,Uttar Pradesh,,FetchNova UFO Ball | Bounce-Spin Toy | Smart Play for Active Dogs,TH-385-DUCKTOY-16JUNE-DOG,Urban Pet Parents,1,846.61,1016.81,0.8326,35.16,HOLD,1.0,1,"Opportunity score 35, ROAS 0.83x — no decisive signal. Weather=UNKNOWN. Maintain current budget."
2026-06-23,Dewas,Madhya Pradesh,,FetchNova UFO Ball | Bounce-Spin Toy | Smart Play for Active Dogs,TH-198-UFOBALL-01JUNE,Urban Pet Parent,1,846.61,1022.75,0.8278,35.14,HOLD,1.0,1,"Opportunity score 35, ROAS 0.83x — no decisive signal. Weather=UNKNOWN. Maintain current budget."
2026-06-23,DEHRADUN,Uttarakhand,,FetchNova UFO Ball | Bounce-Spin Toy | Smart Play for Active Dogs,TH-198-UFOBALL-01JUNE,Urban Pet Parent,1,846.61,1022.75,0.8278,35.14,HOLD,1.0,1,"Opportunity score 35, ROAS 0.83x — no decisive signal. Weather=UNKNOWN. Maintain current budget."
2026-06-23,Panchkula,Haryana,,FetchNova UFO Ball | Bounce-Spin Toy | Smart Play for Active Dogs,TH-198-UFOBALL-01JUNE,ICP Pet Parents,1,846.61,487.08,1.7381,34.69,HOLD,1.0,0,"Opportunity score 35, ROAS 1.74x — no decisive signal. Weather=UNKNOWN. Maintain current budget."
2026-06-23,BANGALORE,Karnataka,,FetchNova UFO Ball | Bounce-Spin Toy | Smart Play for Active Dogs,TH-198-UFOBALL-01JUNE,ICP Pet Parents,1,846.61,487.08,1.7381,34.69,HOLD,1.0,0,"Opportunity score 35, ROAS 1.74x — no decisive signal. Weather=UNKNOWN. Maintain current budget."
2026-06-23,Ludhiana,Punjab,,FetchNova UFO Ball | Bounce-Spin Toy | Smart Play for Active Dogs,TH-198-UFOBALL-01JUNE,ICP Pet Parents,1,846.61,580.11,1.4593999,34.42,HOLD,1.0,0,"Opportunity score 34, ROAS 1.46x — no decisive signal. Maintain current budget."
2026-06-23,LUDHIANA,Punjab,,FetchNova UFO Ball | Bounce-Spin Toy | Smart Play for Active Dogs,TH-198-UFOBALL-01JUNE,ICP Pet Parents,1,846.61,580.11,1.4593999,34.42,HOLD,1.0,0,"Opportunity score 34, ROAS 1.46x — no decisive signal. Maintain current budget."
2026-06-23,ALLAHABAD,Uttar Pradesh,All Seasons,PocketPup Tote,TH-054-TOTE-19JUNE,ICP Pet Parent,1,1270.34,1448.91,0.8768,34.38,HOLD,1.0,1,"Opportunity score 34, ROAS 0.88x — no decisive signal. Weather=UNKNOWN. Maintain current budget."
2026-06-23,MUMBAI,Maharashtra,,FetchNova UFO Ball | Bounce-Spin Toy | Smart Play for Active Dogs,TH-198-UFOBALL-01JUNE,ICP Pet Parents,1,846.61,494.6,1.7117,34.27,HOLD,1.0,0,"Opportunity score 34, ROAS 1.71x — no decisive signal. Maintain current budget."
2026-06-23,Gurugram,Haryana,,Ave Walk Harness Set | All-Day Comfort Walk Set with Leash & Collar,TH-372-ROVERAINCOAT-15JUNE-CS1_2,Urban Pet Parent,1,1439.83,1041.04,1.3831,33.97,HOLD,1.0,0,"Opportunity score 34, ROAS 1.38x — no decisive signal. Maintain current budget."
2026-06-23,pune,Maharashtra,,Ave Walk Harness Set | All-Day Comfort Walk Set with Leash & Collar,DOG HARNESS-CTL-19JUNE,Urban Pet Parent,1,1439.83,1076.29,1.3378,33.69,HOLD,1.0,0,"Opportunity score 34, ROAS 1.34x — no decisive signal. Maintain current budget."
2026-06-23,Faridabad,Haryana,,FetchNova UFO Ball | Bounce-Spin Toy | Smart Play for Active Dogs,TH-198-UFOBALL-01JUNE,ICP Pet Parents,1,846.61,706.35,1.1986,33.49,HOLD,1.0,0,"Opportunity score 33, ROAS 1.20x — no decisive signal. Weather=HEAT_HIGH. Maintain current budget."
2026-06-23,Ludhiana,Punjab,,FetchNova UFO Ball | Bounce-Spin Toy | Smart Play for Active Dogs,TH-198-UFOBALL-01JUNE,ICP Pet Parents,1,846.61,580.11,1.4593999,33.3,HOLD,1.0,0,"Opportunity score 33, ROAS 1.46x — no decisive signal. Weather=UNKNOWN. Maintain current budget."
2026-06-23,LUDHIANA,Punjab,,FetchNova UFO Ball | Bounce-Spin Toy | Smart Play for Active Dogs,TH-198-UFOBALL-01JUNE,ICP Pet Parents,1,846.61,580.11,1.4593999,33.3,HOLD,1.0,0,"Opportunity score 33, ROAS 1.46x — no decisive signal. Weather=UNKNOWN. Maintain current budget."
2026-06-23,Gurugram,Haryana,,Ave Walk Harness Set | All-Day Comfort Walk Set with Leash & Collar,TH-372-ROVERAINCOAT-15JUNE-CS1_2,Urban Pet Parent,1,1439.83,1041.04,1.3831,32.92,HOLD,1.0,0,"Opportunity score 33, ROAS 1.38x — no decisive signal. Weather=UNKNOWN. Maintain current budget."
2026-06-23,Jaipur,Rajasthan,,FetchNova UFO Ball | Bounce-Spin Toy | Smart Play for Active Dogs,TH-198-UFOBALL-01JUNE,ICP Pet Parents,1,846.61,482.32,1.7553,32.87,HOLD,1.0,0,"Opportunity score 33, ROAS 1.76x — no decisive signal. Maintain current budget."
2026-06-23,GURUGRAM,Haryana,,FetchNova UFO Ball | Bounce-Spin Toy | Smart Play for Active Dogs,TH-198-UFOBALL-01JUNE,ICP Pet Parents,1,846.61,706.35,1.1986,32.86,HOLD,1.0,0,"Opportunity score 33, ROAS 1.20x — no decisive signal. Maintain current budget."
2026-06-23,Faridabad,Haryana,,FetchNova UFO Ball | Bounce-Spin Toy | Smart Play for Active Dogs,TH-198-UFOBALL-01JUNE,ICP Pet Parents,1,846.61,706.35,1.1986,32.86,HOLD,1.0,0,"Opportunity score 33, ROAS 1.20x — no decisive signal. Maintain current budget."
2026-06-23,GURUGRAM,Haryana,,FetchNova UFO Ball | Bounce-Spin Toy | Smart Play for Active Dogs,TH-198-UFOBALL-01JUNE,ICP Pet Parents,1,846.61,706.35,1.1986,31.99,HOLD,1.0,0,"Opportunity score 32, ROAS 1.20x — no decisive signal. Weather=UNKNOWN. Maintain current budget."
2026-06-23,Jaipur,Rajasthan,,FetchNova UFO Ball | Bounce-Spin Toy | Smart Play for Active Dogs,TH-198-UFOBALL-01JUNE,ICP Pet Parents,1,846.61,482.32,1.7553,31.92,HOLD,1.0,0,"Opportunity score 32, ROAS 1.76x — no decisive signal. Weather=DRY. Maintain current budget."
2026-06-23,Bangalore,Karnataka,All Seasons,PocketPup Tote,TH-054-TOTE-19JUNE,ICP Pet Parent,1,1270.34,1009.49,1.2584,31.29,HOLD,1.0,0,"Opportunity score 31, ROAS 1.26x — no decisive signal. Weather=UNKNOWN. Maintain current budget."
2026-06-23,North 24 Parganas,West Bengal,,FetchNova UFO Ball | Bounce-Spin Toy | Smart Play for Active Dogs,TH-198-UFOBALL-01JUNE,ICP Pet Parents,1,0.0,482.32,0.0,30.67,HOLD,1.0,1,"Opportunity score 31, ROAS 0.00x — no decisive signal. Maintain current budget."
2026-06-23,Nashik,Maharashtra,,FetchNova UFO Ball | Bounce-Spin Toy | Smart Play for Active Dogs,TH-198-UFOBALL-01JUNE,Urban Pet Parent,1,846.61,1022.75,0.8278,30.63,HOLD,1.0,0,"Opportunity score 31, ROAS 0.83x — no decisive signal. Maintain current budget."
2026-06-23,Bangalore,Karnataka,,Paw Cleanser,TH-013-PAWCLESH-19JUNE,Urban Pet Parent (Skincare),1,761.86,920.22,0.8279,30.63,HOLD,1.0,0,"Opportunity score 31, ROAS 0.83x — no decisive signal. Maintain current budget."
2026-06-23,Nashik,Maharashtra,,FetchNova UFO Ball | Bounce-Spin Toy | Smart Play for Active Dogs,TH-198-UFOBALL-01JUNE,Urban Pet Parent,1,846.61,1022.75,0.8278,30.14,HOLD,1.0,0,"Opportunity score 30, ROAS 0.83x — no decisive signal. Weather=UNKNOWN. Maintain current budget."
2026-06-23,Bangalore,Karnataka,,Paw Cleanser,TH-013-PAWCLESH-19JUNE,Urban Pet Parent (Skincare),1,761.86,920.22,0.8279,30.14,HOLD,1.0,0,"Opportunity score 30, ROAS 0.83x — no decisive signal. Weather=UNKNOWN. Maintain current budget."
2026-06-23,Gurugram,Haryana,,FetchNova UFO Ball | Bounce-Spin Toy | Smart Play for Active Dogs,TH-372-ROVERAINCOAT-15JUNE-CS1_2,Urban Pet Parent,2,846.61,1041.04,0.8132,29.99,PAUSE,0.0,0,"Opportunity score 30, ROAS 0.81x below 1.5x threshold."
2026-06-23,Gurugram,Haryana,,FetchNova UFO Ball | Bounce-Spin Toy | Smart Play for Active Dogs,TH-372-ROVERAINCOAT-15JUNE-CS1_2,Urban Pet Parent,2,846.61,1041.04,0.8132,29.59,PAUSE,0.0,0,"Opportunity score 30, ROAS 0.81x below 1.5x threshold. Weather=UNKNOWN."
