"product_number","product_name","product_base","order_date","units","gross_revenue_incl_gst","net_revenue_ex_gst","effective_cogs","gateway_fee","rto_cost","meta_spend","meta_purchases","net_profit","status"
1,"FluffMist Pet Brush","TH-037-MISTBRU","2026-01-01",2,1798,1523.73,377.06,44.96,0,2698.98,3,-1597.27,"LOSS"
1,"FluffMist Pet Brush","TH-037-MISTBRU","2026-01-02",10,8990,7618.64,1885.3,224.8,0,2745.42,11,2763.12,"PROFIT"
1,"FluffMist Pet Brush","TH-037-MISTBRU","2026-01-03",4,3596,3047.46,754.12,89.92,0,2586.21,6,-382.79,"LOSS"
1,"FluffMist Pet Brush","TH-037-MISTBRU","2026-01-04",4,3596,3047.46,754.12,89.92,0,3074.47,4,-871.05,"LOSS"
1,"FluffMist Pet Brush","TH-037-MISTBRU","2026-01-05",5,4495,3809.32,942.65,112.4,0,2496.61,9,257.66,"PROFIT"
1,"FluffMist Pet Brush","TH-037-MISTBRU","2026-01-06",3,2697,2285.59,565.59,67.44,0,3491.64,3,-1839.08,"LOSS"
1,"FluffMist Pet Brush","TH-037-MISTBRU","2026-01-07",7,6293,5333.05,1319.71,157.36,117,2606.99,9,1131.99,"PROFIT"
1,"FluffMist Pet Brush","TH-037-MISTBRU","2026-01-08",5,4495,3809.32,942.65,112.4,234,4345.67,7,-1825.4,"LOSS"
1,"FluffMist Pet Brush","TH-037-MISTBRU","2026-01-09",11,9889,8380.51,2073.83,247.28,234,6092.93,20,-267.53,"LOSS"
1,"FluffMist Pet Brush","TH-037-MISTBRU","2026-01-10",6,5394,4571.19,1131.18,134.88,0,4324,6,-1018.87,"LOSS"
1,"FluffMist Pet Brush","TH-037-MISTBRU","2026-01-11",6,5394,4571.19,1131.18,134.88,0,4004.62,6,-699.49,"LOSS"
1,"FluffMist Pet Brush","TH-037-MISTBRU","2026-01-12",3,2697,2285.59,565.59,67.44,117,3265.99,4,-1730.43,"LOSS"
1,"FluffMist Pet Brush","TH-037-MISTBRU","2026-01-13",0,0,0,0,0,0,2177.98,1,-2177.98,"LOSS"
1,"FluffMist Pet Brush","TH-037-MISTBRU","2026-01-14",4,3596,3047.46,754.12,89.92,0,2984.54,4,-781.12,"LOSS"
1,"FluffMist Pet Brush","TH-037-MISTBRU","2026-01-15",3,2697,2285.59,565.59,67.44,0,1870.15,3,-217.59,"LOSS"
1,"FluffMist Pet Brush","TH-037-MISTBRU","2026-01-16",5,4495,3809.32,942.65,112.4,234,3535.42,9,-1015.15,"LOSS"
1,"FluffMist Pet Brush","TH-037-MISTBRU","2026-01-17",1,899,761.86,188.53,22.48,0,2379.35,2,-1828.5,"LOSS"
1,"FluffMist Pet Brush","TH-037-MISTBRU","2026-01-18",6,5394,4571.19,1131.18,134.88,117,2611.74,9,576.39,"PROFIT"
1,"FluffMist Pet Brush","TH-037-MISTBRU","2026-01-19",4,3596,3047.46,754.12,89.92,0,2397.14,3,-193.72,"LOSS"
1,"FluffMist Pet Brush","TH-037-MISTBRU","2026-01-20",5,4495,3809.32,942.65,112.4,117,2730.04,10,-92.77,"LOSS"
1,"FluffMist Pet Brush","TH-037-MISTBRU","2026-01-21",1,899,761.86,188.53,22.48,0,2195.78,1,-1644.93,"LOSS"
1,"FluffMist Pet Brush","TH-037-MISTBRU","2026-01-22",2,1798,1523.73,377.06,44.96,0,1963.43,2,-861.72,"LOSS"
1,"FluffMist Pet Brush","TH-037-MISTBRU","2026-01-23",2,1798,1523.73,377.06,44.96,117,1445.71,1,-461,"LOSS"
1,"FluffMist Pet Brush","TH-037-MISTBRU","2026-01-24",0,0,0,0,0,0,0,0,0,"BREAKEVEN"
1,"FluffMist Pet Brush","TH-037-MISTBRU","2026-01-25",2,1798,1523.73,377.06,44.96,0,0,0,1101.71,"PROFIT"
1,"FluffMist Pet Brush","TH-037-MISTBRU","2026-01-26",2,1798,1523.73,377.06,44.96,0,0,0,1101.71,"PROFIT"
1,"FluffMist Pet Brush","TH-037-MISTBRU","2026-01-28",4,3596,3047.46,754.12,89.92,0,835.05,0,1368.37,"PROFIT"
1,"FluffMist Pet Brush","TH-037-MISTBRU","2026-01-29",5,4495,3809.32,942.65,112.4,234,2058.63,4,461.64,"PROFIT"
1,"FluffMist Pet Brush","TH-037-MISTBRU","2026-01-30",0,0,0,0,0,0,1116.93,0,-1116.93,"LOSS"
1,"FluffMist Pet Brush","TH-037-MISTBRU","2026-01-31",4,3596,3047.46,866.12,89.92,0,1843.1,6,248.32,"PROFIT"
1,"FluffMist Pet Brush","TH-037-MISTBRU","2026-02-01",0,0,0,0,0,0,1153.19,0,-1153.19,"LOSS"
1,"FluffMist Pet Brush","TH-037-MISTBRU","2026-02-02",8,7192,6094.92,1732.24,179.84,117,2216.69,11,1849.15,"PROFIT"
1,"FluffMist Pet Brush","TH-037-MISTBRU","2026-02-03",1,899,761.86,216.53,22.48,117,1109.48,1,-703.63,"LOSS"
1,"FluffMist Pet Brush","TH-037-MISTBRU","2026-02-04",1,899,761.86,216.53,22.48,0,1252.96,2,-730.11,"LOSS"
1,"FluffMist Pet Brush","TH-037-MISTBRU","2026-02-05",3,2697,2285.59,649.59,67.44,0,2939.26,6,-1370.7,"LOSS"
1,"FluffMist Pet Brush","TH-037-MISTBRU","2026-02-06",3,2697,2285.59,649.59,67.44,0,2030.82,5,-462.26,"LOSS"
1,"FluffMist Pet Brush","TH-037-MISTBRU","2026-02-07",2,1798,1523.73,433.06,44.96,0,2497.18,4,-1451.47,"LOSS"
1,"FluffMist Pet Brush","TH-037-MISTBRU","2026-02-08",2,1798,1523.73,433.06,44.96,0,1094.77,1,-49.06,"LOSS"
1,"FluffMist Pet Brush","TH-037-MISTBRU","2026-02-09",4,3596,3047.46,866.12,89.92,117,3328.41,2,-1353.99,"LOSS"
1,"FluffMist Pet Brush","TH-037-MISTBRU","2026-02-10",0,0,0,0,0,0,2009.31,0,-2009.31,"LOSS"
1,"FluffMist Pet Brush","TH-037-MISTBRU","2026-02-11",9,8091,6856.78,1948.77,202.32,351,6529.5,12,-2174.81,"LOSS"
1,"FluffMist Pet Brush","TH-037-MISTBRU","2026-02-12",9,8091,6856.78,1948.77,202.32,117,4944.14,12,-355.45,"LOSS"
1,"FluffMist Pet Brush","TH-037-MISTBRU","2026-02-13",2,1798,1523.73,433.06,44.96,0,3180.8,3,-2135.09,"LOSS"
1,"FluffMist Pet Brush","TH-037-MISTBRU","2026-02-14",4,3596,3047.46,866.12,89.92,0,4644.5,6,-2553.08,"LOSS"
1,"FluffMist Pet Brush","TH-037-MISTBRU","2026-02-15",5,4495,3809.32,1082.65,112.4,0,2754.74,4,-140.47,"LOSS"
1,"FluffMist Pet Brush","TH-037-MISTBRU","2026-02-16",1,899,761.86,216.53,22.48,0,1244.48,2,-721.63,"LOSS"
1,"FluffMist Pet Brush","TH-037-MISTBRU","2026-02-17",0,0,0,0,0,0,1164.15,0,-1164.15,"LOSS"
1,"FluffMist Pet Brush","TH-037-MISTBRU","2026-02-18",3,2697,2285.59,649.59,67.44,0,3158.25,6,-1589.69,"LOSS"
1,"FluffMist Pet Brush","TH-037-MISTBRU","2026-02-19",0,0,0,0,0,0,1190.11,0,-1190.11,"LOSS"
1,"FluffMist Pet Brush","TH-037-MISTBRU","2026-02-20",1,899,761.86,216.53,22.48,0,1936.82,1,-1413.97,"LOSS"
1,"FluffMist Pet Brush","TH-037-MISTBRU","2026-02-21",2,1798,1523.73,433.06,44.96,0,3680.94,3,-2635.23,"LOSS"
1,"FluffMist Pet Brush","TH-037-MISTBRU","2026-02-22",2,1798,1523.73,433.06,44.96,0,2694.54,2,-1648.83,"LOSS"
1,"FluffMist Pet Brush","TH-037-MISTBRU","2026-02-23",2,1798,1523.73,433.06,44.96,0,2492.17,1,-1446.46,"LOSS"
1,"FluffMist Pet Brush","TH-037-MISTBRU","2026-02-24",1,899,761.86,216.53,22.48,0,1199.57,0,-676.72,"LOSS"
1,"FluffMist Pet Brush","TH-037-MISTBRU","2026-02-25",1,899,761.86,216.53,22.48,0,2064.94,0,-1542.09,"LOSS"
1,"FluffMist Pet Brush","TH-037-MISTBRU","2026-02-26",2,1798,1523.73,433.06,44.96,234,7645.01,1,-6833.3,"LOSS"
1,"FluffMist Pet Brush","TH-037-MISTBRU","2026-02-27",5,4495,3809.32,1082.65,112.4,117,3508.45,4,-1011.18,"LOSS"
1,"FluffMist Pet Brush","TH-037-MISTBRU","2026-02-28",10,8990,7618.64,2165.3,224.8,0,4117.26,6,1111.28,"PROFIT"
1,"FluffMist Pet Brush","TH-037-MISTBRU","2026-03-01",5,4495,3809.32,1082.65,112.4,117,3502.07,4,-1004.8,"LOSS"
1,"FluffMist Pet Brush","TH-037-MISTBRU","2026-03-02",1,899,761.86,216.53,22.48,117,1247.98,0,-842.13,"LOSS"
1,"FluffMist Pet Brush","TH-037-MISTBRU","2026-03-03",1,899,761.86,216.53,22.48,0,950.65,0,-427.8,"LOSS"
1,"FluffMist Pet Brush","TH-037-MISTBRU","2026-03-04",0,0,0,0,0,0,0,0,0,"BREAKEVEN"
1,"FluffMist Pet Brush","TH-037-MISTBRU","2026-03-05",1,899,761.86,216.53,22.48,0,4725.87,0,-4203.02,"LOSS"
1,"FluffMist Pet Brush","TH-037-MISTBRU","2026-03-06",1,899,761.86,216.53,22.48,0,0,0,522.85,"PROFIT"
1,"FluffMist Pet Brush","TH-037-MISTBRU","2026-03-07",3,2697,2285.59,649.59,67.44,0,1725.61,2,-157.05,"LOSS"
1,"FluffMist Pet Brush","TH-037-MISTBRU","2026-03-08",1,899,761.86,216.53,22.48,0,1171.64,0,-648.79,"LOSS"
1,"FluffMist Pet Brush","TH-037-MISTBRU","2026-03-09",0,0,0,0,0,0,1477.4,4,-1477.4,"LOSS"
1,"FluffMist Pet Brush","TH-037-MISTBRU","2026-03-10",0,0,0,0,0,0,1703.33,0,-1703.33,"LOSS"
1,"FluffMist Pet Brush","TH-037-MISTBRU","2026-03-12",4,3596,3047.46,866.12,89.92,0,3263.44,2,-1172.02,"LOSS"
1,"FluffMist Pet Brush","TH-037-MISTBRU","2026-03-13",0,0,0,0,0,0,0,0,0,"BREAKEVEN"
1,"FluffMist Pet Brush","TH-037-MISTBRU","2026-03-14",0,0,0,0,0,0,0,0,0,"BREAKEVEN"
1,"FluffMist Pet Brush","TH-037-MISTBRU","2026-03-15",7,6293,5333.05,1515.71,157.36,0,2427.18,6,1232.8,"PROFIT"
1,"FluffMist Pet Brush","TH-037-MISTBRU","2026-03-16",5,4495,3809.32,1082.65,112.4,0,4356.73,4,-1742.46,"LOSS"
1,"FluffMist Pet Brush","TH-037-MISTBRU","2026-03-17",3,2697,2285.59,649.59,67.44,0,4318.75,3,-2750.19,"LOSS"
1,"FluffMist Pet Brush","TH-037-MISTBRU","2026-03-18",0,0,0,0,0,0,326.41,0,-326.41,"LOSS"
1,"FluffMist Pet Brush","TH-037-MISTBRU","2026-03-19",0,0,0,0,0,0,38.66,0,-38.66,"LOSS"
1,"FluffMist Pet Brush","TH-037-MISTBRU","2026-03-20",4,3596,3047.46,866.12,89.92,0,4399.19,4,-2307.77,"LOSS"
1,"FluffMist Pet Brush","TH-037-MISTBRU","2026-03-21",1,899,761.86,191.53,22.48,0,0,0,547.85,"PROFIT"
1,"FluffMist Pet Brush","TH-037-MISTBRU","2026-03-22",0,0,0,0,0,0,0,0,0,"BREAKEVEN"
1,"FluffMist Pet Brush","TH-037-MISTBRU","2026-03-24",0,0,0,0,0,0,0,0,0,"BREAKEVEN"
1,"FluffMist Pet Brush","TH-037-MISTBRU","2026-03-25",4,3596,3047.46,766.12,89.92,0,2835.83,3,-644.41,"LOSS"
1,"FluffMist Pet Brush","TH-037-MISTBRU","2026-03-26",2,1798,1523.73,383.06,44.96,0,5270.25,3,-4174.54,"LOSS"
1,"FluffMist Pet Brush","TH-037-MISTBRU","2026-03-27",2,1798,1523.73,383.06,44.96,0,2085.41,1,-989.7,"LOSS"
1,"FluffMist Pet Brush","TH-037-MISTBRU","2026-03-28",4,3596,3047.46,766.12,89.92,0,2165.94,3,25.48,"PROFIT"
1,"FluffMist Pet Brush","TH-037-MISTBRU","2026-03-29",1,899,761.86,191.53,22.48,0,1801.18,1,-1253.33,"LOSS"
1,"FluffMist Pet Brush","TH-037-MISTBRU","2026-03-30",6,5394,4571.19,1149.18,134.88,702,715.87,0,1869.26,"PROFIT"
1,"FluffMist Pet Brush","TH-037-MISTBRU","2026-03-31",0,0,0,0,0,0,0,0,0,"BREAKEVEN"
1,"FluffMist Pet Brush","TH-037-MISTBRU","2026-04-01",6,5394,4571.19,1149.18,134.88,0,2642.79,4,644.34,"PROFIT"
1,"FluffMist Pet Brush","TH-037-MISTBRU","2026-04-02",13,11687,9904.24,2489.89,292.24,234,6679.51,13,208.6,"PROFIT"
1,"FluffMist Pet Brush","TH-037-MISTBRU","2026-04-03",17,15283,12951.69,3256.01,382.16,234,9978.64,13,-899.12,"LOSS"
1,"FluffMist Pet Brush","TH-037-MISTBRU","2026-04-04",12,10788,9142.37,2298.36,269.76,0,5254.76,10,1319.49,"PROFIT"
1,"FluffMist Pet Brush","TH-037-MISTBRU","2026-04-05",13,11687,9904.24,2489.89,292.24,351,5437.38,9,1333.73,"PROFIT"
1,"FluffMist Pet Brush","TH-037-MISTBRU","2026-04-06",2,1798,1523.73,383.06,44.96,0,3737.22,0,-2641.51,"LOSS"
1,"FluffMist Pet Brush","TH-037-MISTBRU","2026-04-07",0,0,0,0,0,0,2183.33,0,-2183.33,"LOSS"
1,"FluffMist Pet Brush","TH-037-MISTBRU","2026-04-08",7,6293,5333.05,1340.71,157.36,234,3886.99,4,-286.01,"LOSS"
1,"FluffMist Pet Brush","TH-037-MISTBRU","2026-04-09",1,899,761.86,191.53,22.48,0,2438.31,1,-1890.46,"LOSS"
1,"FluffMist Pet Brush","TH-037-MISTBRU","2026-04-10",2,1798,1523.73,383.06,44.96,117,0,0,978.71,"PROFIT"
1,"FluffMist Pet Brush","TH-037-MISTBRU","2026-04-11",1,899,761.86,191.53,22.48,0,0,0,547.85,"PROFIT"
1,"FluffMist Pet Brush","TH-037-MISTBRU","2026-04-13",2,1798,1523.73,383.06,44.96,0,0,0,1095.71,"PROFIT"
1,"FluffMist Pet Brush","TH-037-MISTBRU","2026-04-14",0,0,0,0,0,0,0,0,0,"BREAKEVEN"
1,"FluffMist Pet Brush","TH-037-MISTBRU","2026-04-16",1,899,761.86,191.53,22.48,0,0,0,547.85,"PROFIT"
1,"FluffMist Pet Brush","TH-037-MISTBRU","2026-04-18",1,899,761.86,191.53,22.48,0,0,0,547.85,"PROFIT"
1,"FluffMist Pet Brush","TH-037-MISTBRU","2026-04-19",1,899,761.86,191.53,22.48,0,0,0,547.85,"PROFIT"
1,"FluffMist Pet Brush","TH-037-MISTBRU","2026-04-23",1,899,761.86,191.53,22.48,0,0,0,547.85,"PROFIT"
1,"FluffMist Pet Brush","TH-037-MISTBRU","2026-04-26",1,899,761.86,191.53,22.48,0,0,0,547.85,"PROFIT"
1,"FluffMist Pet Brush","TH-037-MISTBRU","2026-04-28",1,899,761.86,191.53,22.48,0,0,0,547.85,"PROFIT"
1,"FluffMist Pet Brush","TH-037-MISTBRU","2026-05-03",2,1798,1523.73,383.06,44.96,0,0,0,1095.71,"PROFIT"
1,"FluffMist Pet Brush","TH-037-MISTBRU","2026-05-05",1,899,761.86,191.53,22.48,0,0,0,547.85,"PROFIT"
1,"FluffMist Pet Brush","TH-037-MISTBRU","2026-05-17",1,899,761.86,191.53,22.48,0,0,0,547.85,"PROFIT"
1,"FluffMist Pet Brush","TH-037-MISTBRU","2026-05-20",1,999,846.61,310.95,24.98,0,0,0,510.68,"PROFIT"
1,"FluffMist Pet Brush","TH-037-MISTBRU","2026-05-25",0,0,0,0,0,0,364.24,0,-364.24,"LOSS"
1,"FluffMist Pet Brush","TH-037-MISTBRU","2026-05-26",1,999,846.61,310.95,24.98,0,0,0,510.68,"PROFIT"
1,"FluffMist Pet Brush","TH-037-MISTBRU","2026-05-31",1,999,846.61,310.95,24.98,0,0,0,510.68,"PROFIT"
1,"FluffMist Pet Brush","TH-037-MISTBRU","2026-06-01",1,999,846.61,310.95,24.98,0,0,0,510.68,"PROFIT"
1,"FluffMist Pet Brush","TH-037-MISTBRU","2026-06-03",1,999,846.61,193.95,24.98,0,0,0,627.68,"PROFIT"
1,"FluffMist Pet Brush","TH-037-MISTBRU","2026-06-04",1,999,846.61,193.95,24.98,0,0,0,627.68,"PROFIT"
1,"FluffMist Pet Brush","TH-037-MISTBRU","2026-06-09",1,999,846.61,193.95,24.98,0,0,0,627.68,"PROFIT"
2,"AvoCool Gel Mat (L/XL)","TH-368-AVOCOOLMAT","2026-04-11",0,0,0,0,0,0,232.95,0,-232.95,"LOSS"
2,"AvoCool Gel Mat (L/XL)","TH-368-AVOCOOLMAT","2026-04-12",1,1999,1694.07,870.03,49.98,117,1954.02,0,-1296.96,"LOSS"
2,"AvoCool Gel Mat (L/XL)","TH-368-AVOCOOLMAT","2026-04-13",4,10996,9318.64,5130.12,274.92,0,3896.87,6,16.73,"PROFIT"
2,"AvoCool Gel Mat (L/XL)","TH-368-AVOCOOLMAT","2026-04-14",30,72970,61838.98,33250.9,1824.4,0,16483.69,28,10279.99,"PROFIT"
2,"AvoCool Gel Mat (L/XL)","TH-368-AVOCOOLMAT","2026-04-15",36,85964,72850.85,39021.08,2149.28,585,25735.77,27,5359.72,"PROFIT"
2,"AvoCool Gel Mat (L/XL)","TH-368-AVOCOOLMAT","2026-04-16",44,103956,88098.31,47081.32,2599.12,936,28052.3,38,9429.57,"PROFIT"
2,"AvoCool Gel Mat (L/XL)","TH-368-AVOCOOLMAT","2026-04-17",41,104959,88948.31,48321.23,2624.18,468,31585.48,31,5949.42,"PROFIT"
2,"AvoCool Gel Mat (L/XL)","TH-368-AVOCOOLMAT","2026-04-18",32,77968,66074.58,35540.96,1949.36,702,27782.34,24,99.92,"PROFIT"
2,"AvoCool Gel Mat (L/XL)","TH-368-AVOCOOLMAT","2026-04-19",50,121950,103347.46,55601.5,3049,351,37379.65,40,6966.31,"PROFIT"
2,"AvoCool Gel Mat (L/XL)","TH-368-AVOCOOLMAT","2026-04-20",16,40984,34732.2,18870.48,1024.68,351,13275.69,10,1210.35,"PROFIT"
2,"AvoCool Gel Mat (L/XL)","TH-368-AVOCOOLMAT","2026-04-21",6,14994,12706.78,6870.18,374.88,0,0,1,5461.72,"PROFIT"
2,"AvoCool Gel Mat (L/XL)","TH-368-AVOCOOLMAT","2026-04-22",3,7997,6777.12,3710.09,199.94,0,0,1,2867.09,"PROFIT"
2,"AvoCool Gel Mat (L/XL)","TH-368-AVOCOOLMAT","2026-04-23",3,5997,5082.2,2610.09,149.94,234,1529.29,3,558.88,"PROFIT"
2,"AvoCool Gel Mat (L/XL)","TH-368-AVOCOOLMAT","2026-04-24",18,42982,36425.42,19510.54,1074.64,0,10963.16,14,4877.08,"PROFIT"
2,"AvoCool Gel Mat (L/XL)","TH-368-AVOCOOLMAT","2026-04-25",23,50977,43200.85,22760.69,1274.54,234,17068.51,19,1863.11,"PROFIT"
2,"AvoCool Gel Mat (L/XL)","TH-368-AVOCOOLMAT","2026-04-26",81,195919,166033.05,89172.43,4898.38,936,53977.35,65,17048.89,"PROFIT"
2,"AvoCool Gel Mat (L/XL)","TH-368-AVOCOOLMAT","2026-04-27",60,140940,119440.68,63751.8,3523.8,702,50711.17,47,751.91,"PROFIT"
2,"AvoCool Gel Mat (L/XL)","TH-368-AVOCOOLMAT","2026-04-28",64,150936,127911.86,68331.92,3773.72,468,43132.01,70,12206.21,"PROFIT"
2,"AvoCool Gel Mat (L/XL)","TH-368-AVOCOOLMAT","2026-04-29",45,109955,93182.2,50151.35,2749.1,117,29158.71,26,11006.04,"PROFIT"
2,"AvoCool Gel Mat (L/XL)","TH-368-AVOCOOLMAT","2026-04-30",37,85963,72850,38791.11,2149.26,702,30969.63,39,238,"PROFIT"
2,"AvoCool Gel Mat (L/XL)","TH-368-AVOCOOLMAT","2026-05-01",40,102960,87254.24,47451.2,2574.2,702,37779.25,45,-1252.41,"LOSS"
2,"AvoCool Gel Mat (L/XL)","TH-368-AVOCOOLMAT","2026-05-02",28,72972,61840.68,33710.84,1824.44,585,26753.17,21,-1032.77,"LOSS"
2,"AvoCool Gel Mat (L/XL)","TH-368-AVOCOOLMAT","2026-05-03",41,97959,83016.1,44471.23,2449.18,468,38262.82,44,-2635.13,"LOSS"
2,"AvoCool Gel Mat (L/XL)","TH-368-AVOCOOLMAT","2026-05-04",17,38983,33036.44,17540.51,974.66,0,37775.66,20,-23254.39,"LOSS"
2,"AvoCool Gel Mat (L/XL)","TH-368-AVOCOOLMAT","2026-05-05",17,44983,38121.19,20840.51,1124.66,0,32695.01,23,-16538.99,"LOSS"
2,"AvoCool Gel Mat (L/XL)","TH-368-AVOCOOLMAT","2026-05-06",12,35988,30498.31,17040.36,899.76,0,20536.89,14,-7978.7,"LOSS"
2,"AvoCool Gel Mat (L/XL)","TH-368-AVOCOOLMAT","2026-05-07",17,50983,43205.93,24140.51,1274.66,0,23240.75,20,-5449.99,"LOSS"
2,"AvoCool Gel Mat (L/XL)","TH-368-AVOCOOLMAT","2026-05-08",20,59980,50830.51,28400.6,1499.6,234,25755.27,19,-5058.96,"LOSS"
2,"AvoCool Gel Mat (L/XL)","TH-368-AVOCOOLMAT","2026-05-09",6,17994,15249.15,8520.18,449.88,0,21650.73,9,-15371.64,"LOSS"
2,"AvoCool Gel Mat (L/XL)","TH-368-AVOCOOLMAT","2026-05-10",14,41986,35581.36,19880.42,1049.72,234,26835.15,16,-12417.93,"LOSS"
2,"AvoCool Gel Mat (L/XL)","TH-368-AVOCOOLMAT","2026-05-11",10,29990,25415.25,14200.3,749.8,0,22588.91,13,-12123.76,"LOSS"
2,"AvoCool Gel Mat (L/XL)","TH-368-AVOCOOLMAT","2026-05-12",13,34987,29650,16260.39,874.74,117,16042.12,14,-3644.25,"LOSS"
2,"AvoCool Gel Mat (L/XL)","TH-368-AVOCOOLMAT","2026-05-13",21,56979,48287.29,26520.63,1424.58,234,24452.48,34,-4344.4,"LOSS"
2,"AvoCool Gel Mat (L/XL)","TH-368-AVOCOOLMAT","2026-05-14",8,24992,21179.66,11160.24,799.84,117,15987.7,10,-6885.12,"LOSS"
2,"AvoCool Gel Mat (L/XL)","TH-368-AVOCOOLMAT","2026-05-15",7,22993,19485.59,7015.21,574.86,0,9073.14,4,2822.38,"PROFIT"
2,"AvoCool Gel Mat (L/XL)","TH-368-AVOCOOLMAT","2026-05-16",3,10997,9319.49,3635.09,274.94,0,9289.35,5,-3879.89,"LOSS"
2,"AvoCool Gel Mat (L/XL)","TH-368-AVOCOOLMAT","2026-05-17",3,10997,9319.49,3635.09,274.94,117,9302.6,3,-4010.14,"LOSS"
2,"AvoCool Gel Mat (L/XL)","TH-368-AVOCOOLMAT","2026-05-18",2,6998,5930.51,2240.06,174.96,0,2807.59,2,707.9,"PROFIT"
2,"AvoCool Gel Mat (L/XL)","TH-368-AVOCOOLMAT","2026-05-19",10,32490,27533.9,16850.1,749.8,0,12467.12,16,-2533.12,"LOSS"
2,"AvoCool Gel Mat (L/XL)","TH-368-AVOCOOLMAT","2026-05-20",8,22992,19484.75,12510.08,574.84,117,11813.49,11,-5530.66,"LOSS"
2,"AvoCool Gel Mat (L/XL)","TH-368-AVOCOOLMAT","2026-05-21",24,67976,57606.78,36560.24,1699.52,702,15063.73,28,3581.29,"PROFIT"
2,"AvoCool Gel Mat (L/XL)","TH-368-AVOCOOLMAT","2026-05-22",19,58481,49560.17,33470.19,1462.12,234,14092.13,23,301.73,"PROFIT"
2,"AvoCool Gel Mat (L/XL)","TH-368-AVOCOOLMAT","2026-05-23",11,30489,25838.14,16110.11,762.28,0,15246.2,12,-6280.45,"LOSS"
2,"AvoCool Gel Mat (L/XL)","TH-368-AVOCOOLMAT","2026-05-24",11,31489,26685.59,17080.11,787.28,117,16975.46,20,-8274.26,"LOSS"
2,"AvoCool Gel Mat (L/XL)","TH-368-AVOCOOLMAT","2026-05-25",7,17493,14824.58,8400.07,437.36,117,5451.33,5,418.82,"PROFIT"
2,"AvoCool Gel Mat (L/XL)","TH-368-AVOCOOLMAT","2026-05-26",11,31489,26685.59,17080.11,787.28,0,8306.01,19,512.19,"PROFIT"
2,"AvoCool Gel Mat (L/XL)","TH-368-AVOCOOLMAT","2026-05-27",9,24491,20755.08,12740.09,612.32,0,11021.62,14,-3618.95,"LOSS"
2,"AvoCool Gel Mat (L/XL)","TH-368-AVOCOOLMAT","2026-05-28",4,9996,8471.19,4800.04,249.92,0,6948.87,6,-3527.64,"LOSS"
2,"AvoCool Gel Mat (L/XL)","TH-368-AVOCOOLMAT","2026-05-29",10,26990,22872.88,13940.1,674.8,117,11296.84,17,-3155.86,"LOSS"
2,"AvoCool Gel Mat (L/XL)","TH-368-AVOCOOLMAT","2026-05-30",0,0,0,0,0,0,3594.64,2,-3594.64,"LOSS"
2,"AvoCool Gel Mat (L/XL)","TH-368-AVOCOOLMAT","2026-05-31",5,16495,13978.81,9880.05,412.4,0,4127.51,2,-441.15,"LOSS"
2,"AvoCool Gel Mat (L/XL)","TH-368-AVOCOOLMAT","2026-06-01",3,7497,6353.39,3600.03,187.44,0,2161.01,2,404.91,"PROFIT"
2,"AvoCool Gel Mat (L/XL)","TH-368-AVOCOOLMAT","2026-06-02",3,7497,6353.39,1860,124.96,0,2012.05,4,2356.38,"PROFIT"
2,"AvoCool Gel Mat (L/XL)","TH-368-AVOCOOLMAT","2026-06-03",2,4998,4235.59,1860,124.96,0,5982.6,5,-3731.97,"LOSS"
2,"AvoCool Gel Mat (L/XL)","TH-368-AVOCOOLMAT","2026-06-04",2,4998,4235.59,1860,124.96,0,3329.23,1,-1078.6,"LOSS"
2,"AvoCool Gel Mat (L/XL)","TH-368-AVOCOOLMAT","2026-06-05",1,2499,2117.8,930,62.48,0,2103.28,0,-977.96,"LOSS"
2,"AvoCool Gel Mat (L/XL)","TH-368-AVOCOOLMAT","2026-06-06",0,0,0,0,0,0,2637.41,0,-2637.41,"LOSS"
2,"AvoCool Gel Mat (L/XL)","TH-368-AVOCOOLMAT","2026-06-07",3,10497,8895.76,4920,262.44,0,3605.65,4,107.67,"PROFIT"
2,"AvoCool Gel Mat (L/XL)","TH-368-AVOCOOLMAT","2026-06-08",0,0,0,0,0,0,1214.98,0,-1214.98,"LOSS"
2,"AvoCool Gel Mat (L/XL)","TH-368-AVOCOOLMAT","2026-06-09",1,3499,2965.25,1640,87.48,0,728.71,0,509.06,"PROFIT"
3,"SnugSole Boots","TH-012-SNUGBOO","2026-01-04",1,1799,1524.58,686.03,44.98,0,0,0,793.57,"PROFIT"
3,"SnugSole Boots","TH-012-SNUGBOO","2026-01-06",3,6297,5336.44,2427.59,157.44,117,0,0,2634.41,"PROFIT"
3,"SnugSole Boots","TH-012-SNUGBOO","2026-01-07",1,2199,1863.56,850.03,54.98,0,0,0,958.55,"PROFIT"
3,"SnugSole Boots","TH-012-SNUGBOO","2026-01-08",1,1899,1609.32,727.53,47.48,0,0,0,834.31,"PROFIT"
3,"SnugSole Boots","TH-012-SNUGBOO","2026-01-10",2,4598,3896.61,1765.06,114.96,0,0,0,2016.59,"PROFIT"
3,"SnugSole Boots","TH-012-SNUGBOO","2026-01-14",1,2099,1778.81,808.53,52.48,0,0,0,917.8,"PROFIT"
3,"SnugSole Boots","TH-012-SNUGBOO","2026-01-15",2,4498,3811.86,1732.56,112.46,117,0,0,1849.84,"PROFIT"
3,"SnugSole Boots","TH-012-SNUGBOO","2026-01-18",1,2299,1948.31,882.53,57.48,0,0,0,1008.3,"PROFIT"
3,"SnugSole Boots","TH-012-SNUGBOO","2026-01-19",1,2299,1948.31,882.53,57.48,0,0,0,1008.3,"PROFIT"
3,"SnugSole Boots","TH-012-SNUGBOO","2026-01-24",0,0,0,0,0,0,532.69,0,-532.69,"LOSS"
3,"SnugSole Boots","TH-012-SNUGBOO","2026-01-25",3,6297,5336.44,2427.59,157.44,0,1935.87,3,815.54,"PROFIT"
3,"SnugSole Boots","TH-012-SNUGBOO","2026-01-26",2,4298,3642.37,1650.56,107.46,0,1178,0,706.35,"PROFIT"
3,"SnugSole Boots","TH-012-SNUGBOO","2026-01-27",1,2299,1948.31,882.53,57.48,0,1358.98,1,-350.68,"LOSS"
3,"SnugSole Boots","TH-012-SNUGBOO","2026-01-28",3,6597,5590.68,2550.09,164.94,117,999.35,1,1759.3,"PROFIT"
3,"SnugSole Boots","TH-012-SNUGBOO","2026-01-29",0,0,0,0,0,0,1082.69,0,-1082.69,"LOSS"
3,"SnugSole Boots","TH-012-SNUGBOO","2026-01-30",2,4398,3727.12,1633.06,109.96,117,2142.67,2,-275.57,"LOSS"
3,"SnugSole Boots","TH-012-SNUGBOO","2026-01-31",1,1899,1609.32,718.53,47.48,117,1052.35,1,-326.04,"LOSS"
3,"SnugSole Boots","TH-012-SNUGBOO","2026-02-01",0,0,0,0,0,0,1292.8,0,-1292.8,"LOSS"
3,"SnugSole Boots","TH-012-SNUGBOO","2026-02-02",0,0,0,0,0,0,1042.67,0,-1042.67,"LOSS"
3,"SnugSole Boots","TH-012-SNUGBOO","2026-02-03",4,8396,7115.25,3203.12,209.92,117,1510.93,2,2074.28,"PROFIT"
3,"SnugSole Boots","TH-012-SNUGBOO","2026-02-04",2,3998,3388.14,1520.06,99.96,117,2299.34,2,-648.22,"LOSS"
3,"SnugSole Boots","TH-012-SNUGBOO","2026-02-05",0,0,0,0,0,0,994.05,0,-994.05,"LOSS"
3,"SnugSole Boots","TH-012-SNUGBOO","2026-02-06",3,6997,5929.66,2638.09,174.94,0,1198.19,2,1918.44,"PROFIT"
3,"SnugSole Boots","TH-012-SNUGBOO","2026-02-07",2,4498,3811.86,1674.56,112.46,0,3853.75,3,-1828.91,"LOSS"
3,"SnugSole Boots","TH-012-SNUGBOO","2026-02-08",0,0,0,0,0,0,1130.17,0,-1130.17,"LOSS"
3,"SnugSole Boots","TH-012-SNUGBOO","2026-02-09",4,7796,6606.78,2956.12,194.92,0,3229.9,7,225.84,"PROFIT"
3,"SnugSole Boots","TH-012-SNUGBOO","2026-02-10",1,2499,2117.8,914.53,62.48,0,2867.39,2,-1726.6,"LOSS"
3,"SnugSole Boots","TH-012-SNUGBOO","2026-02-11",3,7097,6014.41,2679.59,177.44,0,2130.81,2,1026.57,"PROFIT"
3,"SnugSole Boots","TH-012-SNUGBOO","2026-02-12",0,0,0,0,0,0,1048.73,0,-1048.73,"LOSS"
3,"SnugSole Boots","TH-012-SNUGBOO","2026-02-13",1,2299,1948.31,882.53,57.48,117,1882.29,1,-990.99,"LOSS"
3,"SnugSole Boots","TH-012-SNUGBOO","2026-02-14",1,2499,2117.8,914.53,62.48,117,1484.3,0,-460.51,"LOSS"
3,"SnugSole Boots","TH-012-SNUGBOO","2026-02-15",6,13094,11096.61,4957.68,327.38,351,3135,5,2325.55,"PROFIT"
3,"SnugSole Boots","TH-012-SNUGBOO","2026-02-16",2,4998,4235.59,1829.06,124.96,234,2148.69,3,-101.12,"LOSS"
3,"SnugSole Boots","TH-012-SNUGBOO","2026-02-17",4,7896,6691.53,2997.62,197.42,117,2875,5,504.49,"PROFIT"
3,"SnugSole Boots","TH-012-SNUGBOO","2026-02-18",0,0,0,0,0,0,1076.14,0,-1076.14,"LOSS"
3,"SnugSole Boots","TH-012-SNUGBOO","2026-02-19",1,2299,1948.31,882.53,57.48,0,1891.25,1,-882.95,"LOSS"
3,"SnugSole Boots","TH-012-SNUGBOO","2026-02-20",3,6797,5760.17,2557.09,169.94,117,1416.64,0,1499.5,"PROFIT"
3,"SnugSole Boots","TH-012-SNUGBOO","2026-02-21",3,6697,5675.42,2565.59,167.44,0,3502.42,4,-560.03,"LOSS"
3,"SnugSole Boots","TH-012-SNUGBOO","2026-02-22",4,8996,7623.73,3397.12,224.92,234,4363.83,5,-596.14,"LOSS"
3,"SnugSole Boots","TH-012-SNUGBOO","2026-02-23",7,16093,13638.14,5978.71,402.36,234,3656.7,5,3366.37,"PROFIT"
3,"SnugSole Boots","TH-012-SNUGBOO","2026-02-24",7,16293,13807.63,6087.21,429.86,234,3415.42,6,3641.14,"PROFIT"
3,"SnugSole Boots","TH-012-SNUGBOO","2026-02-25",3,7397,6268.64,2628.09,184.94,117,2243.7,1,1094.91,"PROFIT"
3,"SnugSole Boots","TH-012-SNUGBOO","2026-02-26",1,2199,1863.56,798.03,54.98,0,2401.22,1,-1390.67,"LOSS"
3,"SnugSole Boots","TH-012-SNUGBOO","2026-02-27",0,0,0,0,0,0,1569.3,0,-1569.3,"LOSS"
3,"SnugSole Boots","TH-012-SNUGBOO","2026-02-28",2,4098,3472.88,1473.56,102.46,0,2099.59,1,-202.73,"LOSS"
3,"SnugSole Boots","TH-012-SNUGBOO","2026-03-01",2,4898,4150.85,1707.56,122.46,117,2551.65,2,-347.82,"LOSS"
3,"SnugSole Boots","TH-012-SNUGBOO","2026-03-02",0,0,0,0,0,0,1512.74,1,-1512.74,"LOSS"
3,"SnugSole Boots","TH-012-SNUGBOO","2026-03-03",1,2099,1778.81,757.53,52.48,117,2600.22,2,-1748.42,"LOSS"
3,"SnugSole Boots","TH-012-SNUGBOO","2026-03-04",1,2699,2287.29,909.53,67.48,117,1302.02,2,-108.74,"LOSS"
3,"SnugSole Boots","TH-012-SNUGBOO","2026-03-05",1,1999,1694.07,716.03,49.98,0,2499.84,1,-1571.78,"LOSS"
3,"SnugSole Boots","TH-012-SNUGBOO","2026-03-06",1,2699,2287.29,909.53,67.48,0,1616.29,0,-306.01,"LOSS"
3,"SnugSole Boots","TH-012-SNUGBOO","2026-03-07",1,1999,1694.07,716.03,49.98,0,1427.42,0,-499.36,"LOSS"
3,"SnugSole Boots","TH-012-SNUGBOO","2026-03-08",4,8696,7369.49,3150.62,217.42,117,2151.27,1,1733.18,"PROFIT"
3,"SnugSole Boots","TH-012-SNUGBOO","2026-03-09",3,7497,6353.39,2669.59,187.44,234,3923.58,2,-661.22,"LOSS"
3,"SnugSole Boots","TH-012-SNUGBOO","2026-03-10",3,6897,5844.92,2516.59,172.44,117,2361.95,2,676.94,"PROFIT"
3,"SnugSole Boots","TH-012-SNUGBOO","2026-03-11",3,7097,6014.41,2598.59,177.44,117,3820.11,4,-698.73,"LOSS"
3,"SnugSole Boots","TH-012-SNUGBOO","2026-03-12",4,9796,8301.69,3415.12,244.92,0,4337.62,3,304.03,"PROFIT"
3,"SnugSole Boots","TH-012-SNUGBOO","2026-03-13",3,7297,6183.9,2587.59,182.44,0,2947.2,2,466.67,"PROFIT"
3,"SnugSole Boots","TH-012-SNUGBOO","2026-03-14",1,2299,1948.31,838.53,57.48,0,0,0,1052.3,"PROFIT"
3,"SnugSole Boots","TH-012-SNUGBOO","2026-03-15",1,2299,1948.31,838.53,57.48,0,0,0,1052.3,"PROFIT"
3,"SnugSole Boots","TH-012-SNUGBOO","2026-03-16",4,9096,7708.47,3222.62,227.42,0,0,0,4258.43,"PROFIT"
3,"SnugSole Boots","TH-012-SNUGBOO","2026-03-17",1,2099,1778.81,757.53,52.48,0,1356.28,0,-387.48,"LOSS"
3,"SnugSole Boots","TH-012-SNUGBOO","2026-03-18",0,0,0,0,0,0,1379.89,0,-1379.89,"LOSS"
3,"SnugSole Boots","TH-012-SNUGBOO","2026-03-19",6,14194,12028.81,5010.18,354.88,0,3337.69,4,3326.06,"PROFIT"
3,"SnugSole Boots","TH-012-SNUGBOO","2026-03-20",2,4698,3981.36,1625.56,117.46,117,2072.86,1,48.48,"PROFIT"
3,"SnugSole Boots","TH-012-SNUGBOO","2026-03-21",3,7797,6607.63,2309.09,194.94,117,3580.88,2,405.72,"PROFIT"
3,"SnugSole Boots","TH-012-SNUGBOO","2026-03-22",2,4098,3472.88,1262.56,102.46,117,3217.97,0,-1227.11,"LOSS"
3,"SnugSole Boots","TH-012-SNUGBOO","2026-03-23",0,0,0,0,0,0,0,0,0,"BREAKEVEN"
3,"SnugSole Boots","TH-012-SNUGBOO","2026-03-24",2,4698,3981.36,1392.56,117.46,117,0,0,2354.34,"PROFIT"
3,"SnugSole Boots","TH-012-SNUGBOO","2026-03-25",1,2399,2033.05,752.03,59.98,117,2034.48,2,-930.44,"LOSS"
3,"SnugSole Boots","TH-012-SNUGBOO","2026-03-26",3,6697,5675.42,2083.59,167.44,0,2923.21,2,501.18,"PROFIT"
3,"SnugSole Boots","TH-012-SNUGBOO","2026-03-27",3,6497,5505.93,2014.59,162.44,0,1335.18,0,1993.72,"PROFIT"
3,"SnugSole Boots","TH-012-SNUGBOO","2026-03-28",2,5098,4320.34,1530.56,127.46,0,2193.34,2,468.98,"PROFIT"
3,"SnugSole Boots","TH-012-SNUGBOO","2026-03-29",0,0,0,0,0,0,2573.34,0,-2573.34,"LOSS"
3,"SnugSole Boots","TH-012-SNUGBOO","2026-03-30",6,12394,10503.39,3822.18,309.88,585,778.4,28,5007.93,"PROFIT"
3,"SnugSole Boots","TH-012-SNUGBOO","2026-03-31",0,0,0,0,0,0,0,0,0,"BREAKEVEN"
3,"SnugSole Boots","TH-012-SNUGBOO","2026-04-01",3,6397,5421.19,1980.09,159.94,0,0,0,3281.16,"PROFIT"
3,"SnugSole Boots","TH-012-SNUGBOO","2026-04-02",0,0,0,0,0,0,0,0,0,"BREAKEVEN"
3,"SnugSole Boots","TH-012-SNUGBOO","2026-04-03",1,2199,1863.56,683.03,54.98,0,0,0,1125.55,"PROFIT"
3,"SnugSole Boots","TH-012-SNUGBOO","2026-04-04",0,0,0,0,0,0,0,0,0,"BREAKEVEN"
3,"SnugSole Boots","TH-012-SNUGBOO","2026-04-05",0,0,0,0,0,0,0,0,0,"BREAKEVEN"
3,"SnugSole Boots","TH-012-SNUGBOO","2026-04-08",1,2399,2033.05,752.03,59.98,117,0,0,1104.04,"PROFIT"
3,"SnugSole Boots","TH-012-SNUGBOO","2026-04-10",7,16093,13638.14,4945.71,402.36,0,0,0,8290.07,"PROFIT"
3,"SnugSole Boots","TH-012-SNUGBOO","2026-04-12",4,9796,8301.69,3000.12,244.92,0,0,0,5056.65,"PROFIT"
3,"SnugSole Boots","TH-012-SNUGBOO","2026-04-14",1,1999,1694.07,614.03,49.98,117,0,0,913.06,"PROFIT"
3,"SnugSole Boots","TH-012-SNUGBOO","2026-04-15",1,2399,2033.05,752.03,59.98,0,0,0,1221.04,"PROFIT"
3,"SnugSole Boots","TH-012-SNUGBOO","2026-04-17",1,2199,1863.56,683.03,54.98,0,0,0,1125.55,"PROFIT"
3,"SnugSole Boots","TH-012-SNUGBOO","2026-04-18",1,2099,1778.81,648.53,52.48,0,0,0,1077.8,"PROFIT"
3,"SnugSole Boots","TH-012-SNUGBOO","2026-04-19",1,2199,1863.56,683.03,54.98,117,0,0,1008.55,"PROFIT"
3,"SnugSole Boots","TH-012-SNUGBOO","2026-04-21",4,9596,8132.2,2854.12,239.92,0,0,0,5038.16,"PROFIT"
3,"SnugSole Boots","TH-012-SNUGBOO","2026-04-22",1,2399,2033.05,752.03,59.98,0,0,0,1221.04,"PROFIT"
3,"SnugSole Boots","TH-012-SNUGBOO","2026-04-23",1,2199,1863.56,683.03,54.98,0,0,0,1125.55,"PROFIT"
3,"SnugSole Boots","TH-012-SNUGBOO","2026-04-26",2,4298,3642.37,1331.56,107.46,0,0,0,2203.35,"PROFIT"
3,"SnugSole Boots","TH-012-SNUGBOO","2026-05-02",1,2099,1778.81,648.53,52.48,0,0,0,1077.8,"PROFIT"
3,"SnugSole Boots","TH-012-SNUGBOO","2026-05-03",2,4498,3811.86,1400.56,112.46,0,0,0,2298.84,"PROFIT"
3,"SnugSole Boots","TH-012-SNUGBOO","2026-05-04",1,2299,1948.31,717.53,57.48,0,0,0,1173.3,"PROFIT"
3,"SnugSole Boots","TH-012-SNUGBOO","2026-05-05",2,4798,4066.1,1427.06,119.96,0,0,0,2519.08,"PROFIT"
3,"SnugSole Boots","TH-012-SNUGBOO","2026-05-06",1,2299,1948.31,717.53,57.48,0,0,0,1173.3,"PROFIT"
3,"SnugSole Boots","TH-012-SNUGBOO","2026-05-08",0,0,0,0,0,0,345.21,0,-345.21,"LOSS"
3,"SnugSole Boots","TH-012-SNUGBOO","2026-05-09",1,2299,1948.31,717.53,57.48,117,934.68,0,121.62,"PROFIT"
3,"SnugSole Boots","TH-012-SNUGBOO","2026-05-10",2,4698,3981.36,1392.56,117.46,0,1544.4,0,926.94,"PROFIT"
3,"SnugSole Boots","TH-012-SNUGBOO","2026-05-12",2,4798,4066.1,1427.06,119.96,234,0,0,2285.08,"PROFIT"
3,"SnugSole Boots","TH-012-SNUGBOO","2026-05-13",1,2699,2287.29,778.53,67.48,0,0,0,1441.28,"PROFIT"
3,"SnugSole Boots","TH-012-SNUGBOO","2026-05-14",0,0,0,0,0,0,0,0,0,"BREAKEVEN"
3,"SnugSole Boots","TH-012-SNUGBOO","2026-05-15",2,5998,5083.05,1363.06,149.96,0,0,0,3570.03,"PROFIT"
3,"SnugSole Boots","TH-012-SNUGBOO","2026-05-17",1,2999,2541.53,771.03,74.98,0,0,0,1695.52,"PROFIT"
3,"SnugSole Boots","TH-012-SNUGBOO","2026-05-18",2,5998,5083.05,1434.06,149.96,117,0,0,3382.03,"PROFIT"
3,"SnugSole Boots","TH-012-SNUGBOO","2026-05-21",2,5998,5083.05,1818.52,149.96,0,0,0,3114.57,"PROFIT"
3,"SnugSole Boots","TH-012-SNUGBOO","2026-05-22",1,2999,2541.53,810.95,74.98,0,0,0,1655.6,"PROFIT"
3,"SnugSole Boots","TH-012-SNUGBOO","2026-05-25",1,2999,2541.53,776.62,74.98,0,0,0,1689.93,"PROFIT"
3,"SnugSole Boots","TH-012-SNUGBOO","2026-05-28",2,5998,5083.05,1685.88,149.96,0,0,0,3247.21,"PROFIT"
3,"SnugSole Boots","TH-012-SNUGBOO","2026-06-05",2,5998,5083.05,1247.22,149.96,234,0,0,3451.87,"PROFIT"
3,"SnugSole Boots","TH-012-SNUGBOO","2026-06-06",1,2999,2541.53,764.29,74.98,0,0,0,1702.26,"PROFIT"
4,"FurEase Click Brush","TH-008-CLIBRU","2026-01-03",1,399,338.14,184.03,9.98,0,0,0,144.13,"PROFIT"
4,"FurEase Click Brush","TH-008-CLIBRU","2026-01-08",1,399,338.14,184.03,9.98,0,0,0,144.13,"PROFIT"
4,"FurEase Click Brush","TH-008-CLIBRU","2026-01-10",1,399,338.14,184.03,9.98,117,0,0,27.13,"PROFIT"
4,"FurEase Click Brush","TH-008-CLIBRU","2026-01-19",1,399,338.14,184.03,9.98,0,0,0,144.13,"PROFIT"
4,"FurEase Click Brush","TH-008-CLIBRU","2026-02-02",1,499,422.88,216.53,12.48,0,0,0,193.87,"PROFIT"
4,"FurEase Click Brush","TH-008-CLIBRU","2026-02-15",1,499,422.88,216.53,12.48,0,0,0,193.87,"PROFIT"
4,"FurEase Click Brush","TH-008-CLIBRU","2026-02-16",1,499,422.88,216.53,12.48,0,0,0,193.87,"PROFIT"
4,"FurEase Click Brush","TH-008-CLIBRU","2026-02-21",1,499,422.88,216.53,12.48,0,0,0,193.87,"PROFIT"
4,"FurEase Click Brush","TH-008-CLIBRU","2026-02-28",1,499,422.88,216.53,12.48,0,0,0,193.87,"PROFIT"
4,"FurEase Click Brush","TH-008-CLIBRU","2026-03-02",1,499,422.88,216.53,12.48,0,0,0,193.87,"PROFIT"
4,"FurEase Click Brush","TH-008-CLIBRU","2026-03-07",1,499,422.88,216.53,12.48,0,0,0,193.87,"PROFIT"
4,"FurEase Click Brush","TH-008-CLIBRU","2026-03-08",1,499,422.88,216.53,12.48,117,0,0,76.87,"PROFIT"
4,"FurEase Click Brush","TH-008-CLIBRU","2026-03-10",1,499,422.88,216.53,12.48,0,0,0,193.87,"PROFIT"
4,"FurEase Click Brush","TH-008-CLIBRU","2026-03-20",1,499,422.88,216.53,12.48,0,0,0,193.87,"PROFIT"
4,"FurEase Click Brush","TH-008-CLIBRU","2026-04-02",4,1996,1691.53,766.12,49.92,234,0,0,641.49,"PROFIT"
4,"FurEase Click Brush","TH-008-CLIBRU","2026-04-05",1,499,422.88,191.53,12.48,0,0,0,218.87,"PROFIT"
4,"FurEase Click Brush","TH-008-CLIBRU","2026-04-08",1,499,422.88,191.53,12.48,0,0,0,218.87,"PROFIT"
4,"FurEase Click Brush","TH-008-CLIBRU","2026-04-13",1,499,422.88,191.53,12.48,0,0,0,218.87,"PROFIT"
4,"FurEase Click Brush","TH-008-CLIBRU","2026-04-24",1,499,422.88,191.53,12.48,0,0,0,218.87,"PROFIT"
4,"FurEase Click Brush","TH-008-CLIBRU","2026-04-27",1,499,422.88,191.53,12.48,0,0,0,218.87,"PROFIT"
4,"FurEase Click Brush","TH-008-CLIBRU","2026-04-29",1,499,422.88,191.53,12.48,0,0,0,218.87,"PROFIT"
4,"FurEase Click Brush","TH-008-CLIBRU","2026-05-03",1,499,422.88,191.53,12.48,0,0,0,218.87,"PROFIT"
4,"FurEase Click Brush","TH-008-CLIBRU","2026-05-06",1,499,422.88,191.53,12.48,0,0,0,218.87,"PROFIT"
4,"FurEase Click Brush","TH-008-CLIBRU","2026-05-11",1,499,422.88,191.53,12.48,0,0,0,218.87,"PROFIT"
4,"FurEase Click Brush","TH-008-CLIBRU","2026-05-18",1,499,422.88,191.53,12.48,0,0,0,218.87,"PROFIT"
4,"FurEase Click Brush","TH-008-CLIBRU","2026-05-30",1,599,507.63,309.26,14.98,0,0,0,183.39,"PROFIT"
5,"FusionGrip Harness","TH-348-FUSIONHARNESS","2026-03-14",1,2999,2541.53,1390.03,74.98,0,3762.09,1,-2685.57,"LOSS"
5,"FusionGrip Harness","TH-348-FUSIONHARNESS","2026-03-15",1,2999,2541.53,1390.03,74.98,117,3047.5,1,-2087.98,"LOSS"
5,"FusionGrip Harness","TH-348-FUSIONHARNESS","2026-03-16",3,8997,7624.58,4170.09,224.94,117,1874.96,1,1237.59,"PROFIT"
5,"FusionGrip Harness","TH-348-FUSIONHARNESS","2026-03-17",1,2999,2541.53,1390.03,74.98,0,1957.19,1,-880.67,"LOSS"
5,"FusionGrip Harness","TH-348-FUSIONHARNESS","2026-03-18",2,5998,5083.05,2060.06,149.96,0,2414.75,1,458.28,"PROFIT"
5,"FusionGrip Harness","TH-348-FUSIONHARNESS","2026-03-19",2,5998,5083.05,1931.06,149.96,0,3957.6,2,-955.57,"LOSS"
5,"FusionGrip Harness","TH-348-FUSIONHARNESS","2026-03-20",3,8997,7624.58,3090.09,224.94,117,3142.5,2,1050.05,"PROFIT"
5,"FusionGrip Harness","TH-348-FUSIONHARNESS","2026-03-21",1,2999,2541.53,901.03,74.98,0,2501,1,-935.48,"LOSS"
5,"FusionGrip Harness","TH-348-FUSIONHARNESS","2026-03-22",0,0,0,0,0,0,2422.57,0,-2422.57,"LOSS"
5,"FusionGrip Harness","TH-348-FUSIONHARNESS","2026-03-23",1,2999,2541.53,901.03,74.98,117,1906.38,0,-457.86,"LOSS"
5,"FusionGrip Harness","TH-348-FUSIONHARNESS","2026-03-24",0,0,0,0,0,0,2519.38,0,-2519.38,"LOSS"
5,"FusionGrip Harness","TH-348-FUSIONHARNESS","2026-03-25",0,0,0,0,0,0,0,0,0,"BREAKEVEN"
5,"FusionGrip Harness","TH-348-FUSIONHARNESS","2026-03-26",0,0,0,0,0,0,0,0,0,"BREAKEVEN"
5,"FusionGrip Harness","TH-348-FUSIONHARNESS","2026-03-28",0,0,0,0,0,0,0,0,0,"BREAKEVEN"
5,"FusionGrip Harness","TH-348-FUSIONHARNESS","2026-03-30",4,11996,10166.1,3733.12,299.92,468,0,0,5665.06,"PROFIT"
5,"FusionGrip Harness","TH-348-FUSIONHARNESS","2026-03-31",4,11996,10166.1,3991.12,299.92,117,1570.45,4,4187.61,"PROFIT"
5,"FusionGrip Harness","TH-348-FUSIONHARNESS","2026-04-01",11,32989,27956.78,11330.33,824.78,234,7730.34,12,7837.33,"PROFIT"
5,"FusionGrip Harness","TH-348-FUSIONHARNESS","2026-04-02",18,53982,45747.46,17250.54,1349.64,234,14558.66,12,12354.62,"PROFIT"
5,"FusionGrip Harness","TH-348-FUSIONHARNESS","2026-04-03",10,29990,25415.25,9913.3,749.8,117,15519.28,8,-884.13,"LOSS"
5,"FusionGrip Harness","TH-348-FUSIONHARNESS","2026-04-04",8,23992,20332.2,7724.24,599.84,117,15602.8,8,-3711.68,"LOSS"
5,"FusionGrip Harness","TH-348-FUSIONHARNESS","2026-04-05",21,62979,53372.03,20340.63,1574.58,468,21961.25,20,9027.57,"PROFIT"
5,"FusionGrip Harness","TH-348-FUSIONHARNESS","2026-04-06",17,50983,43205.93,16607.51,1274.66,0,31476.5,14,-6152.74,"LOSS"
5,"FusionGrip Harness","TH-348-FUSIONHARNESS","2026-04-07",13,38987,33039.83,12616.39,974.74,0,27695.07,10,-8246.37,"LOSS"
5,"FusionGrip Harness","TH-348-FUSIONHARNESS","2026-04-08",16,47984,40664.41,15448.48,1199.68,234,27333.34,13,-3551.09,"LOSS"
5,"FusionGrip Harness","TH-348-FUSIONHARNESS","2026-04-09",10,29990,25415.25,9526.3,749.8,117,25653.84,8,-10631.69,"LOSS"
5,"FusionGrip Harness","TH-348-FUSIONHARNESS","2026-04-10",29,86971,73704.24,27806.87,2174.42,702,30601.18,27,12419.77,"PROFIT"
5,"FusionGrip Harness","TH-348-FUSIONHARNESS","2026-04-11",7,20993,17790.68,6823.21,524.86,0,18464.98,7,-8022.37,"LOSS"
5,"FusionGrip Harness","TH-348-FUSIONHARNESS","2026-04-12",13,38987,33039.83,12616.39,974.74,468,26766.9,11,-7786.2,"LOSS"
5,"FusionGrip Harness","TH-348-FUSIONHARNESS","2026-04-13",5,14995,12707.63,4763.15,374.9,0,15310.2,4,-7740.62,"LOSS"
5,"FusionGrip Harness","TH-348-FUSIONHARNESS","2026-04-14",9,26991,22873.73,9270.27,674.82,0,13664.56,8,-735.92,"LOSS"
5,"FusionGrip Harness","TH-348-FUSIONHARNESS","2026-04-15",7,20993,17790.68,7210.21,524.86,0,10030.36,4,25.25,"PROFIT"
5,"FusionGrip Harness","TH-348-FUSIONHARNESS","2026-04-16",7,20993,17790.68,7210.21,524.86,117,10099.74,6,-161.13,"LOSS"
5,"FusionGrip Harness","TH-348-FUSIONHARNESS","2026-04-17",2,5998,5083.05,1931.06,149.96,0,4416.37,1,-1414.34,"LOSS"
5,"FusionGrip Harness","TH-348-FUSIONHARNESS","2026-04-18",1,2999,2541.53,901.03,74.98,0,5713.24,1,-4147.72,"LOSS"
5,"FusionGrip Harness","TH-348-FUSIONHARNESS","2026-04-19",6,17994,15249.15,5793.18,449.88,117,6528.98,4,2360.11,"PROFIT"
5,"FusionGrip Harness","TH-348-FUSIONHARNESS","2026-04-20",2,5998,5083.05,1931.06,149.96,0,5760.71,2,-2758.68,"LOSS"
5,"FusionGrip Harness","TH-348-FUSIONHARNESS","2026-04-21",6,17994,15249.15,5664.18,449.88,0,8530.54,3,604.55,"PROFIT"
5,"FusionGrip Harness","TH-348-FUSIONHARNESS","2026-04-22",4,11996,10166.1,4120.12,299.92,117,11910.61,4,-6281.55,"LOSS"
5,"FusionGrip Harness","TH-348-FUSIONHARNESS","2026-04-23",8,23992,20332.2,7466.24,599.84,234,15310.86,7,-3278.74,"LOSS"
5,"FusionGrip Harness","TH-348-FUSIONHARNESS","2026-04-24",1,2999,2541.53,901.03,74.98,0,5618.99,0,-4053.47,"LOSS"
5,"FusionGrip Harness","TH-348-FUSIONHARNESS","2026-04-25",2,5998,5083.05,1802.06,149.96,234,4917.18,0,-2020.15,"LOSS"
5,"FusionGrip Harness","TH-348-FUSIONHARNESS","2026-04-26",0,0,0,0,0,0,1510.76,0,-1510.76,"LOSS"
5,"FusionGrip Harness","TH-348-FUSIONHARNESS","2026-04-27",0,0,0,0,0,0,3885.32,0,-3885.32,"LOSS"
5,"FusionGrip Harness","TH-348-FUSIONHARNESS","2026-04-28",3,8997,7624.58,2703.09,224.94,117,4546.86,0,32.69,"PROFIT"
5,"FusionGrip Harness","TH-348-FUSIONHARNESS","2026-04-29",1,2999,2541.53,901.03,74.98,117,3249.22,0,-1800.7,"LOSS"
5,"FusionGrip Harness","TH-348-FUSIONHARNESS","2026-04-30",0,0,0,0,0,0,1347.47,0,-1347.47,"LOSS"
5,"FusionGrip Harness","TH-348-FUSIONHARNESS","2026-05-01",0,0,0,0,0,0,1665.83,0,-1665.83,"LOSS"
5,"FusionGrip Harness","TH-348-FUSIONHARNESS","2026-05-02",3,8997,7624.58,2832.09,224.94,0,4472.86,2,94.69,"PROFIT"
5,"FusionGrip Harness","TH-348-FUSIONHARNESS","2026-05-03",5,14995,12707.63,4892.15,374.9,117,6976.8,6,346.78,"PROFIT"
5,"FusionGrip Harness","TH-348-FUSIONHARNESS","2026-05-04",1,2999,2541.53,1030.03,74.98,0,5021.99,1,-3585.47,"LOSS"
5,"FusionGrip Harness","TH-348-FUSIONHARNESS","2026-05-05",1,2999,2541.53,901.03,74.98,0,1603.68,0,-38.16,"LOSS"
5,"FusionGrip Harness","TH-348-FUSIONHARNESS","2026-05-06",1,2999,2541.53,1030.03,74.98,0,2515.03,0,-1078.51,"LOSS"
5,"FusionGrip Harness","TH-348-FUSIONHARNESS","2026-05-07",0,0,0,0,0,0,1608.32,0,-1608.32,"LOSS"
5,"FusionGrip Harness","TH-348-FUSIONHARNESS","2026-05-08",4,11996,10166.1,3862.12,299.92,0,5571.02,5,433.04,"PROFIT"
5,"FusionGrip Harness","TH-348-FUSIONHARNESS","2026-05-09",1,2999,2541.53,901.03,74.98,0,2112.17,0,-546.65,"LOSS"
5,"FusionGrip Harness","TH-348-FUSIONHARNESS","2026-05-10",0,0,0,0,0,0,0,2,0,"BREAKEVEN"
5,"FusionGrip Harness","TH-348-FUSIONHARNESS","2026-05-11",3,8997,7624.58,2703.09,224.94,0,0,0,4696.55,"PROFIT"
5,"FusionGrip Harness","TH-348-FUSIONHARNESS","2026-05-12",1,2999,2541.53,1030.03,74.98,0,0,0,1436.52,"PROFIT"
5,"FusionGrip Harness","TH-348-FUSIONHARNESS","2026-05-13",1,2999,2541.53,901.03,74.98,0,0,0,1565.52,"PROFIT"
5,"FusionGrip Harness","TH-348-FUSIONHARNESS","2026-05-23",2,6998,5930.51,2065.98,174.96,0,0,0,3689.57,"PROFIT"
5,"FusionGrip Harness","TH-348-FUSIONHARNESS","2026-05-25",0,0,0,0,0,0,514.24,0,-514.24,"LOSS"
5,"FusionGrip Harness","TH-348-FUSIONHARNESS","2026-05-26",2,6998,5930.51,2323.6,174.96,0,1603.72,1,1828.23,"PROFIT"
5,"FusionGrip Harness","TH-348-FUSIONHARNESS","2026-05-27",2,6998,5930.51,2194.79,174.96,0,1013.31,1,2547.45,"PROFIT"
5,"FusionGrip Harness","TH-348-FUSIONHARNESS","2026-05-28",0,0,0,0,0,0,1089.17,0,-1089.17,"LOSS"
5,"FusionGrip Harness","TH-348-FUSIONHARNESS","2026-05-29",3,8997,7624.58,3522.9,224.94,0,3603.96,5,272.78,"PROFIT"
5,"FusionGrip Harness","TH-348-FUSIONHARNESS","2026-05-30",5,14995,12707.63,5742.69,374.9,0,4569.91,7,2020.13,"PROFIT"
5,"FusionGrip Harness","TH-348-FUSIONHARNESS","2026-05-31",2,5998,5083.05,2348.6,149.96,0,4910.4,4,-2325.91,"LOSS"
5,"FusionGrip Harness","TH-348-FUSIONHARNESS","2026-06-01",1,2999,2541.53,1174.3,74.98,0,1566.8,2,-274.55,"LOSS"
5,"FusionGrip Harness","TH-348-FUSIONHARNESS","2026-06-02",0,0,0,0,0,0,763.73,0,-763.73,"LOSS"
5,"FusionGrip Harness","TH-348-FUSIONHARNESS","2026-06-03",3,8997,7624.58,2747.94,262.44,0,2204.63,3,2409.57,"PROFIT"
5,"FusionGrip Harness","TH-348-FUSIONHARNESS","2026-06-04",0,0,0,0,0,0,1787.29,1,-1787.29,"LOSS"
5,"FusionGrip Harness","TH-348-FUSIONHARNESS","2026-06-05",3,8997,7624.58,2876.76,262.44,0,2599.81,6,1885.57,"PROFIT"
5,"FusionGrip Harness","TH-348-FUSIONHARNESS","2026-06-06",1,2999,2541.53,1044.8,87.48,0,3408.76,2,-1999.51,"LOSS"
5,"FusionGrip Harness","TH-348-FUSIONHARNESS","2026-06-07",2,5998,5083.05,1960.78,174.96,0,4700.96,5,-1753.65,"LOSS"
5,"FusionGrip Harness","TH-348-FUSIONHARNESS","2026-06-08",1,2999,2541.53,915.98,87.48,0,1954.59,0,-416.52,"LOSS"
5,"FusionGrip Harness","TH-348-FUSIONHARNESS","2026-06-09",1,2999,2541.53,915.98,87.48,0,1026.09,0,511.98,"PROFIT"
6,"NapDen Donut Bed","TH-075-NAPDEN","2026-01-01",0,0,0,0,0,0,1278.54,2,-1278.54,"LOSS"
6,"NapDen Donut Bed","TH-075-NAPDEN","2026-01-02",0,0,0,0,0,0,2681.37,2,-2681.37,"LOSS"
6,"NapDen Donut Bed","TH-075-NAPDEN","2026-01-03",0,0,0,0,0,0,1646.36,0,-1646.36,"LOSS"
6,"NapDen Donut Bed","TH-075-NAPDEN","2026-01-04",0,0,0,0,0,0,1895.76,2,-1895.76,"LOSS"
6,"NapDen Donut Bed","TH-075-NAPDEN","2026-01-05",1,1799,1524.58,786.03,44.98,0,2132,0,-1438.43,"LOSS"
6,"NapDen Donut Bed","TH-075-NAPDEN","2026-01-06",0,0,0,0,0,0,909.57,0,-909.57,"LOSS"
6,"NapDen Donut Bed","TH-075-NAPDEN","2026-01-07",3,5997,5082.2,3027.09,149.94,0,2610.42,2,-705.25,"LOSS"
6,"NapDen Donut Bed","TH-075-NAPDEN","2026-01-08",0,0,0,0,0,0,1825.64,0,-1825.64,"LOSS"
6,"NapDen Donut Bed","TH-075-NAPDEN","2026-01-09",0,0,0,0,0,0,2025.7,0,-2025.7,"LOSS"
6,"NapDen Donut Bed","TH-075-NAPDEN","2026-01-10",0,0,0,0,0,0,1120.99,1,-1120.99,"LOSS"
6,"NapDen Donut Bed","TH-075-NAPDEN","2026-01-12",0,0,0,0,0,0,1106.12,0,-1106.12,"LOSS"
6,"NapDen Donut Bed","TH-075-NAPDEN","2026-01-13",0,0,0,0,0,0,1068.75,0,-1068.75,"LOSS"
6,"NapDen Donut Bed","TH-075-NAPDEN","2026-01-14",1,1999,1694.07,1009.03,49.98,0,1640.88,2,-1005.82,"LOSS"
6,"NapDen Donut Bed","TH-075-NAPDEN","2026-01-15",0,0,0,0,0,0,1538.55,1,-1538.55,"LOSS"
6,"NapDen Donut Bed","TH-075-NAPDEN","2026-01-16",0,0,0,0,0,0,1107.12,0,-1107.12,"LOSS"
6,"NapDen Donut Bed","TH-075-NAPDEN","2026-01-20",0,0,0,0,0,0,0,0,0,"BREAKEVEN"
6,"NapDen Donut Bed","TH-075-NAPDEN","2026-01-24",1,2699,2287.29,1605.53,67.48,0,744.53,2,-130.25,"LOSS"
6,"NapDen Donut Bed","TH-075-NAPDEN","2026-01-25",0,0,0,0,0,0,933.9,0,-933.9,"LOSS"
6,"NapDen Donut Bed","TH-075-NAPDEN","2026-01-26",0,0,0,0,0,0,1284.3,0,-1284.3,"LOSS"
6,"NapDen Donut Bed","TH-075-NAPDEN","2026-01-27",3,7397,6268.64,4220.09,184.94,0,1072.22,2,791.39,"PROFIT"
6,"NapDen Donut Bed","TH-075-NAPDEN","2026-01-28",0,0,0,0,0,0,1071.36,0,-1071.36,"LOSS"
6,"NapDen Donut Bed","TH-075-NAPDEN","2026-01-29",0,0,0,0,0,0,0,0,0,"BREAKEVEN"
6,"NapDen Donut Bed","TH-075-NAPDEN","2026-02-23",0,0,0,0,0,0,1190.28,0,-1190.28,"LOSS"
6,"NapDen Donut Bed","TH-075-NAPDEN","2026-02-24",1,2799,2372.03,1605.03,69.98,0,2534.6,1,-1837.58,"LOSS"
6,"NapDen Donut Bed","TH-075-NAPDEN","2026-02-25",1,1999,1694.07,785.03,49.98,117,1074.8,1,-332.74,"LOSS"
6,"NapDen Donut Bed","TH-075-NAPDEN","2026-03-22",1,2199,1863.56,903.03,54.98,0,0,0,905.55,"PROFIT"
6,"NapDen Donut Bed","TH-075-NAPDEN","2026-03-23",1,1999,1694.07,706.03,49.98,0,0,0,938.06,"PROFIT"
6,"NapDen Donut Bed","TH-075-NAPDEN","2026-03-30",1,1999,1694.07,706.03,49.98,117,0,0,821.06,"PROFIT"
6,"NapDen Donut Bed","TH-075-NAPDEN","2026-04-02",1,1999,1694.07,706.03,49.98,117,0,0,821.06,"PROFIT"
6,"NapDen Donut Bed","TH-075-NAPDEN","2026-04-30",1,2799,2372.03,1400.03,69.98,0,0,0,902.02,"PROFIT"
6,"NapDen Donut Bed","TH-075-NAPDEN","2026-05-05",1,2799,2372.03,1400.03,69.98,0,0,0,902.02,"PROFIT"
6,"NapDen Donut Bed","TH-075-NAPDEN","2026-05-18",1,2799,2372.03,1400.03,69.98,0,0,0,902.02,"PROFIT"
6,"NapDen Donut Bed","TH-075-NAPDEN","2026-05-26",1,2999,2541.53,1860.01,74.98,0,0,0,606.54,"PROFIT"
6,"NapDen Donut Bed","TH-075-NAPDEN","2026-05-30",1,2499,2117.8,1360.01,62.48,0,0,0,695.31,"PROFIT"
7,"CalmFrost Puffer Jacket","TH-211-PUFFERJACKET","2026-01-01",0,0,0,0,0,0,1726.09,0,-1726.09,"LOSS"
7,"CalmFrost Puffer Jacket","TH-211-PUFFERJACKET","2026-01-02",0,0,0,0,0,0,2049.78,0,-2049.78,"LOSS"
7,"CalmFrost Puffer Jacket","TH-211-PUFFERJACKET","2026-01-03",1,1999,1694.07,757.03,49.98,117,2060.78,0,-1290.72,"LOSS"
7,"CalmFrost Puffer Jacket","TH-211-PUFFERJACKET","2026-01-04",1,1999,1694.07,311.03,49.98,0,2810.62,3,-1477.56,"LOSS"
7,"CalmFrost Puffer Jacket","TH-211-PUFFERJACKET","2026-01-05",4,7996,6776.27,2734.11,199.92,0,4478.21,5,-635.97,"LOSS"
7,"CalmFrost Puffer Jacket","TH-211-PUFFERJACKET","2026-01-06",1,1999,1694.07,384.02,49.98,0,4566.87,4,-3306.8,"LOSS"
7,"CalmFrost Puffer Jacket","TH-211-PUFFERJACKET","2026-01-07",9,14491,12280.51,5966.76,292.32,0,5267.6,8,753.83,"PROFIT"
7,"CalmFrost Puffer Jacket","TH-211-PUFFERJACKET","2026-01-08",4,5196,4403.39,2435.11,129.92,0,4392.83,5,-2554.47,"LOSS"
7,"CalmFrost Puffer Jacket","TH-211-PUFFERJACKET","2026-01-09",4,5196,4403.39,3177.12,129.92,0,4753.53,1,-3657.18,"LOSS"
7,"CalmFrost Puffer Jacket","TH-211-PUFFERJACKET","2026-01-10",1,1299,1100.85,853.53,32.48,0,2603.13,0,-2388.29,"LOSS"
7,"CalmFrost Puffer Jacket","TH-211-PUFFERJACKET","2026-01-11",4,5196,4403.39,2676.12,129.92,0,3867.4,8,-2270.05,"LOSS"
7,"CalmFrost Puffer Jacket","TH-211-PUFFERJACKET","2026-01-12",1,1299,1100.85,328.53,32.48,0,2627.68,2,-1887.84,"LOSS"
7,"CalmFrost Puffer Jacket","TH-211-PUFFERJACKET","2026-01-13",2,2598,2201.69,730.05,64.96,117,2652.37,1,-1362.69,"LOSS"
7,"CalmFrost Puffer Jacket","TH-211-PUFFERJACKET","2026-01-14",4,5196,4403.39,1995.12,129.92,117,2894.84,3,-733.49,"LOSS"
7,"CalmFrost Puffer Jacket","TH-211-PUFFERJACKET","2026-01-15",1,1299,1100.85,484.53,32.48,117,2982.98,3,-2516.14,"LOSS"
7,"CalmFrost Puffer Jacket","TH-211-PUFFERJACKET","2026-01-16",4,5196,4403.39,1314.12,129.92,117,2456.37,0,385.98,"PROFIT"
7,"CalmFrost Puffer Jacket","TH-211-PUFFERJACKET","2026-01-17",0,0,0,0,0,0,1776.08,0,-1776.08,"LOSS"
7,"CalmFrost Puffer Jacket","TH-211-PUFFERJACKET","2026-01-18",0,0,0,0,0,0,2027.82,0,-2027.82,"LOSS"
7,"CalmFrost Puffer Jacket","TH-211-PUFFERJACKET","2026-01-19",0,0,0,0,0,0,1012.56,0,-1012.56,"LOSS"
7,"CalmFrost Puffer Jacket","TH-211-PUFFERJACKET","2026-01-20",1,1299,1100.85,484.53,32.48,0,2179.23,1,-1595.39,"LOSS"
7,"CalmFrost Puffer Jacket","TH-211-PUFFERJACKET","2026-01-21",0,0,0,0,0,0,2134.29,2,-2134.29,"LOSS"
7,"CalmFrost Puffer Jacket","TH-211-PUFFERJACKET","2026-01-22",2,2598,2201.69,657.06,64.96,117,1187.23,0,175.44,"PROFIT"
7,"CalmFrost Puffer Jacket","TH-211-PUFFERJACKET","2026-01-23",1,1299,1100.85,328.53,32.48,117,915.02,0,-292.18,"LOSS"
7,"CalmFrost Puffer Jacket","TH-211-PUFFERJACKET","2026-01-24",1,1299,1100.85,853.53,32.48,0,0,0,214.84,"PROFIT"
7,"CalmFrost Puffer Jacket","TH-211-PUFFERJACKET","2026-01-26",1,1299,1100.85,328.53,32.48,117,0,0,622.84,"PROFIT"
7,"CalmFrost Puffer Jacket","TH-211-PUFFERJACKET","2026-01-27",2,2598,2201.69,813.06,64.96,117,0,0,1206.67,"PROFIT"
7,"CalmFrost Puffer Jacket","TH-211-PUFFERJACKET","2026-01-28",1,1299,1100.85,401.52,32.48,0,0,0,666.85,"PROFIT"
7,"CalmFrost Puffer Jacket","TH-211-PUFFERJACKET","2026-02-21",1,1299,1100.85,401.52,32.48,0,0,0,666.85,"PROFIT"
7,"CalmFrost Puffer Jacket","TH-211-PUFFERJACKET","2026-04-16",2,2598,2201.69,894.05,64.96,0,0,0,1242.68,"PROFIT"
8,"PocketPup Tote Bag","TH-054-TOTE","2026-01-01",0,0,0,0,0,0,1540.46,0,-1540.46,"LOSS"
8,"PocketPup Tote Bag","TH-054-TOTE","2026-01-02",1,1899,1609.32,685.53,47.48,117,2345.08,1,-1585.77,"LOSS"
8,"PocketPup Tote Bag","TH-054-TOTE","2026-01-03",0,0,0,0,0,0,1949.26,0,-1949.26,"LOSS"
8,"PocketPup Tote Bag","TH-054-TOTE","2026-01-04",0,0,0,0,0,0,1711.75,0,-1711.75,"LOSS"
8,"PocketPup Tote Bag","TH-054-TOTE","2026-01-05",1,1899,1609.32,685.53,47.48,0,3773.72,1,-2897.41,"LOSS"
8,"PocketPup Tote Bag","TH-054-TOTE","2026-01-06",0,0,0,0,0,0,2078.09,0,-2078.09,"LOSS"
8,"PocketPup Tote Bag","TH-054-TOTE","2026-01-07",1,1899,1609.32,685.53,47.48,0,1276.44,2,-400.13,"LOSS"
8,"PocketPup Tote Bag","TH-054-TOTE","2026-01-08",0,0,0,0,0,0,0,0,0,"BREAKEVEN"
8,"PocketPup Tote Bag","TH-054-TOTE","2026-01-09",0,0,0,0,0,0,0,0,0,"BREAKEVEN"
8,"PocketPup Tote Bag","TH-054-TOTE","2026-01-10",1,1899,1609.32,685.53,47.48,0,3133.34,7,-2257.03,"LOSS"
8,"PocketPup Tote Bag","TH-054-TOTE","2026-01-11",2,3798,3218.64,1371.06,94.96,0,1042.02,0,710.6,"PROFIT"
8,"PocketPup Tote Bag","TH-054-TOTE","2026-01-12",0,0,0,0,0,0,932.85,1,-932.85,"LOSS"
8,"PocketPup Tote Bag","TH-054-TOTE","2026-01-13",0,0,0,0,0,0,984.76,0,-984.76,"LOSS"
8,"PocketPup Tote Bag","TH-054-TOTE","2026-01-14",2,3798,3218.64,1371.06,94.96,0,1247.86,2,504.76,"PROFIT"
8,"PocketPup Tote Bag","TH-054-TOTE","2026-01-15",1,1899,1609.32,685.53,47.48,0,1836.87,2,-960.56,"LOSS"
8,"PocketPup Tote Bag","TH-054-TOTE","2026-01-16",1,1899,1609.32,685.53,47.48,0,1457.46,1,-581.15,"LOSS"
8,"PocketPup Tote Bag","TH-054-TOTE","2026-01-17",1,1899,1609.32,685.53,47.48,0,2046.92,1,-1170.61,"LOSS"
8,"PocketPup Tote Bag","TH-054-TOTE","2026-01-18",1,1899,1609.32,685.53,47.48,0,1255.17,1,-378.86,"LOSS"
8,"PocketPup Tote Bag","TH-054-TOTE","2026-01-19",0,0,0,0,0,0,1099.88,0,-1099.88,"LOSS"
8,"PocketPup Tote Bag","TH-054-TOTE","2026-01-20",0,0,0,0,0,0,969.92,0,-969.92,"LOSS"
8,"PocketPup Tote Bag","TH-054-TOTE","2026-01-21",0,0,0,0,0,0,1020.12,0,-1020.12,"LOSS"
8,"PocketPup Tote Bag","TH-054-TOTE","2026-01-22",2,3798,3218.64,1371.06,94.96,117,1022.47,0,613.15,"PROFIT"
8,"PocketPup Tote Bag","TH-054-TOTE","2026-01-23",0,0,0,0,0,0,91.65,0,-91.65,"LOSS"
8,"PocketPup Tote Bag","TH-054-TOTE","2026-01-25",1,1899,1609.32,685.53,47.48,0,0,0,876.31,"PROFIT"
8,"PocketPup Tote Bag","TH-054-TOTE","2026-01-27",1,1899,1609.32,685.53,47.48,0,0,0,876.31,"PROFIT"
8,"PocketPup Tote Bag","TH-054-TOTE","2026-01-28",0,0,0,0,0,0,188.64,0,-188.64,"LOSS"
8,"PocketPup Tote Bag","TH-054-TOTE","2026-01-29",0,0,0,0,0,0,836.82,0,-836.82,"LOSS"
8,"PocketPup Tote Bag","TH-054-TOTE","2026-01-30",1,1999,1694.07,683.03,49.98,0,1083.8,1,-122.74,"LOSS"
8,"PocketPup Tote Bag","TH-054-TOTE","2026-01-31",0,0,0,0,0,0,1082.94,0,-1082.94,"LOSS"
8,"PocketPup Tote Bag","TH-054-TOTE","2026-02-01",0,0,0,0,0,0,1055.28,1,-1055.28,"LOSS"
8,"PocketPup Tote Bag","TH-054-TOTE","2026-02-02",1,1999,1694.07,722.03,49.98,0,948.27,1,-26.21,"LOSS"
8,"PocketPup Tote Bag","TH-054-TOTE","2026-02-03",0,0,0,0,0,0,730.57,0,-730.57,"LOSS"
8,"PocketPup Tote Bag","TH-054-TOTE","2026-02-04",0,0,0,0,0,0,1131.32,0,-1131.32,"LOSS"
8,"PocketPup Tote Bag","TH-054-TOTE","2026-02-09",0,0,0,0,0,0,0,0,0,"BREAKEVEN"
8,"PocketPup Tote Bag","TH-054-TOTE","2026-02-16",1,1999,1694.07,722.03,49.98,0,0,0,922.06,"PROFIT"
8,"PocketPup Tote Bag","TH-054-TOTE","2026-02-17",1,1999,1694.07,722.03,49.98,0,0,0,922.06,"PROFIT"
8,"PocketPup Tote Bag","TH-054-TOTE","2026-03-13",1,1999,1694.07,722.03,49.98,0,0,0,922.06,"PROFIT"
8,"PocketPup Tote Bag","TH-054-TOTE","2026-03-23",2,3998,3388.14,1146.06,99.96,0,0,0,2142.12,"PROFIT"
8,"PocketPup Tote Bag","TH-054-TOTE","2026-03-30",6,11994,10164.41,3438.18,299.88,702,0,0,5724.35,"PROFIT"
8,"PocketPup Tote Bag","TH-054-TOTE","2026-04-02",1,1999,1694.07,573.03,49.98,0,0,0,1071.06,"PROFIT"
8,"PocketPup Tote Bag","TH-054-TOTE","2026-04-05",1,1999,1694.07,573.03,49.98,0,0,0,1071.06,"PROFIT"
8,"PocketPup Tote Bag","TH-054-TOTE","2026-04-08",2,3998,3388.14,1146.06,99.96,0,0,0,2142.12,"PROFIT"
8,"PocketPup Tote Bag","TH-054-TOTE","2026-04-10",1,1999,1694.07,573.03,49.98,0,0,0,1071.06,"PROFIT"
8,"PocketPup Tote Bag","TH-054-TOTE","2026-05-03",1,1999,1694.07,573.03,49.98,0,0,0,1071.06,"PROFIT"
8,"PocketPup Tote Bag","TH-054-TOTE","2026-05-06",1,1999,1694.07,573.03,49.98,0,0,0,1071.06,"PROFIT"
8,"PocketPup Tote Bag","TH-054-TOTE","2026-05-07",3,5997,5082.2,1719.09,149.94,0,0,0,3213.17,"PROFIT"
8,"PocketPup Tote Bag","TH-054-TOTE","2026-05-09",1,1999,1694.07,573.03,49.98,0,0,0,1071.06,"PROFIT"
8,"PocketPup Tote Bag","TH-054-TOTE","2026-05-13",1,1999,1694.07,573.03,49.98,0,0,0,1071.06,"PROFIT"
8,"PocketPup Tote Bag","TH-054-TOTE","2026-05-15",1,1999,1694.07,573.03,49.98,0,0,0,1071.06,"PROFIT"
8,"PocketPup Tote Bag","TH-054-TOTE","2026-05-17",1,1999,1694.07,573.03,49.98,0,0,0,1071.06,"PROFIT"
8,"PocketPup Tote Bag","TH-054-TOTE","2026-05-19",1,1999,1694.07,560.53,62.48,0,0,0,1071.06,"PROFIT"
8,"PocketPup Tote Bag","TH-054-TOTE","2026-05-20",1,2499,2117.8,694.01,62.48,0,0,0,1361.31,"PROFIT"
8,"PocketPup Tote Bag","TH-054-TOTE","2026-05-30",1,2499,2117.8,694.01,62.48,0,0,0,1361.31,"PROFIT"
8,"PocketPup Tote Bag","TH-054-TOTE","2026-06-07",2,4998,4235.59,1154,124.96,0,0,0,2956.63,"PROFIT"
8,"PocketPup Tote Bag","TH-054-TOTE","2026-06-08",1,2499,2117.8,577,62.48,0,0,0,1478.32,"PROFIT"
9,"Meow Scratch Lounge","TH-149-SCRATCHLOUNGE","2026-01-01",0,0,0,0,0,0,1154.51,0,-1154.51,"LOSS"
9,"Meow Scratch Lounge","TH-149-SCRATCHLOUNGE","2026-01-02",1,2199,1863.56,1144.03,54.98,0,2653.48,2,-1988.93,"LOSS"
9,"Meow Scratch Lounge","TH-149-SCRATCHLOUNGE","2026-01-03",2,4398,3727.12,2288.06,109.96,0,3636.62,5,-2307.52,"LOSS"
9,"Meow Scratch Lounge","TH-149-SCRATCHLOUNGE","2026-01-04",2,4398,3727.12,2288.06,109.96,0,2065.85,2,-736.75,"LOSS"
9,"Meow Scratch Lounge","TH-149-SCRATCHLOUNGE","2026-01-05",0,0,0,0,0,0,2104.3,0,-2104.3,"LOSS"
9,"Meow Scratch Lounge","TH-149-SCRATCHLOUNGE","2026-01-06",1,2199,1863.56,1144.03,54.98,0,3525.97,0,-2861.42,"LOSS"
9,"Meow Scratch Lounge","TH-149-SCRATCHLOUNGE","2026-01-07",0,0,0,0,0,0,2030.35,0,-2030.35,"LOSS"
9,"Meow Scratch Lounge","TH-149-SCRATCHLOUNGE","2026-01-08",2,4398,3727.12,2288.06,109.96,0,2280.24,1,-951.14,"LOSS"
9,"Meow Scratch Lounge","TH-149-SCRATCHLOUNGE","2026-01-09",0,0,0,0,0,0,2587.72,0,-2587.72,"LOSS"
9,"Meow Scratch Lounge","TH-149-SCRATCHLOUNGE","2026-01-10",0,0,0,0,0,0,1015.44,0,-1015.44,"LOSS"
9,"Meow Scratch Lounge","TH-149-SCRATCHLOUNGE","2026-01-11",1,2199,1863.56,1144.03,54.98,0,0,0,664.55,"PROFIT"
9,"Meow Scratch Lounge","TH-149-SCRATCHLOUNGE","2026-01-12",0,0,0,0,0,0,1012.18,0,-1012.18,"LOSS"
9,"Meow Scratch Lounge","TH-149-SCRATCHLOUNGE","2026-01-13",1,2199,1863.56,1144.03,54.98,0,459.36,0,205.19,"PROFIT"
9,"Meow Scratch Lounge","TH-149-SCRATCHLOUNGE","2026-01-16",0,0,0,0,0,0,318.22,0,-318.22,"LOSS"
9,"Meow Scratch Lounge","TH-149-SCRATCHLOUNGE","2026-01-17",0,0,0,0,0,0,1054.2,0,-1054.2,"LOSS"
9,"Meow Scratch Lounge","TH-149-SCRATCHLOUNGE","2026-01-18",1,2199,1863.56,1144.03,54.98,0,1030.43,0,-365.88,"LOSS"
9,"Meow Scratch Lounge","TH-149-SCRATCHLOUNGE","2026-01-19",1,2199,1863.56,1144.03,54.98,0,1852.16,1,-1187.61,"LOSS"
9,"Meow Scratch Lounge","TH-149-SCRATCHLOUNGE","2026-01-20",2,4398,3727.12,2288.06,109.96,117,997.3,0,214.8,"PROFIT"
9,"Meow Scratch Lounge","TH-149-SCRATCHLOUNGE","2026-01-21",2,4398,3727.12,2288.06,109.96,117,1864.73,1,-652.63,"LOSS"
9,"Meow Scratch Lounge","TH-149-SCRATCHLOUNGE","2026-01-22",1,2199,1863.56,1144.03,54.98,0,1879.04,3,-1214.49,"LOSS"
9,"Meow Scratch Lounge","TH-149-SCRATCHLOUNGE","2026-01-23",0,0,0,0,0,0,1141.91,0,-1141.91,"LOSS"
9,"Meow Scratch Lounge","TH-149-SCRATCHLOUNGE","2026-01-27",1,2199,1863.56,1144.03,54.98,0,0,0,664.55,"PROFIT"
9,"Meow Scratch Lounge","TH-149-SCRATCHLOUNGE","2026-01-28",1,2199,1863.56,1144.03,54.98,0,1560.85,2,-896.3,"LOSS"
9,"Meow Scratch Lounge","TH-149-SCRATCHLOUNGE","2026-01-29",3,6597,5590.68,3409.59,187.44,0,1212.01,4,781.64,"PROFIT"
9,"Meow Scratch Lounge","TH-149-SCRATCHLOUNGE","2026-01-30",3,7497,6353.39,3409.59,187.44,117,3078.77,4,-439.41,"LOSS"
9,"Meow Scratch Lounge","TH-149-SCRATCHLOUNGE","2026-01-31",1,2499,2117.8,1142.53,62.48,0,1739.38,2,-826.59,"LOSS"
9,"Meow Scratch Lounge","TH-149-SCRATCHLOUNGE","2026-02-01",3,7497,6353.39,3427.59,187.44,0,2692.44,3,45.92,"PROFIT"
9,"Meow Scratch Lounge","TH-149-SCRATCHLOUNGE","2026-02-02",0,0,0,0,0,0,1053.16,0,-1053.16,"LOSS"
9,"Meow Scratch Lounge","TH-149-SCRATCHLOUNGE","2026-02-03",0,0,0,0,0,0,1019.12,0,-1019.12,"LOSS"
9,"Meow Scratch Lounge","TH-149-SCRATCHLOUNGE","2026-02-04",1,2499,2117.8,1142.53,62.48,117,2076.53,2,-1280.74,"LOSS"
9,"Meow Scratch Lounge","TH-149-SCRATCHLOUNGE","2026-02-05",0,0,0,0,0,0,1016.15,0,-1016.15,"LOSS"
9,"Meow Scratch Lounge","TH-149-SCRATCHLOUNGE","2026-02-06",0,0,0,0,0,0,0,1,0,"BREAKEVEN"
9,"Meow Scratch Lounge","TH-149-SCRATCHLOUNGE","2026-02-07",0,0,0,0,0,0,0,0,0,"BREAKEVEN"
9,"Meow Scratch Lounge","TH-149-SCRATCHLOUNGE","2026-02-09",1,2499,2117.8,1142.53,62.48,117,0,0,795.79,"PROFIT"
9,"Meow Scratch Lounge","TH-149-SCRATCHLOUNGE","2026-02-12",1,2499,2117.8,1142.53,62.48,0,0,0,912.79,"PROFIT"
9,"Meow Scratch Lounge","TH-149-SCRATCHLOUNGE","2026-02-18",1,2499,2117.8,1142.53,62.48,117,0,0,795.79,"PROFIT"
9,"Meow Scratch Lounge","TH-149-SCRATCHLOUNGE","2026-02-19",1,2499,2117.8,1142.53,62.48,0,0,0,912.79,"PROFIT"
9,"Meow Scratch Lounge","TH-149-SCRATCHLOUNGE","2026-02-26",1,2499,2117.8,1142.53,62.48,0,0,0,912.79,"PROFIT"
9,"Meow Scratch Lounge","TH-149-SCRATCHLOUNGE","2026-02-28",1,2499,2117.8,1142.53,62.48,0,948.25,0,-35.46,"LOSS"
9,"Meow Scratch Lounge","TH-149-SCRATCHLOUNGE","2026-03-01",0,0,0,0,0,0,1420.48,0,-1420.48,"LOSS"
9,"Meow Scratch Lounge","TH-149-SCRATCHLOUNGE","2026-03-02",1,2499,2117.8,1142.53,62.48,0,1093.6,0,-180.81,"LOSS"
9,"Meow Scratch Lounge","TH-149-SCRATCHLOUNGE","2026-03-03",1,2499,2117.8,1142.53,62.48,0,0,0,912.79,"PROFIT"
9,"Meow Scratch Lounge","TH-149-SCRATCHLOUNGE","2026-03-09",3,7497,6353.39,3427.59,187.44,117,0,0,2621.36,"PROFIT"
9,"Meow Scratch Lounge","TH-149-SCRATCHLOUNGE","2026-03-10",3,7497,6353.39,3427.59,187.44,234,0,0,2504.36,"PROFIT"
9,"Meow Scratch Lounge","TH-149-SCRATCHLOUNGE","2026-03-12",1,2499,2117.8,1142.53,62.48,0,0,0,912.79,"PROFIT"
9,"Meow Scratch Lounge","TH-149-SCRATCHLOUNGE","2026-03-13",2,4998,4235.59,2285.06,124.96,0,0,0,1825.57,"PROFIT"
9,"Meow Scratch Lounge","TH-149-SCRATCHLOUNGE","2026-03-14",1,2499,2117.8,1142.53,62.48,0,0,0,912.79,"PROFIT"
9,"Meow Scratch Lounge","TH-149-SCRATCHLOUNGE","2026-03-16",0,0,0,0,0,0,2670.85,0,-2670.85,"LOSS"
9,"Meow Scratch Lounge","TH-149-SCRATCHLOUNGE","2026-03-24",1,2499,2117.8,1007.53,62.48,0,0,0,1047.79,"PROFIT"
9,"Meow Scratch Lounge","TH-149-SCRATCHLOUNGE","2026-03-25",1,2499,2117.8,1007.53,62.48,0,0,0,1047.79,"PROFIT"
9,"Meow Scratch Lounge","TH-149-SCRATCHLOUNGE","2026-04-07",1,2499,2117.8,1007.53,62.48,0,0,0,1047.79,"PROFIT"
9,"Meow Scratch Lounge","TH-149-SCRATCHLOUNGE","2026-04-09",1,2499,2117.8,1007.53,62.48,0,0,0,1047.79,"PROFIT"
9,"Meow Scratch Lounge","TH-149-SCRATCHLOUNGE","2026-04-14",1,2499,2117.8,1007.53,62.48,117,0,0,930.79,"PROFIT"
9,"Meow Scratch Lounge","TH-149-SCRATCHLOUNGE","2026-04-15",1,2499,2117.8,1007.53,62.48,0,0,0,1047.79,"PROFIT"
9,"Meow Scratch Lounge","TH-149-SCRATCHLOUNGE","2026-04-18",2,4998,4235.59,2015.06,124.96,0,0,0,2095.57,"PROFIT"
9,"Meow Scratch Lounge","TH-149-SCRATCHLOUNGE","2026-04-23",1,2499,2117.8,1007.53,62.48,0,0,0,1047.79,"PROFIT"
9,"Meow Scratch Lounge","TH-149-SCRATCHLOUNGE","2026-04-24",1,2499,2117.8,1007.53,62.48,0,0,0,1047.79,"PROFIT"
9,"Meow Scratch Lounge","TH-149-SCRATCHLOUNGE","2026-05-03",2,4998,4235.59,2015.06,124.96,0,0,0,2095.57,"PROFIT"
9,"Meow Scratch Lounge","TH-149-SCRATCHLOUNGE","2026-05-06",1,2499,2117.8,1007.53,62.48,0,0,0,1047.79,"PROFIT"
9,"Meow Scratch Lounge","TH-149-SCRATCHLOUNGE","2026-05-10",1,2499,2117.8,1007.53,62.48,0,0,0,1047.79,"PROFIT"
10,"TenderTrek Silicone Boots","TH-063-SILBOO","2026-01-02",1,2199,1863.56,597.03,54.98,0,0,0,1211.55,"PROFIT"
10,"TenderTrek Silicone Boots","TH-063-SILBOO","2026-01-03",3,6297,5336.44,1687.59,157.44,0,1993.63,4,1497.78,"PROFIT"
10,"TenderTrek Silicone Boots","TH-063-SILBOO","2026-01-04",1,2099,1778.81,562.53,52.48,0,1946.17,0,-782.37,"LOSS"
10,"TenderTrek Silicone Boots","TH-063-SILBOO","2026-01-05",0,0,0,0,0,0,0,0,0,"BREAKEVEN"
10,"TenderTrek Silicone Boots","TH-063-SILBOO","2026-01-06",2,4098,3472.88,1109.56,102.46,0,1819.28,0,441.58,"PROFIT"
10,"TenderTrek Silicone Boots","TH-063-SILBOO","2026-01-07",2,4398,3727.12,1194.06,109.96,0,527.42,0,1895.68,"PROFIT"
10,"TenderTrek Silicone Boots","TH-063-SILBOO","2026-01-08",0,0,0,0,0,0,0,0,0,"BREAKEVEN"
10,"TenderTrek Silicone Boots","TH-063-SILBOO","2026-01-09",0,0,0,0,0,0,0,0,0,"BREAKEVEN"
10,"TenderTrek Silicone Boots","TH-063-SILBOO","2026-01-10",0,0,0,0,0,0,0,0,0,"BREAKEVEN"
10,"TenderTrek Silicone Boots","TH-063-SILBOO","2026-01-11",1,1899,1609.32,512.53,47.48,0,0,0,1049.31,"PROFIT"
10,"TenderTrek Silicone Boots","TH-063-SILBOO","2026-01-12",2,4198,3557.63,1125.06,104.96,234,0,0,2093.61,"PROFIT"
10,"TenderTrek Silicone Boots","TH-063-SILBOO","2026-01-13",1,1899,1609.32,512.53,47.48,0,421.55,0,627.76,"PROFIT"
10,"TenderTrek Silicone Boots","TH-063-SILBOO","2026-01-18",2,4398,3727.12,1194.06,109.96,0,0,0,2423.1,"PROFIT"
10,"TenderTrek Silicone Boots","TH-063-SILBOO","2026-01-23",0,0,0,0,0,0,808.79,0,-808.79,"LOSS"
10,"TenderTrek Silicone Boots","TH-063-SILBOO","2026-01-24",1,1699,1439.83,478.53,42.48,0,1768.09,3,-849.27,"LOSS"
10,"TenderTrek Silicone Boots","TH-063-SILBOO","2026-01-25",1,2199,1863.56,597.03,54.98,0,1679.48,2,-467.93,"LOSS"
10,"TenderTrek Silicone Boots","TH-063-SILBOO","2026-01-26",1,1999,1694.07,532.03,49.98,0,1917.09,2,-805.03,"LOSS"
10,"TenderTrek Silicone Boots","TH-063-SILBOO","2026-01-27",1,1799,1524.58,496.03,44.98,0,1305.98,0,-322.41,"LOSS"
10,"TenderTrek Silicone Boots","TH-063-SILBOO","2026-01-28",1,1699,1439.83,478.53,42.48,0,1854.98,1,-936.16,"LOSS"
10,"TenderTrek Silicone Boots","TH-063-SILBOO","2026-01-29",0,0,0,0,0,0,1126.26,0,-1126.26,"LOSS"
10,"TenderTrek Silicone Boots","TH-063-SILBOO","2026-01-30",0,0,0,0,0,0,1122.81,0,-1122.81,"LOSS"
10,"TenderTrek Silicone Boots","TH-063-SILBOO","2026-01-31",1,2399,2033.05,627.03,59.98,117,1084.3,0,144.74,"PROFIT"
10,"TenderTrek Silicone Boots","TH-063-SILBOO","2026-02-01",2,4298,3642.37,1120.56,107.46,0,3061.01,3,-646.66,"LOSS"
10,"TenderTrek Silicone Boots","TH-063-SILBOO","2026-02-02",1,1899,1609.32,510.53,47.48,0,1484.72,1,-433.41,"LOSS"
10,"TenderTrek Silicone Boots","TH-063-SILBOO","2026-02-03",0,0,0,0,0,0,3112.93,4,-3112.93,"LOSS"
10,"TenderTrek Silicone Boots","TH-063-SILBOO","2026-02-04",0,0,0,0,0,0,1043.99,0,-1043.99,"LOSS"
10,"TenderTrek Silicone Boots","TH-063-SILBOO","2026-02-05",0,0,0,0,0,0,914.09,1,-914.09,"LOSS"
10,"TenderTrek Silicone Boots","TH-063-SILBOO","2026-02-06",0,0,0,0,0,0,0,0,0,"BREAKEVEN"
10,"TenderTrek Silicone Boots","TH-063-SILBOO","2026-02-08",0,0,0,0,0,0,1212.61,0,-1212.61,"LOSS"
10,"TenderTrek Silicone Boots","TH-063-SILBOO","2026-02-09",0,0,0,0,0,0,0,0,0,"BREAKEVEN"
10,"TenderTrek Silicone Boots","TH-063-SILBOO","2026-02-21",1,2399,2033.05,627.03,59.98,0,0,0,1346.04,"PROFIT"
10,"TenderTrek Silicone Boots","TH-063-SILBOO","2026-02-24",1,2399,2033.05,622.03,64.98,0,0,0,1346.04,"PROFIT"
10,"TenderTrek Silicone Boots","TH-063-SILBOO","2026-03-02",1,2599,2202.54,622.03,64.98,0,0,0,1515.53,"PROFIT"
10,"TenderTrek Silicone Boots","TH-063-SILBOO","2026-03-05",1,2199,1863.56,523.03,54.98,117,0,0,1168.55,"PROFIT"
10,"TenderTrek Silicone Boots","TH-063-SILBOO","2026-03-07",1,2599,2202.54,622.03,64.98,117,0,0,1398.53,"PROFIT"
10,"TenderTrek Silicone Boots","TH-063-SILBOO","2026-03-10",1,2099,1778.81,505.53,52.48,117,0,0,1103.8,"PROFIT"
10,"TenderTrek Silicone Boots","TH-063-SILBOO","2026-03-14",1,2299,1948.31,539.53,57.48,0,0,0,1351.3,"PROFIT"
10,"TenderTrek Silicone Boots","TH-063-SILBOO","2026-03-15",2,5098,4320.34,1209.56,127.46,0,0,0,2983.32,"PROFIT"
10,"TenderTrek Silicone Boots","TH-063-SILBOO","2026-03-16",1,2099,1778.81,505.53,52.48,117,0,0,1103.8,"PROFIT"
10,"TenderTrek Silicone Boots","TH-063-SILBOO","2026-03-19",1,2099,1778.81,505.53,52.48,0,0,0,1220.8,"PROFIT"
10,"TenderTrek Silicone Boots","TH-063-SILBOO","2026-03-21",1,2099,1778.81,436.52,52.48,0,0,0,1289.81,"PROFIT"
10,"TenderTrek Silicone Boots","TH-063-SILBOO","2026-03-25",1,2199,1863.56,452.02,54.98,117,0,0,1239.56,"PROFIT"
10,"TenderTrek Silicone Boots","TH-063-SILBOO","2026-03-28",1,2199,1863.56,452.02,54.98,117,0,0,1239.56,"PROFIT"
10,"TenderTrek Silicone Boots","TH-063-SILBOO","2026-03-30",1,2099,1778.81,436.52,52.48,117,0,0,1172.81,"PROFIT"
10,"TenderTrek Silicone Boots","TH-063-SILBOO","2026-04-09",1,2099,1778.81,436.52,52.48,117,0,0,1172.81,"PROFIT"
10,"TenderTrek Silicone Boots","TH-063-SILBOO","2026-04-10",1,2599,2202.54,535.03,64.98,0,0,0,1602.53,"PROFIT"
10,"TenderTrek Silicone Boots","TH-063-SILBOO","2026-04-11",1,2399,2033.05,480.03,59.98,0,0,0,1493.04,"PROFIT"
10,"TenderTrek Silicone Boots","TH-063-SILBOO","2026-04-14",1,2499,2117.8,506.53,62.48,0,0,0,1548.79,"PROFIT"
10,"TenderTrek Silicone Boots","TH-063-SILBOO","2026-04-29",1,2599,2202.54,535.03,64.98,0,0,0,1602.53,"PROFIT"
10,"TenderTrek Silicone Boots","TH-063-SILBOO","2026-05-03",1,2599,2202.54,535.03,64.98,0,0,0,1602.53,"PROFIT"
10,"TenderTrek Silicone Boots","TH-063-SILBOO","2026-05-10",1,2199,1863.56,452.02,54.98,0,0,0,1356.56,"PROFIT"
10,"TenderTrek Silicone Boots","TH-063-SILBOO","2026-05-12",1,2299,1948.31,465.53,57.48,0,0,0,1425.3,"PROFIT"
10,"TenderTrek Silicone Boots","TH-063-SILBOO","2026-05-13",1,2399,2033.05,480.03,59.98,0,0,0,1493.04,"PROFIT"
10,"TenderTrek Silicone Boots","TH-063-SILBOO","2026-05-14",2,4198,3557.63,873.04,104.96,0,0,0,2579.63,"PROFIT"
10,"TenderTrek Silicone Boots","TH-063-SILBOO","2026-05-17",1,2599,2202.54,535.03,64.98,117,0,0,1485.53,"PROFIT"
10,"TenderTrek Silicone Boots","TH-063-SILBOO","2026-05-19",1,2199,1863.56,432.02,74.98,0,0,0,1356.56,"PROFIT"
10,"TenderTrek Silicone Boots","TH-063-SILBOO","2026-05-27",1,2999,2541.53,564.33,74.98,0,0,0,1902.22,"PROFIT"
10,"TenderTrek Silicone Boots","TH-063-SILBOO","2026-05-31",1,2999,2541.53,635.53,74.98,0,0,0,1831.02,"PROFIT"
10,"TenderTrek Silicone Boots","TH-063-SILBOO","2026-06-03",2,5998,5083.05,1025.19,149.96,0,0,0,3907.9,"PROFIT"
10,"TenderTrek Silicone Boots","TH-063-SILBOO","2026-06-04",1,2999,2541.53,518.53,74.98,0,0,0,1948.02,"PROFIT"
10,"TenderTrek Silicone Boots","TH-063-SILBOO","2026-06-06",1,2999,2541.53,477,74.98,0,0,0,1989.55,"PROFIT"
11,"PawTech Cleaner","TH-336-PAWTECH","2026-03-05",10,29990,25415.25,7960.3,749.8,351,2519.48,8,13834.67,"PROFIT"
11,"PawTech Cleaner","TH-336-PAWTECH","2026-03-06",31,92969,78787.29,24676.93,2324.38,234,13307.56,31,38244.42,"PROFIT"
11,"PawTech Cleaner","TH-336-PAWTECH","2026-03-07",42,125958,106744.07,33433.26,3149.16,234,19010.37,36,50917.28,"PROFIT"
11,"PawTech Cleaner","TH-336-PAWTECH","2026-03-08",40,119960,101661.02,31841.2,2999.2,585,27133.89,32,39101.73,"PROFIT"
11,"PawTech Cleaner","TH-336-PAWTECH","2026-03-09",13,38987,33039.83,10348.39,974.74,234,6637.42,14,14845.28,"PROFIT"
11,"PawTech Cleaner","TH-336-PAWTECH","2026-03-10",12,35988,30498.31,9552.36,899.76,234,14052.17,10,5760.02,"PROFIT"
11,"PawTech Cleaner","TH-336-PAWTECH","2026-03-11",0,0,0,0,0,0,5063.78,0,-5063.78,"LOSS"
11,"PawTech Cleaner","TH-336-PAWTECH","2026-03-12",0,0,0,0,0,0,0,0,0,"BREAKEVEN"
11,"PawTech Cleaner","TH-336-PAWTECH","2026-03-13",1,2999,2541.53,796.03,74.98,0,0,0,1670.52,"PROFIT"
11,"PawTech Cleaner","TH-336-PAWTECH","2026-03-14",0,0,0,0,0,0,0,0,0,"BREAKEVEN"
11,"PawTech Cleaner","TH-336-PAWTECH","2026-03-15",0,0,0,0,0,0,0,0,0,"BREAKEVEN"
11,"PawTech Cleaner","TH-336-PAWTECH","2026-03-30",1,2999,2541.53,692.03,74.98,0,0,0,1774.52,"PROFIT"
11,"PawTech Cleaner","TH-336-PAWTECH","2026-04-19",1,2999,2541.53,692.03,74.98,0,0,0,1774.52,"PROFIT"
11,"PawTech Cleaner","TH-336-PAWTECH","2026-04-22",1,2999,2541.53,692.03,74.98,0,0,0,1774.52,"PROFIT"
11,"PawTech Cleaner","TH-336-PAWTECH","2026-04-24",2,5998,5083.05,1384.06,149.96,0,0,0,3549.03,"PROFIT"
11,"PawTech Cleaner","TH-336-PAWTECH","2026-04-29",1,2999,2541.53,692.03,74.98,0,0,0,1774.52,"PROFIT"
11,"PawTech Cleaner","TH-336-PAWTECH","2026-05-12",7,20993,17790.68,4844.21,524.86,117,3424.62,9,8879.99,"PROFIT"
11,"PawTech Cleaner","TH-336-PAWTECH","2026-05-13",21,62979,53372.03,14532.63,1574.58,351,12866.02,30,24047.8,"PROFIT"
11,"PawTech Cleaner","TH-336-PAWTECH","2026-05-14",2,6498,5506.78,1359.06,174.96,0,5118.49,1,-1145.73,"LOSS"
11,"PawTech Cleaner","TH-336-PAWTECH","2026-05-15",14,48986,41513.56,9513.42,1224.72,0,16236.11,18,14539.31,"PROFIT"
11,"PawTech Cleaner","TH-336-PAWTECH","2026-05-16",4,13996,11861.02,2718.12,349.92,117,7934.79,7,741.19,"PROFIT"
11,"PawTech Cleaner","TH-336-PAWTECH","2026-05-17",3,10497,8895.76,2038.59,262.44,0,13626.68,4,-7031.95,"LOSS"
11,"PawTech Cleaner","TH-336-PAWTECH","2026-05-18",6,20994,17791.53,4077.18,524.88,0,6227.77,6,6961.7,"PROFIT"
11,"PawTech Cleaner","TH-336-PAWTECH","2026-05-19",8,27992,23722.03,5436.24,699.84,117,11951.43,14,5517.52,"PROFIT"
11,"PawTech Cleaner","TH-336-PAWTECH","2026-05-20",3,10497,8895.76,2076.09,224.94,0,5912.09,2,682.64,"PROFIT"
11,"PawTech Cleaner","TH-336-PAWTECH","2026-05-21",13,38987,33039.83,8996.39,974.74,117,9980.9,16,12970.8,"PROFIT"
11,"PawTech Cleaner","TH-336-PAWTECH","2026-05-22",22,65978,55913.56,15224.66,1649.56,351,13712.15,32,24976.19,"PROFIT"
11,"PawTech Cleaner","TH-336-PAWTECH","2026-05-23",19,56981,48288.98,13148.57,1424.62,234,13720.62,28,19761.17,"PROFIT"
11,"PawTech Cleaner","TH-336-PAWTECH","2026-05-24",18,53982,45747.46,12456.54,1349.64,0,15638.68,24,16302.6,"PROFIT"
11,"PawTech Cleaner","TH-336-PAWTECH","2026-05-25",1,2999,2541.53,692.03,74.98,0,6007.56,4,-4233.04,"LOSS"
11,"PawTech Cleaner","TH-336-PAWTECH","2026-05-26",11,32989,27956.78,7612.33,824.78,117,5939.81,18,13462.86,"PROFIT"
11,"PawTech Cleaner","TH-336-PAWTECH","2026-05-27",15,44985,38122.88,10380.45,1124.7,0,9484.08,16,17133.65,"PROFIT"
11,"PawTech Cleaner","TH-336-PAWTECH","2026-05-28",15,44713.14,37892.49,10380.45,1124.7,0,7557.6,17,18829.74,"PROFIT"
11,"PawTech Cleaner","TH-336-PAWTECH","2026-05-29",7,20993,17790.68,4844.21,524.86,0,5686.67,11,6734.94,"PROFIT"
11,"PawTech Cleaner","TH-336-PAWTECH","2026-05-30",6,17994,15249.15,4152.18,449.88,0,5832.07,10,4815.02,"PROFIT"
11,"PawTech Cleaner","TH-336-PAWTECH","2026-05-31",12,35988,30498.31,8304.36,899.76,0,7817.31,15,13476.88,"PROFIT"
11,"PawTech Cleaner","TH-336-PAWTECH","2026-06-01",8,23554.26,19961.24,5536.24,599.84,0,9671.75,15,4153.41,"PROFIT"
11,"PawTech Cleaner","TH-336-PAWTECH","2026-06-02",7,20555.26,17419.71,2119.98,224.94,0,2504.2,4,12570.59,"PROFIT"
11,"PawTech Cleaner","TH-336-PAWTECH","2026-06-03",9,26991,22873.73,6359.94,674.82,0,6830.41,12,9008.56,"PROFIT"
11,"PawTech Cleaner","TH-336-PAWTECH","2026-06-04",10,29552.26,25044.29,7066.6,749.8,0,9025.04,9,8202.85,"PROFIT"
11,"PawTech Cleaner","TH-336-PAWTECH","2026-06-05",7,20993,17790.68,4946.62,524.86,0,6020.41,13,6298.79,"PROFIT"
11,"PawTech Cleaner","TH-336-PAWTECH","2026-06-06",16,47108.52,39922.47,11306.56,1199.68,0,13951.58,15,13464.65,"PROFIT"
11,"PawTech Cleaner","TH-336-PAWTECH","2026-06-07",7,20555.26,17419.71,4946.62,524.86,0,9952.15,8,1996.08,"PROFIT"
11,"PawTech Cleaner","TH-336-PAWTECH","2026-06-08",6,17994,15249.15,4239.96,449.88,0,8592.25,5,1967.06,"PROFIT"
11,"PawTech Cleaner","TH-336-PAWTECH","2026-06-09",6,17994,15249.15,4239.96,449.88,0,2392.49,11,8166.82,"PROFIT"
12,"Moonbeam Nap Pod","TH-182-MOONBEAMNAPPOD","2026-01-01",0,0,0,0,0,0,1054.15,0,-1054.15,"LOSS"
12,"Moonbeam Nap Pod","TH-182-MOONBEAMNAPPOD","2026-01-02",1,2999,2541.53,1015.03,74.98,117,2537.4,3,-1202.88,"LOSS"
12,"Moonbeam Nap Pod","TH-182-MOONBEAMNAPPOD","2026-01-03",0,0,0,0,0,0,1885.37,0,-1885.37,"LOSS"
12,"Moonbeam Nap Pod","TH-182-MOONBEAMNAPPOD","2026-01-04",0,0,0,0,0,0,2785.48,3,-2785.48,"LOSS"
12,"Moonbeam Nap Pod","TH-182-MOONBEAMNAPPOD","2026-01-05",0,0,0,0,0,0,2039.45,0,-2039.45,"LOSS"
12,"Moonbeam Nap Pod","TH-182-MOONBEAMNAPPOD","2026-01-06",2,5998,5083.05,2030.06,149.96,0,2345.7,3,557.33,"PROFIT"
12,"Moonbeam Nap Pod","TH-182-MOONBEAMNAPPOD","2026-01-07",0,0,0,0,0,0,1997.49,1,-1997.49,"LOSS"
12,"Moonbeam Nap Pod","TH-182-MOONBEAMNAPPOD","2026-01-08",0,0,0,0,0,0,1912.51,1,-1912.51,"LOSS"
12,"Moonbeam Nap Pod","TH-182-MOONBEAMNAPPOD","2026-01-09",0,0,0,0,0,0,1860.61,1,-1860.61,"LOSS"
12,"Moonbeam Nap Pod","TH-182-MOONBEAMNAPPOD","2026-01-10",0,0,0,0,0,0,2067.36,3,-2067.36,"LOSS"
12,"Moonbeam Nap Pod","TH-182-MOONBEAMNAPPOD","2026-01-11",0,0,0,0,0,0,1004.96,1,-1004.96,"LOSS"
12,"Moonbeam Nap Pod","TH-182-MOONBEAMNAPPOD","2026-01-12",1,2999,2541.53,1015.03,74.98,0,690.03,0,761.49,"PROFIT"
12,"Moonbeam Nap Pod","TH-182-MOONBEAMNAPPOD","2026-01-13",0,0,0,0,0,0,631.73,0,-631.73,"LOSS"
12,"Moonbeam Nap Pod","TH-182-MOONBEAMNAPPOD","2026-01-14",0,0,0,0,0,0,683.28,0,-683.28,"LOSS"
12,"Moonbeam Nap Pod","TH-182-MOONBEAMNAPPOD","2026-01-15",0,0,0,0,0,0,736.8,0,-736.8,"LOSS"
12,"Moonbeam Nap Pod","TH-182-MOONBEAMNAPPOD","2026-01-16",0,0,0,0,0,0,1291.32,0,-1291.32,"LOSS"
12,"Moonbeam Nap Pod","TH-182-MOONBEAMNAPPOD","2026-01-17",0,0,0,0,0,0,1180.88,0,-1180.88,"LOSS"
12,"Moonbeam Nap Pod","TH-182-MOONBEAMNAPPOD","2026-01-18",0,0,0,0,0,0,0,0,0,"BREAKEVEN"
12,"Moonbeam Nap Pod","TH-182-MOONBEAMNAPPOD","2026-01-19",0,0,0,0,0,0,0,0,0,"BREAKEVEN"
12,"Moonbeam Nap Pod","TH-182-MOONBEAMNAPPOD","2026-01-20",2,5998,5083.05,2030.06,149.96,117,1736.42,1,1049.61,"PROFIT"
12,"Moonbeam Nap Pod","TH-182-MOONBEAMNAPPOD","2026-01-21",0,0,0,0,0,0,1192.63,1,-1192.63,"LOSS"
12,"Moonbeam Nap Pod","TH-182-MOONBEAMNAPPOD","2026-01-22",0,0,0,0,0,0,839.74,1,-839.74,"LOSS"
12,"Moonbeam Nap Pod","TH-182-MOONBEAMNAPPOD","2026-01-23",0,0,0,0,0,0,0,0,0,"BREAKEVEN"
12,"Moonbeam Nap Pod","TH-182-MOONBEAMNAPPOD","2026-01-24",1,2999,2541.53,1015.03,74.98,0,1165.67,1,285.85,"PROFIT"
12,"Moonbeam Nap Pod","TH-182-MOONBEAMNAPPOD","2026-01-25",0,0,0,0,0,0,1022.61,0,-1022.61,"LOSS"
12,"Moonbeam Nap Pod","TH-182-MOONBEAMNAPPOD","2026-01-26",0,0,0,0,0,0,1180.23,0,-1180.23,"LOSS"
12,"Moonbeam Nap Pod","TH-182-MOONBEAMNAPPOD","2026-01-27",0,0,0,0,0,0,1119.6,0,-1119.6,"LOSS"
12,"Moonbeam Nap Pod","TH-182-MOONBEAMNAPPOD","2026-01-28",0,0,0,0,0,0,2227.09,5,-2227.09,"LOSS"
12,"Moonbeam Nap Pod","TH-182-MOONBEAMNAPPOD","2026-01-29",2,5998,5083.05,2005.06,174.96,0,1998.47,2,904.56,"PROFIT"
12,"Moonbeam Nap Pod","TH-182-MOONBEAMNAPPOD","2026-01-30",0,0,0,0,0,0,2623.99,3,-2623.99,"LOSS"
12,"Moonbeam Nap Pod","TH-182-MOONBEAMNAPPOD","2026-01-31",0,0,0,0,0,0,1075.41,0,-1075.41,"LOSS"
12,"Moonbeam Nap Pod","TH-182-MOONBEAMNAPPOD","2026-02-01",1,3499,2965.25,2028.53,87.48,0,3160.12,3,-2310.88,"LOSS"
12,"Moonbeam Nap Pod","TH-182-MOONBEAMNAPPOD","2026-02-02",0,0,0,0,0,0,1049.06,0,-1049.06,"LOSS"
12,"Moonbeam Nap Pod","TH-182-MOONBEAMNAPPOD","2026-02-03",0,0,0,0,0,0,989.66,0,-989.66,"LOSS"
12,"Moonbeam Nap Pod","TH-182-MOONBEAMNAPPOD","2026-02-04",2,6998,5930.51,4057.06,174.96,0,887.8,0,810.69,"PROFIT"
12,"Moonbeam Nap Pod","TH-182-MOONBEAMNAPPOD","2026-02-05",0,0,0,0,0,0,1053.52,0,-1053.52,"LOSS"
12,"Moonbeam Nap Pod","TH-182-MOONBEAMNAPPOD","2026-02-09",0,0,0,0,0,0,2.53,0,-2.53,"LOSS"
12,"Moonbeam Nap Pod","TH-182-MOONBEAMNAPPOD","2026-02-11",1,3499,2965.25,2028.53,87.48,0,0,0,849.24,"PROFIT"
12,"Moonbeam Nap Pod","TH-182-MOONBEAMNAPPOD","2026-02-28",0,0,0,0,0,0,1058.45,0,-1058.45,"LOSS"
12,"Moonbeam Nap Pod","TH-182-MOONBEAMNAPPOD","2026-03-01",1,3099,2626.27,2038.53,77.48,0,2703.17,3,-2192.91,"LOSS"
12,"Moonbeam Nap Pod","TH-182-MOONBEAMNAPPOD","2026-03-02",2,6198,5252.54,4087.06,144.96,0,3312.78,2,-2292.26,"LOSS"
12,"Moonbeam Nap Pod","TH-182-MOONBEAMNAPPOD","2026-03-03",1,2899,2456.78,2043.53,72.48,0,2389.06,1,-2048.29,"LOSS"
12,"Moonbeam Nap Pod","TH-182-MOONBEAMNAPPOD","2026-03-04",0,0,0,0,0,0,584.18,0,-584.18,"LOSS"
12,"Moonbeam Nap Pod","TH-182-MOONBEAMNAPPOD","2026-03-05",0,0,0,0,0,0,1115.04,1,-1115.04,"LOSS"
12,"Moonbeam Nap Pod","TH-182-MOONBEAMNAPPOD","2026-03-06",0,0,0,0,0,0,2412.64,1,-2412.64,"LOSS"
12,"Moonbeam Nap Pod","TH-182-MOONBEAMNAPPOD","2026-03-07",0,0,0,0,0,0,1178.4,0,-1178.4,"LOSS"
12,"Moonbeam Nap Pod","TH-182-MOONBEAMNAPPOD","2026-03-08",24,69576,58962.71,49044.72,1739.52,702,13098.27,19,-5621.8,"LOSS"
12,"Moonbeam Nap Pod","TH-182-MOONBEAMNAPPOD","2026-03-09",9,26491,22450,18374.27,669.82,351,12747.03,7,-9692.12,"LOSS"
12,"Moonbeam Nap Pod","TH-182-MOONBEAMNAPPOD","2026-03-10",0,0,0,0,0,0,5301.15,2,-5301.15,"LOSS"
12,"Moonbeam Nap Pod","TH-182-MOONBEAMNAPPOD","2026-03-11",3,8997,7624.58,6123.09,224.94,0,6197.8,4,-4921.25,"LOSS"
12,"Moonbeam Nap Pod","TH-182-MOONBEAMNAPPOD","2026-03-12",10,29990,25415.25,20410.3,749.8,117,10808.66,9,-6670.51,"LOSS"
12,"Moonbeam Nap Pod","TH-182-MOONBEAMNAPPOD","2026-03-13",7,20993,17790.68,14287.21,524.86,234,8462.63,7,-5718.02,"LOSS"
12,"Moonbeam Nap Pod","TH-182-MOONBEAMNAPPOD","2026-03-14",8,23992,20332.2,16328.24,599.84,117,9035.54,5,-5748.42,"LOSS"
12,"Moonbeam Nap Pod","TH-182-MOONBEAMNAPPOD","2026-03-15",9,26991,22873.73,18369.27,674.82,117,11331.31,9,-7618.67,"LOSS"
12,"Moonbeam Nap Pod","TH-182-MOONBEAMNAPPOD","2026-03-16",3,8997,7624.58,6123.09,224.94,0,9121.88,2,-7845.33,"LOSS"
12,"Moonbeam Nap Pod","TH-182-MOONBEAMNAPPOD","2026-03-17",2,5998,5083.05,4082.06,149.96,0,7336.34,4,-6485.31,"LOSS"
12,"Moonbeam Nap Pod","TH-182-MOONBEAMNAPPOD","2026-03-18",1,2999,2541.53,2041.03,74.98,0,3266.93,1,-2841.41,"LOSS"
12,"Moonbeam Nap Pod","TH-182-MOONBEAMNAPPOD","2026-03-19",3,8997,7624.58,5331.09,224.94,234,5123.19,3,-3288.64,"LOSS"
12,"Moonbeam Nap Pod","TH-182-MOONBEAMNAPPOD","2026-03-20",4,11996,10166.1,6580.12,299.92,0,4696.04,2,-1409.98,"LOSS"
12,"Moonbeam Nap Pod","TH-182-MOONBEAMNAPPOD","2026-03-21",0,0,0,0,0,0,4205.18,0,-4205.18,"LOSS"
12,"Moonbeam Nap Pod","TH-182-MOONBEAMNAPPOD","2026-03-22",0,0,0,0,0,0,1726.59,1,-1726.59,"LOSS"
12,"Moonbeam Nap Pod","TH-182-MOONBEAMNAPPOD","2026-03-23",0,0,0,0,0,0,0,0,0,"BREAKEVEN"
12,"Moonbeam Nap Pod","TH-182-MOONBEAMNAPPOD","2026-03-24",0,0,0,0,0,0,0,0,0,"BREAKEVEN"
12,"Moonbeam Nap Pod","TH-182-MOONBEAMNAPPOD","2026-03-25",4,11996,10166.1,6580.12,299.92,117,4175.85,3,-1006.79,"LOSS"
12,"Moonbeam Nap Pod","TH-182-MOONBEAMNAPPOD","2026-03-26",0,0,0,0,0,0,1464.48,0,-1464.48,"LOSS"
12,"Moonbeam Nap Pod","TH-182-MOONBEAMNAPPOD","2026-03-27",0,0,0,0,0,0,1370.48,0,-1370.48,"LOSS"
12,"Moonbeam Nap Pod","TH-182-MOONBEAMNAPPOD","2026-03-28",0,0,0,0,0,0,1050.53,1,-1050.53,"LOSS"
12,"Moonbeam Nap Pod","TH-182-MOONBEAMNAPPOD","2026-03-29",0,0,0,0,0,0,1381.55,1,-1381.55,"LOSS"
12,"Moonbeam Nap Pod","TH-182-MOONBEAMNAPPOD","2026-03-30",1,2999,2541.53,1645.03,74.98,0,749.82,3,71.7,"PROFIT"
12,"Moonbeam Nap Pod","TH-182-MOONBEAMNAPPOD","2026-03-31",0,0,0,0,0,0,0,0,0,"BREAKEVEN"
12,"Moonbeam Nap Pod","TH-182-MOONBEAMNAPPOD","2026-04-01",0,0,0,0,0,0,0,0,0,"BREAKEVEN"
12,"Moonbeam Nap Pod","TH-182-MOONBEAMNAPPOD","2026-04-02",0,0,0,0,0,0,0,0,0,"BREAKEVEN"
12,"Moonbeam Nap Pod","TH-182-MOONBEAMNAPPOD","2026-04-03",1,2999,2541.53,1645.03,74.98,0,0,0,821.52,"PROFIT"
12,"Moonbeam Nap Pod","TH-182-MOONBEAMNAPPOD","2026-04-04",2,5998,5083.05,3290.06,149.96,0,0,0,1643.03,"PROFIT"
12,"Moonbeam Nap Pod","TH-182-MOONBEAMNAPPOD","2026-04-05",2,5998,5083.05,3290.06,149.96,117,0,0,1526.03,"PROFIT"
12,"Moonbeam Nap Pod","TH-182-MOONBEAMNAPPOD","2026-04-08",1,2999,2541.53,1645.03,74.98,0,0,0,821.52,"PROFIT"
12,"Moonbeam Nap Pod","TH-182-MOONBEAMNAPPOD","2026-04-09",1,2999,2541.53,1645.03,74.98,0,0,0,821.52,"PROFIT"
12,"Moonbeam Nap Pod","TH-182-MOONBEAMNAPPOD","2026-04-23",1,2999,2541.53,1645.03,74.98,0,0,0,821.52,"PROFIT"
12,"Moonbeam Nap Pod","TH-182-MOONBEAMNAPPOD","2026-04-24",1,2999,2541.53,1645.03,74.98,0,0,0,821.52,"PROFIT"
12,"Moonbeam Nap Pod","TH-182-MOONBEAMNAPPOD","2026-04-25",1,2999,2541.53,1645.03,74.98,0,0,0,821.52,"PROFIT"
12,"Moonbeam Nap Pod","TH-182-MOONBEAMNAPPOD","2026-04-27",1,2999,2541.53,1645.03,74.98,0,0,0,821.52,"PROFIT"
12,"Moonbeam Nap Pod","TH-182-MOONBEAMNAPPOD","2026-04-29",1,2999,2541.53,1645.03,74.98,0,0,0,821.52,"PROFIT"
12,"Moonbeam Nap Pod","TH-182-MOONBEAMNAPPOD","2026-05-10",0,0,0,0,0,0,1785.93,0,-1785.93,"LOSS"
12,"Moonbeam Nap Pod","TH-182-MOONBEAMNAPPOD","2026-05-11",0,0,0,0,0,0,832.54,0,-832.54,"LOSS"
12,"Moonbeam Nap Pod","TH-182-MOONBEAMNAPPOD","2026-05-12",0,0,0,0,0,0,1649.7,1,-1649.7,"LOSS"
12,"Moonbeam Nap Pod","TH-182-MOONBEAMNAPPOD","2026-05-15",0,0,0,0,0,0,0,0,0,"BREAKEVEN"
12,"Moonbeam Nap Pod","TH-182-MOONBEAMNAPPOD","2026-05-25",1,3999,3388.98,2840.01,99.98,0,0,0,448.99,"PROFIT"
13,"K9 Harness","TH-103-K","2026-01-01",0,0,0,0,0,0,1444.77,0,-1444.77,"LOSS"
13,"K9 Harness","TH-103-K","2026-01-02",3,7297,6183.9,3735.59,182.44,0,3592.42,5,-1326.55,"LOSS"
13,"K9 Harness","TH-103-K","2026-01-03",0,0,0,0,0,0,1644.29,0,-1644.29,"LOSS"
13,"K9 Harness","TH-103-K","2026-01-04",0,0,0,0,0,0,1813.55,1,-1813.55,"LOSS"
13,"K9 Harness","TH-103-K","2026-01-05",0,0,0,0,0,0,1121.98,0,-1121.98,"LOSS"
13,"K9 Harness","TH-103-K","2026-01-06",0,0,0,0,0,0,1733.61,0,-1733.61,"LOSS"
13,"K9 Harness","TH-103-K","2026-01-07",2,4798,4066.1,2492.06,119.96,117,1683.64,2,-346.56,"LOSS"
13,"K9 Harness","TH-103-K","2026-01-08",2,4798,4066.1,2492.06,119.96,117,2184.55,3,-847.47,"LOSS"
13,"K9 Harness","TH-103-K","2026-01-09",1,2399,2033.05,1246.03,59.98,0,1887.72,0,-1160.68,"LOSS"
13,"K9 Harness","TH-103-K","2026-01-10",0,0,0,0,0,0,1542.69,0,-1542.69,"LOSS"
13,"K9 Harness","TH-103-K","2026-01-11",1,2399,2033.05,1246.03,59.98,0,1450.23,0,-723.19,"LOSS"
13,"K9 Harness","TH-103-K","2026-01-12",1,2499,2117.8,1243.53,62.48,0,1005.61,1,-193.82,"LOSS"
13,"K9 Harness","TH-103-K","2026-01-13",0,0,0,0,0,0,1052.7,0,-1052.7,"LOSS"
13,"K9 Harness","TH-103-K","2026-01-14",3,7197,6099.15,3738.09,179.94,117,1812.05,6,252.07,"PROFIT"
13,"K9 Harness","TH-103-K","2026-01-15",0,0,0,0,0,0,1177.49,0,-1177.49,"LOSS"
13,"K9 Harness","TH-103-K","2026-01-16",3,7297,6183.9,3735.59,182.44,117,2031.1,3,117.77,"PROFIT"
13,"K9 Harness","TH-103-K","2026-01-17",1,2499,2117.8,1243.53,62.48,0,1729.67,1,-917.88,"LOSS"
13,"K9 Harness","TH-103-K","2026-01-18",2,4998,4235.59,2487.06,124.96,117,1705.37,2,-198.8,"LOSS"
13,"K9 Harness","TH-103-K","2026-01-19",0,0,0,0,0,0,1180.22,0,-1180.22,"LOSS"
13,"K9 Harness","TH-103-K","2026-01-20",1,2399,2033.05,1246.03,59.98,0,1388.8,1,-661.76,"LOSS"
13,"K9 Harness","TH-103-K","2026-01-21",0,0,0,0,0,0,1164.73,0,-1164.73,"LOSS"
13,"K9 Harness","TH-103-K","2026-01-22",4,9596,8132.2,4984.12,239.92,234,2518.27,4,155.89,"PROFIT"
13,"K9 Harness","TH-103-K","2026-01-23",0,0,0,0,0,0,1236.38,2,-1236.38,"LOSS"
13,"K9 Harness","TH-103-K","2026-01-24",2,4698,3981.36,2494.56,117.46,0,1999.59,3,-630.25,"LOSS"
13,"K9 Harness","TH-103-K","2026-01-25",0,0,0,0,0,0,963.07,0,-963.07,"LOSS"
13,"K9 Harness","TH-103-K","2026-01-26",0,0,0,0,0,0,1319.4,0,-1319.4,"LOSS"
13,"K9 Harness","TH-103-K","2026-01-27",5,12295,10419.49,6222.65,307.4,117,1680.94,2,2091.5,"PROFIT"
13,"K9 Harness","TH-103-K","2026-01-28",0,0,0,0,0,0,1225.1,0,-1225.1,"LOSS"
13,"K9 Harness","TH-103-K","2026-01-29",0,0,0,0,0,0,1081.49,0,-1081.49,"LOSS"
13,"K9 Harness","TH-103-K","2026-01-30",0,0,0,0,0,0,1083.79,0,-1083.79,"LOSS"
13,"K9 Harness","TH-103-K","2026-01-31",1,2599,2202.54,1125.03,64.98,0,1442.43,1,-429.9,"LOSS"
13,"K9 Harness","TH-103-K","2026-02-01",0,0,0,0,0,0,0,0,0,"BREAKEVEN"
13,"K9 Harness","TH-103-K","2026-02-02",1,2599,2202.54,1125.03,64.98,117,0,0,895.53,"PROFIT"
13,"K9 Harness","TH-103-K","2026-02-05",0,0,0,0,0,0,0,0,0,"BREAKEVEN"
13,"K9 Harness","TH-103-K","2026-02-07",0,0,0,0,0,0,0,0,0,"BREAKEVEN"
13,"K9 Harness","TH-103-K","2026-02-22",1,2599,2202.54,1125.03,64.98,117,0,0,895.53,"PROFIT"
13,"K9 Harness","TH-103-K","2026-02-27",1,2499,2117.8,1090.53,62.48,0,0,0,964.79,"PROFIT"
13,"K9 Harness","TH-103-K","2026-03-01",1,2599,2202.54,1125.03,64.98,0,0,0,1012.53,"PROFIT"
13,"K9 Harness","TH-103-K","2026-03-15",1,2399,2033.05,1055.03,59.98,0,0,0,918.04,"PROFIT"
13,"K9 Harness","TH-103-K","2026-03-17",1,2399,2033.05,1055.03,59.98,0,0,0,918.04,"PROFIT"
13,"K9 Harness","TH-103-K","2026-03-18",1,2499,2117.8,1090.53,62.48,117,0,0,847.79,"PROFIT"
13,"K9 Harness","TH-103-K","2026-03-23",3,7497,6353.39,2866.59,187.44,0,0,0,3299.36,"PROFIT"
13,"K9 Harness","TH-103-K","2026-03-25",0,0,0,0,0,0,640.68,0,-640.68,"LOSS"
13,"K9 Harness","TH-103-K","2026-03-26",2,4898,4150.85,1881.56,122.46,117,3235.57,2,-1205.74,"LOSS"
13,"K9 Harness","TH-103-K","2026-03-27",0,0,0,0,0,0,1471.34,0,-1471.34,"LOSS"
13,"K9 Harness","TH-103-K","2026-03-28",0,0,0,0,0,0,839.38,0,-839.38,"LOSS"
13,"K9 Harness","TH-103-K","2026-03-30",2,4898,4150.85,1881.56,122.46,234,0,0,1912.83,"PROFIT"
13,"K9 Harness","TH-103-K","2026-03-31",0,0,0,0,0,0,0,0,0,"BREAKEVEN"
13,"K9 Harness","TH-103-K","2026-04-01",0,0,0,0,0,0,0,0,0,"BREAKEVEN"
13,"K9 Harness","TH-103-K","2026-04-02",1,2599,2202.54,985.03,64.98,117,0,0,1035.53,"PROFIT"
13,"K9 Harness","TH-103-K","2026-04-06",1,2599,2202.54,985.03,64.98,0,0,0,1152.53,"PROFIT"
13,"K9 Harness","TH-103-K","2026-04-07",1,2399,2033.05,926.03,59.98,0,0,0,1047.04,"PROFIT"
13,"K9 Harness","TH-103-K","2026-04-08",1,2499,2117.8,955.53,62.48,0,0,0,1099.79,"PROFIT"
13,"K9 Harness","TH-103-K","2026-04-15",1,2499,2117.8,955.53,62.48,0,0,0,1099.79,"PROFIT"
13,"K9 Harness","TH-103-K","2026-04-16",1,2499,2117.8,955.53,62.48,0,0,0,1099.79,"PROFIT"
13,"K9 Harness","TH-103-K","2026-04-20",1,2499,2117.8,955.53,62.48,0,0,0,1099.79,"PROFIT"
13,"K9 Harness","TH-103-K","2026-04-21",1,2499,2117.8,955.53,62.48,0,0,0,1099.79,"PROFIT"
13,"K9 Harness","TH-103-K","2026-04-26",1,2499,2117.8,955.53,62.48,0,0,0,1099.79,"PROFIT"
13,"K9 Harness","TH-103-K","2026-04-29",1,2499,2117.8,955.53,62.48,0,0,0,1099.79,"PROFIT"
13,"K9 Harness","TH-103-K","2026-05-05",2,5198,4405.08,1970.06,129.96,117,0,0,2188.06,"PROFIT"
13,"K9 Harness","TH-103-K","2026-05-06",1,2499,2117.8,955.53,62.48,0,0,0,1099.79,"PROFIT"
13,"K9 Harness","TH-103-K","2026-05-08",1,2599,2202.54,985.03,64.98,0,0,0,1152.53,"PROFIT"
13,"K9 Harness","TH-103-K","2026-05-09",1,2599,2202.54,985.03,64.98,0,0,0,1152.53,"PROFIT"
13,"K9 Harness","TH-103-K","2026-05-12",1,2399,2033.05,926.03,59.98,117,0,0,930.04,"PROFIT"
13,"K9 Harness","TH-103-K","2026-05-17",1,2599,2202.54,985.03,64.98,0,0,0,1152.53,"PROFIT"
13,"K9 Harness","TH-103-K","2026-05-30",1,2999,2541.53,1302.34,74.98,0,0,0,1164.21,"PROFIT"
14,"Luxe Car Seat Cover","TH-121-LUXESEAT","2026-01-24",1,2999,2541.53,1678.03,74.98,0,700.88,2,87.64,"PROFIT"
14,"Luxe Car Seat Cover","TH-121-LUXESEAT","2026-01-25",0,0,0,0,0,0,1084.79,0,-1084.79,"LOSS"
14,"Luxe Car Seat Cover","TH-121-LUXESEAT","2026-01-26",0,0,0,0,0,0,1016.15,0,-1016.15,"LOSS"
14,"Luxe Car Seat Cover","TH-121-LUXESEAT","2026-01-27",0,0,0,0,0,0,1419.64,1,-1419.64,"LOSS"
14,"Luxe Car Seat Cover","TH-121-LUXESEAT","2026-01-28",0,0,0,0,0,0,1033.49,0,-1033.49,"LOSS"
14,"Luxe Car Seat Cover","TH-121-LUXESEAT","2026-01-29",0,0,0,0,0,0,1061.45,0,-1061.45,"LOSS"
14,"Luxe Car Seat Cover","TH-121-LUXESEAT","2026-01-30",0,0,0,0,0,0,1069.32,0,-1069.32,"LOSS"
14,"Luxe Car Seat Cover","TH-121-LUXESEAT","2026-01-31",0,0,0,0,0,0,1089.44,0,-1089.44,"LOSS"
14,"Luxe Car Seat Cover","TH-121-LUXESEAT","2026-02-01",2,5998,5083.05,3206.06,149.96,0,2762.38,2,-1035.35,"LOSS"
14,"Luxe Car Seat Cover","TH-121-LUXESEAT","2026-02-02",0,0,0,0,0,0,1020.61,0,-1020.61,"LOSS"
14,"Luxe Car Seat Cover","TH-121-LUXESEAT","2026-02-03",0,0,0,0,0,0,1058.84,0,-1058.84,"LOSS"
14,"Luxe Car Seat Cover","TH-121-LUXESEAT","2026-02-04",5,14995,12707.63,8015.15,374.9,117,2675.63,6,1524.95,"PROFIT"
14,"Luxe Car Seat Cover","TH-121-LUXESEAT","2026-02-05",0,0,0,0,0,0,1073.27,0,-1073.27,"LOSS"
14,"Luxe Car Seat Cover","TH-121-LUXESEAT","2026-02-06",0,0,0,0,0,0,1112.52,0,-1112.52,"LOSS"
14,"Luxe Car Seat Cover","TH-121-LUXESEAT","2026-02-07",2,5998,5083.05,3206.06,149.96,117,4049.58,5,-2439.55,"LOSS"
14,"Luxe Car Seat Cover","TH-121-LUXESEAT","2026-02-08",3,8997,7624.58,4809.09,224.94,0,2874.53,3,-283.98,"LOSS"
14,"Luxe Car Seat Cover","TH-121-LUXESEAT","2026-02-09",0,0,0,0,0,0,1010.48,0,-1010.48,"LOSS"
14,"Luxe Car Seat Cover","TH-121-LUXESEAT","2026-02-10",1,2999,2541.53,1603.03,74.98,0,1052.5,0,-188.98,"LOSS"
14,"Luxe Car Seat Cover","TH-121-LUXESEAT","2026-02-11",0,0,0,0,0,0,1065.73,0,-1065.73,"LOSS"
14,"Luxe Car Seat Cover","TH-121-LUXESEAT","2026-02-12",4,11996,10166.1,6412.12,299.92,117,3972.17,6,-635.11,"LOSS"
14,"Luxe Car Seat Cover","TH-121-LUXESEAT","2026-02-13",1,2999,2541.53,1603.03,74.98,0,2037.98,1,-1174.46,"LOSS"
14,"Luxe Car Seat Cover","TH-121-LUXESEAT","2026-02-14",1,2999,2541.53,1603.03,74.98,0,1690.13,3,-826.61,"LOSS"
14,"Luxe Car Seat Cover","TH-121-LUXESEAT","2026-02-15",0,0,0,0,0,0,1044.74,0,-1044.74,"LOSS"
14,"Luxe Car Seat Cover","TH-121-LUXESEAT","2026-02-16",0,0,0,0,0,0,825.82,0,-825.82,"LOSS"
14,"Luxe Car Seat Cover","TH-121-LUXESEAT","2026-02-17",0,0,0,0,0,0,815.62,0,-815.62,"LOSS"
14,"Luxe Car Seat Cover","TH-121-LUXESEAT","2026-02-18",0,0,0,0,0,0,1880.03,1,-1880.03,"LOSS"
14,"Luxe Car Seat Cover","TH-121-LUXESEAT","2026-02-19",0,0,0,0,0,0,1076.15,0,-1076.15,"LOSS"
14,"Luxe Car Seat Cover","TH-121-LUXESEAT","2026-02-20",1,2999,2541.53,1603.03,74.98,0,1746.47,2,-882.95,"LOSS"
14,"Luxe Car Seat Cover","TH-121-LUXESEAT","2026-02-21",3,8997,7624.58,4809.09,224.94,0,3434.41,3,-843.86,"LOSS"
14,"Luxe Car Seat Cover","TH-121-LUXESEAT","2026-02-22",0,0,0,0,0,0,1322.35,0,-1322.35,"LOSS"
14,"Luxe Car Seat Cover","TH-121-LUXESEAT","2026-02-23",0,0,0,0,0,0,1098.23,0,-1098.23,"LOSS"
14,"Luxe Car Seat Cover","TH-121-LUXESEAT","2026-02-24",0,0,0,0,0,0,850.58,0,-850.58,"LOSS"
14,"Luxe Car Seat Cover","TH-121-LUXESEAT","2026-02-25",1,2999,2541.53,1603.03,74.98,0,1812.87,1,-949.35,"LOSS"
14,"Luxe Car Seat Cover","TH-121-LUXESEAT","2026-02-26",2,5998,5083.05,3206.06,149.96,117,2207.52,2,-597.49,"LOSS"
14,"Luxe Car Seat Cover","TH-121-LUXESEAT","2026-02-27",4,11996,10166.1,6412.12,299.92,234,2623.63,3,596.43,"PROFIT"
14,"Luxe Car Seat Cover","TH-121-LUXESEAT","2026-02-28",0,0,0,0,0,0,2242.91,0,-2242.91,"LOSS"
14,"Luxe Car Seat Cover","TH-121-LUXESEAT","2026-03-01",0,0,0,0,0,0,1310.57,0,-1310.57,"LOSS"
14,"Luxe Car Seat Cover","TH-121-LUXESEAT","2026-03-02",4,11996,10166.1,6412.12,299.92,0,3381.34,4,72.72,"PROFIT"
14,"Luxe Car Seat Cover","TH-121-LUXESEAT","2026-03-03",0,0,0,0,0,0,1309.27,0,-1309.27,"LOSS"
14,"Luxe Car Seat Cover","TH-121-LUXESEAT","2026-03-04",0,0,0,0,0,0,795.01,0,-795.01,"LOSS"
14,"Luxe Car Seat Cover","TH-121-LUXESEAT","2026-03-05",1,2999,2541.53,1603.03,74.98,117,2134.77,0,-1388.25,"LOSS"
14,"Luxe Car Seat Cover","TH-121-LUXESEAT","2026-03-06",4,11996,10166.1,6412.12,299.92,0,5710.58,4,-2256.52,"LOSS"
14,"Luxe Car Seat Cover","TH-121-LUXESEAT","2026-03-07",2,5998,5083.05,3206.06,149.96,0,3449.12,2,-1722.09,"LOSS"
14,"Luxe Car Seat Cover","TH-121-LUXESEAT","2026-03-08",2,5998,5083.05,3206.06,149.96,0,2078.04,1,-351.01,"LOSS"
14,"Luxe Car Seat Cover","TH-121-LUXESEAT","2026-03-09",3,8997,7624.58,4809.09,224.94,117,3892.87,2,-1419.32,"LOSS"
14,"Luxe Car Seat Cover","TH-121-LUXESEAT","2026-03-10",1,2999,2541.53,1603.03,74.98,0,3077.68,1,-2214.16,"LOSS"
14,"Luxe Car Seat Cover","TH-121-LUXESEAT","2026-03-11",0,0,0,0,0,0,2006.67,0,-2006.67,"LOSS"
14,"Luxe Car Seat Cover","TH-121-LUXESEAT","2026-03-12",3,8997,7624.58,4809.09,224.94,117,2255.72,1,217.83,"PROFIT"
14,"Luxe Car Seat Cover","TH-121-LUXESEAT","2026-03-13",0,0,0,0,0,0,2004.08,1,-2004.08,"LOSS"
14,"Luxe Car Seat Cover","TH-121-LUXESEAT","2026-03-14",1,2999,2541.53,1603.03,74.98,117,2180.79,1,-1434.27,"LOSS"
14,"Luxe Car Seat Cover","TH-121-LUXESEAT","2026-03-15",0,0,0,0,0,0,0,0,0,"BREAKEVEN"
14,"Luxe Car Seat Cover","TH-121-LUXESEAT","2026-03-17",1,2999,2541.53,1603.03,74.98,117,2229.34,0,-1482.82,"LOSS"
14,"Luxe Car Seat Cover","TH-121-LUXESEAT","2026-03-18",1,2999,2541.53,1603.03,74.98,0,1506.38,1,-642.86,"LOSS"
14,"Luxe Car Seat Cover","TH-121-LUXESEAT","2026-03-19",1,2999,2541.53,1603.03,74.98,0,1925.17,0,-1061.65,"LOSS"
14,"Luxe Car Seat Cover","TH-121-LUXESEAT","2026-03-20",1,2999,2541.53,1603.03,74.98,0,1776.65,1,-913.13,"LOSS"
14,"Luxe Car Seat Cover","TH-121-LUXESEAT","2026-03-21",0,0,0,0,0,0,2824.82,0,-2824.82,"LOSS"
14,"Luxe Car Seat Cover","TH-121-LUXESEAT","2026-03-23",1,2999,2541.53,1395.03,74.98,0,1229.68,0,-158.16,"LOSS"
14,"Luxe Car Seat Cover","TH-121-LUXESEAT","2026-03-24",0,0,0,0,0,0,0,0,0,"BREAKEVEN"
14,"Luxe Car Seat Cover","TH-121-LUXESEAT","2026-03-25",0,0,0,0,0,0,0,0,0,"BREAKEVEN"
14,"Luxe Car Seat Cover","TH-121-LUXESEAT","2026-03-29",1,2999,2541.53,1395.03,74.98,0,0,0,1071.52,"PROFIT"
14,"Luxe Car Seat Cover","TH-121-LUXESEAT","2026-04-01",0,0,0,0,0,0,664.3,0,-664.3,"LOSS"
14,"Luxe Car Seat Cover","TH-121-LUXESEAT","2026-04-02",0,0,0,0,0,0,1347.32,0,-1347.32,"LOSS"
14,"Luxe Car Seat Cover","TH-121-LUXESEAT","2026-04-03",0,0,0,0,0,0,1248.41,0,-1248.41,"LOSS"
14,"Luxe Car Seat Cover","TH-121-LUXESEAT","2026-04-04",0,0,0,0,0,0,0,0,0,"BREAKEVEN"
14,"Luxe Car Seat Cover","TH-121-LUXESEAT","2026-04-05",1,2999,2541.53,1395.03,74.98,117,2099.46,1,-1144.94,"LOSS"
14,"Luxe Car Seat Cover","TH-121-LUXESEAT","2026-04-06",4,11996,10166.1,5580.12,299.92,117,5144.34,4,-975.28,"LOSS"
14,"Luxe Car Seat Cover","TH-121-LUXESEAT","2026-04-07",0,0,0,0,0,0,2703.92,1,-2703.92,"LOSS"
14,"Luxe Car Seat Cover","TH-121-LUXESEAT","2026-04-08",3,8997,7624.58,4185.09,224.94,0,4283.04,2,-1068.49,"LOSS"
14,"Luxe Car Seat Cover","TH-121-LUXESEAT","2026-04-09",9,26991,22873.73,12555.27,674.82,0,8554.85,10,1088.79,"PROFIT"
14,"Luxe Car Seat Cover","TH-121-LUXESEAT","2026-04-10",9,26991,22873.73,12555.27,674.82,0,12108.5,8,-2464.86,"LOSS"
14,"Luxe Car Seat Cover","TH-121-LUXESEAT","2026-04-11",0,0,0,0,0,0,3382.2,0,-3382.2,"LOSS"
14,"Luxe Car Seat Cover","TH-121-LUXESEAT","2026-04-12",1,2999,2541.53,1395.03,74.98,0,3932.27,1,-2860.75,"LOSS"
14,"Luxe Car Seat Cover","TH-121-LUXESEAT","2026-04-13",2,5998,5083.05,2790.06,149.96,0,5038.53,2,-2895.5,"LOSS"
14,"Luxe Car Seat Cover","TH-121-LUXESEAT","2026-04-14",2,5998,5083.05,2790.06,149.96,117,4737.92,2,-2711.89,"LOSS"
14,"Luxe Car Seat Cover","TH-121-LUXESEAT","2026-04-15",2,5998,5083.05,2790.06,149.96,0,3344.12,2,-1201.09,"LOSS"
14,"Luxe Car Seat Cover","TH-121-LUXESEAT","2026-04-16",4,11996,10166.1,5580.12,299.92,117,5300.12,4,-1131.06,"LOSS"
14,"Luxe Car Seat Cover","TH-121-LUXESEAT","2026-04-17",5,14995,12707.63,6975.15,374.9,0,5931.85,4,-574.27,"LOSS"
14,"Luxe Car Seat Cover","TH-121-LUXESEAT","2026-04-18",2,5998,5083.05,2790.06,149.96,0,2733.46,3,-590.43,"LOSS"
14,"Luxe Car Seat Cover","TH-121-LUXESEAT","2026-04-19",2,5998,5083.05,2790.06,149.96,117,3868.57,2,-1842.54,"LOSS"
14,"Luxe Car Seat Cover","TH-121-LUXESEAT","2026-04-20",3,8997,7624.58,4185.09,224.94,0,5143.86,2,-1929.31,"LOSS"
14,"Luxe Car Seat Cover","TH-121-LUXESEAT","2026-04-21",2,5998,5083.05,2790.06,149.96,0,3332.29,2,-1189.26,"LOSS"
14,"Luxe Car Seat Cover","TH-121-LUXESEAT","2026-04-22",0,0,0,0,0,0,2295.55,0,-2295.55,"LOSS"
14,"Luxe Car Seat Cover","TH-121-LUXESEAT","2026-04-23",2,5998,5083.05,2790.06,149.96,0,4691.93,2,-2548.9,"LOSS"
14,"Luxe Car Seat Cover","TH-121-LUXESEAT","2026-04-24",1,2999,2541.53,1395.03,74.98,0,3427.17,2,-2355.65,"LOSS"
14,"Luxe Car Seat Cover","TH-121-LUXESEAT","2026-04-25",1,2999,2541.53,1395.03,74.98,0,3065.7,1,-1994.18,"LOSS"
14,"Luxe Car Seat Cover","TH-121-LUXESEAT","2026-04-26",0,0,0,0,0,0,1515.7,0,-1515.7,"LOSS"
14,"Luxe Car Seat Cover","TH-121-LUXESEAT","2026-04-27",0,0,0,0,0,0,1443.49,0,-1443.49,"LOSS"
14,"Luxe Car Seat Cover","TH-121-LUXESEAT","2026-04-28",0,0,0,0,0,0,0,0,0,"BREAKEVEN"
14,"Luxe Car Seat Cover","TH-121-LUXESEAT","2026-04-29",0,0,0,0,0,0,0,0,0,"BREAKEVEN"
14,"Luxe Car Seat Cover","TH-121-LUXESEAT","2026-04-30",1,2999,2541.53,1395.03,74.98,0,0,0,1071.52,"PROFIT"
14,"Luxe Car Seat Cover","TH-121-LUXESEAT","2026-05-01",0,0,0,0,0,0,0,0,0,"BREAKEVEN"
14,"Luxe Car Seat Cover","TH-121-LUXESEAT","2026-05-04",2,5998,5083.05,2790.06,149.96,0,0,0,2143.03,"PROFIT"
14,"Luxe Car Seat Cover","TH-121-LUXESEAT","2026-05-05",1,2999,2541.53,1395.03,74.98,0,0,0,1071.52,"PROFIT"
14,"Luxe Car Seat Cover","TH-121-LUXESEAT","2026-05-06",0,0,0,0,0,0,1411.56,0,-1411.56,"LOSS"
14,"Luxe Car Seat Cover","TH-121-LUXESEAT","2026-05-07",0,0,0,0,0,0,920.07,0,-920.07,"LOSS"
14,"Luxe Car Seat Cover","TH-121-LUXESEAT","2026-05-13",1,2999,2541.53,1395.03,74.98,0,0,0,1071.52,"PROFIT"
14,"Luxe Car Seat Cover","TH-121-LUXESEAT","2026-05-17",1,2999,2541.53,1395.03,74.98,0,0,0,1071.52,"PROFIT"
14,"Luxe Car Seat Cover","TH-121-LUXESEAT","2026-05-30",1,3499,2965.25,1710.01,87.48,0,0,0,1167.76,"PROFIT"
14,"Luxe Car Seat Cover","TH-121-LUXESEAT","2026-06-07",1,3499,2965.25,1410,87.84,0,0,0,1467.41,"PROFIT"
15,"BlueJay Sneaks","TH-229-BLUEJAY","2026-01-01",0,0,0,0,0,0,1306.15,0,-1306.15,"LOSS"
15,"BlueJay Sneaks","TH-229-BLUEJAY","2026-01-02",3,6597,5590.68,2589.09,164.94,117,2795.8,7,-76.15,"LOSS"
15,"BlueJay Sneaks","TH-229-BLUEJAY","2026-01-03",2,3898,3303.39,1550.56,97.46,117,2230.73,7,-692.36,"LOSS"
15,"BlueJay Sneaks","TH-229-BLUEJAY","2026-01-04",3,5897,4997.46,2355.59,147.44,0,3719.02,10,-1224.59,"LOSS"
15,"BlueJay Sneaks","TH-229-BLUEJAY","2026-01-05",5,9595,8131.36,3824.15,239.9,0,2690.29,4,1377.02,"PROFIT"
15,"BlueJay Sneaks","TH-229-BLUEJAY","2026-01-06",3,5997,5082.2,2378.09,149.94,117,3710.96,7,-1273.79,"LOSS"
15,"BlueJay Sneaks","TH-229-BLUEJAY","2026-01-07",3,5997,5082.2,2390.09,149.94,0,3513.27,6,-971.1,"LOSS"
15,"BlueJay Sneaks","TH-229-BLUEJAY","2026-01-08",3,5997,5082.2,2390.09,149.94,117,2640.14,5,-214.97,"LOSS"
15,"BlueJay Sneaks","TH-229-BLUEJAY","2026-01-09",1,1799,1524.58,723.03,44.98,0,2624.87,2,-1868.3,"LOSS"
15,"BlueJay Sneaks","TH-229-BLUEJAY","2026-01-10",5,9495,8046.61,3789.65,237.4,117,2669.41,6,1233.15,"PROFIT"
15,"BlueJay Sneaks","TH-229-BLUEJAY","2026-01-11",4,7996,6776.27,3171.12,199.92,117,2078.91,6,1209.32,"PROFIT"
15,"BlueJay Sneaks","TH-229-BLUEJAY","2026-01-12",1,2099,1778.81,827.53,52.48,0,1305.4,1,-406.6,"LOSS"
15,"BlueJay Sneaks","TH-229-BLUEJAY","2026-01-13",0,0,0,0,0,0,1169.62,0,-1169.62,"LOSS"
15,"BlueJay Sneaks","TH-229-BLUEJAY","2026-01-14",2,3998,3388.14,1586.06,99.96,0,1771.35,3,-69.23,"LOSS"
15,"BlueJay Sneaks","TH-229-BLUEJAY","2026-01-15",1,2099,1778.81,827.53,52.48,0,1956.96,1,-1058.16,"LOSS"
15,"BlueJay Sneaks","TH-229-BLUEJAY","2026-01-16",4,7396,6267.8,2985.12,184.92,234,1843.63,4,1020.13,"PROFIT"
15,"BlueJay Sneaks","TH-229-BLUEJAY","2026-01-17",2,4298,3642.37,1690.56,107.46,0,2567,2,-722.65,"LOSS"
15,"BlueJay Sneaks","TH-229-BLUEJAY","2026-01-18",2,3798,3218.64,1516.06,94.96,0,4100.26,6,-2492.64,"LOSS"
15,"BlueJay Sneaks","TH-229-BLUEJAY","2026-01-19",1,1799,1524.58,723.03,44.98,117,2480.19,1,-1840.62,"LOSS"
15,"BlueJay Sneaks","TH-229-BLUEJAY","2026-01-20",2,4198,3557.63,1655.06,104.96,0,2562.59,1,-764.98,"LOSS"
15,"BlueJay Sneaks","TH-229-BLUEJAY","2026-01-21",0,0,0,0,0,0,1171.51,0,-1171.51,"LOSS"
15,"BlueJay Sneaks","TH-229-BLUEJAY","2026-01-22",2,3898,3303.39,1562.56,97.46,0,4292.07,6,-2648.7,"LOSS"
15,"BlueJay Sneaks","TH-229-BLUEJAY","2026-01-23",5,9995,8470.34,3965.15,249.9,234,2669.81,5,1351.48,"PROFIT"
15,"BlueJay Sneaks","TH-229-BLUEJAY","2026-01-24",3,6297,5336.44,2483.59,157.44,0,2952.84,2,-257.43,"LOSS"
15,"BlueJay Sneaks","TH-229-BLUEJAY","2026-01-25",4,8296,7030.51,3276.62,207.42,0,2096.58,7,1449.89,"PROFIT"
15,"BlueJay Sneaks","TH-229-BLUEJAY","2026-01-26",0,0,0,0,0,0,2057.49,4,-2057.49,"LOSS"
15,"BlueJay Sneaks","TH-229-BLUEJAY","2026-01-27",2,3998,3388.14,1586.06,99.96,117,2771.91,5,-1186.79,"LOSS"
15,"BlueJay Sneaks","TH-229-BLUEJAY","2026-01-28",0,0,0,0,0,0,1863.27,1,-1863.27,"LOSS"
15,"BlueJay Sneaks","TH-229-BLUEJAY","2026-01-29",0,0,0,0,0,0,1234.55,0,-1234.55,"LOSS"
15,"BlueJay Sneaks","TH-229-BLUEJAY","2026-01-30",0,0,0,0,0,0,1645.42,0,-1645.42,"LOSS"
15,"BlueJay Sneaks","TH-229-BLUEJAY","2026-01-31",0,0,0,0,0,0,1254.86,1,-1254.86,"LOSS"
15,"BlueJay Sneaks","TH-229-BLUEJAY","2026-02-01",0,0,0,0,0,0,1081.29,0,-1081.29,"LOSS"
15,"BlueJay Sneaks","TH-229-BLUEJAY","2026-02-02",0,0,0,0,0,0,2199.13,1,-2199.13,"LOSS"
15,"BlueJay Sneaks","TH-229-BLUEJAY","2026-02-03",1,1999,1694.07,769.03,49.98,0,1173.58,0,-298.52,"LOSS"
15,"BlueJay Sneaks","TH-229-BLUEJAY","2026-02-04",0,0,0,0,0,0,272.87,0,-272.87,"LOSS"
15,"BlueJay Sneaks","TH-229-BLUEJAY","2026-02-05",0,0,0,0,0,0,0,0,0,"BREAKEVEN"
15,"BlueJay Sneaks","TH-229-BLUEJAY","2026-02-06",1,2299,1948.31,862.53,57.48,0,0,0,1028.3,"PROFIT"
15,"BlueJay Sneaks","TH-229-BLUEJAY","2026-02-07",1,2199,1863.56,827.03,54.98,0,0,0,981.55,"PROFIT"
15,"BlueJay Sneaks","TH-229-BLUEJAY","2026-02-09",1,2299,1948.31,862.53,57.48,0,0,0,1028.3,"PROFIT"
15,"BlueJay Sneaks","TH-229-BLUEJAY","2026-02-10",1,2099,1778.81,792.53,52.48,0,0,0,933.8,"PROFIT"
15,"BlueJay Sneaks","TH-229-BLUEJAY","2026-02-15",1,1999,1694.07,769.03,49.98,0,0,0,875.06,"PROFIT"
15,"BlueJay Sneaks","TH-229-BLUEJAY","2026-02-17",1,2299,1948.31,862.53,57.48,0,0,0,1028.3,"PROFIT"
15,"BlueJay Sneaks","TH-229-BLUEJAY","2026-02-20",1,1999,1694.07,769.03,49.98,0,0,0,875.06,"PROFIT"
15,"BlueJay Sneaks","TH-229-BLUEJAY","2026-02-27",1,2299,1948.31,824.53,57.48,0,0,0,1066.3,"PROFIT"
15,"BlueJay Sneaks","TH-229-BLUEJAY","2026-03-03",5,10895,9233.05,3937.65,272.4,0,0,0,5023,"PROFIT"
15,"BlueJay Sneaks","TH-229-BLUEJAY","2026-03-11",1,2099,1778.81,766.53,52.48,0,0,0,959.8,"PROFIT"
15,"BlueJay Sneaks","TH-229-BLUEJAY","2026-03-13",1,2299,1948.31,824.53,57.48,0,0,0,1066.3,"PROFIT"
15,"BlueJay Sneaks","TH-229-BLUEJAY","2026-03-18",2,4198,3557.63,1293.06,104.96,0,0,0,2159.61,"PROFIT"
15,"BlueJay Sneaks","TH-229-BLUEJAY","2026-03-22",1,2199,1863.56,676.03,54.98,0,0,0,1132.55,"PROFIT"
15,"BlueJay Sneaks","TH-229-BLUEJAY","2026-03-30",1,1999,1694.07,617.03,49.98,117,0,0,910.06,"PROFIT"
15,"BlueJay Sneaks","TH-229-BLUEJAY","2026-04-05",1,2299,1948.31,705.53,57.48,0,0,0,1185.3,"PROFIT"
15,"BlueJay Sneaks","TH-229-BLUEJAY","2026-04-17",1,2199,1863.56,676.03,54.98,0,0,0,1132.55,"PROFIT"
15,"BlueJay Sneaks","TH-229-BLUEJAY","2026-04-18",1,1999,1694.07,617.03,49.98,0,0,0,1027.06,"PROFIT"
15,"BlueJay Sneaks","TH-229-BLUEJAY","2026-04-19",1,2399,2033.05,735.03,59.98,0,0,0,1238.04,"PROFIT"
15,"BlueJay Sneaks","TH-229-BLUEJAY","2026-04-22",2,4798,4066.1,1470.06,119.96,117,0,0,2359.08,"PROFIT"
15,"BlueJay Sneaks","TH-229-BLUEJAY","2026-05-03",1,1999,1694.07,617.03,49.98,0,0,0,1027.06,"PROFIT"
15,"BlueJay Sneaks","TH-229-BLUEJAY","2026-05-06",1,2399,2033.05,735.03,59.98,0,0,0,1238.04,"PROFIT"
16,"SnugBug Hut","TH-104-SNUGBUG","2026-01-01",0,0,0,0,0,0,0,0,0,"BREAKEVEN"
16,"SnugBug Hut","TH-104-SNUGBUG","2026-01-02",0,0,0,0,0,0,1636.55,0,-1636.55,"LOSS"
16,"SnugBug Hut","TH-104-SNUGBUG","2026-01-03",0,0,0,0,0,0,0,0,0,"BREAKEVEN"
16,"SnugBug Hut","TH-104-SNUGBUG","2026-01-04",0,0,0,0,0,0,0,0,0,"BREAKEVEN"
16,"SnugBug Hut","TH-104-SNUGBUG","2026-01-06",0,0,0,0,0,0,0,0,0,"BREAKEVEN"
16,"SnugBug Hut","TH-104-SNUGBUG","2026-01-07",1,2499,2117.8,935.53,62.48,0,0,0,1119.79,"PROFIT"
16,"SnugBug Hut","TH-104-SNUGBUG","2026-01-23",0,0,0,0,0,0,815.15,0,-815.15,"LOSS"
16,"SnugBug Hut","TH-104-SNUGBUG","2026-01-24",0,0,0,0,0,0,1141.86,0,-1141.86,"LOSS"
16,"SnugBug Hut","TH-104-SNUGBUG","2026-01-25",0,0,0,0,0,0,1711.14,1,-1711.14,"LOSS"
16,"SnugBug Hut","TH-104-SNUGBUG","2026-01-26",1,2499,2117.8,935.53,62.48,0,1669.46,2,-549.67,"LOSS"
16,"SnugBug Hut","TH-104-SNUGBUG","2026-01-27",1,2499,2117.8,935.53,62.48,0,1891.75,3,-771.96,"LOSS"
16,"SnugBug Hut","TH-104-SNUGBUG","2026-01-28",1,2499,2117.8,935.53,62.48,0,1168.48,0,-48.69,"LOSS"
16,"SnugBug Hut","TH-104-SNUGBUG","2026-01-29",0,0,0,0,0,0,1130.73,1,-1130.73,"LOSS"
16,"SnugBug Hut","TH-104-SNUGBUG","2026-01-30",0,0,0,0,0,0,1030.29,0,-1030.29,"LOSS"
16,"SnugBug Hut","TH-104-SNUGBUG","2026-01-31",0,0,0,0,0,0,1061,0,-1061,"LOSS"
16,"SnugBug Hut","TH-104-SNUGBUG","2026-02-01",0,0,0,0,0,0,1023.79,0,-1023.79,"LOSS"
16,"SnugBug Hut","TH-104-SNUGBUG","2026-02-02",0,0,0,0,0,0,759.24,0,-759.24,"LOSS"
16,"SnugBug Hut","TH-104-SNUGBUG","2026-02-03",1,2699,2287.29,934.53,67.48,0,1108.87,0,176.41,"PROFIT"
16,"SnugBug Hut","TH-104-SNUGBUG","2026-02-04",0,0,0,0,0,0,1038.48,0,-1038.48,"LOSS"
16,"SnugBug Hut","TH-104-SNUGBUG","2026-02-05",0,0,0,0,0,0,601.14,0,-601.14,"LOSS"
16,"SnugBug Hut","TH-104-SNUGBUG","2026-02-06",0,0,0,0,0,0,0,0,0,"BREAKEVEN"
16,"SnugBug Hut","TH-104-SNUGBUG","2026-02-09",0,0,0,0,0,0,196.73,0,-196.73,"LOSS"
16,"SnugBug Hut","TH-104-SNUGBUG","2026-02-15",1,2699,2287.29,934.53,67.48,0,0,0,1285.28,"PROFIT"
16,"SnugBug Hut","TH-104-SNUGBUG","2026-03-24",1,2699,2287.29,842.53,67.48,0,0,0,1377.28,"PROFIT"
16,"SnugBug Hut","TH-104-SNUGBUG","2026-04-06",2,5398,4574.58,1685.06,134.96,0,0,0,2754.56,"PROFIT"
16,"SnugBug Hut","TH-104-SNUGBUG","2026-04-12",1,2699,2287.29,842.53,67.48,0,0,0,1377.28,"PROFIT"
16,"SnugBug Hut","TH-104-SNUGBUG","2026-05-07",1,2699,2287.29,842.53,67.48,0,0,0,1377.28,"PROFIT"
17,"MistCalm Brush","TH-287-MISTCALMBRUSH","2026-01-27",1,1499,1270.34,389.52,37.48,0,0,0,843.34,"PROFIT"
17,"MistCalm Brush","TH-287-MISTCALMBRUSH","2026-02-05",2,2998,2540.68,791.04,74.96,117,706.05,3,851.63,"PROFIT"
17,"MistCalm Brush","TH-287-MISTCALMBRUSH","2026-02-06",0,0,0,0,0,0,1169.9,0,-1169.9,"LOSS"
17,"MistCalm Brush","TH-287-MISTCALMBRUSH","2026-02-07",7,10493,8892.37,2768.64,262.36,0,4491.08,13,1370.29,"PROFIT"
17,"MistCalm Brush","TH-287-MISTCALMBRUSH","2026-02-08",0,0,0,0,0,0,1125.22,0,-1125.22,"LOSS"
17,"MistCalm Brush","TH-287-MISTCALMBRUSH","2026-02-09",6,8994,7622.03,2373.12,224.88,0,3954.35,5,1069.68,"PROFIT"
17,"MistCalm Brush","TH-287-MISTCALMBRUSH","2026-02-10",6,8994,7622.03,2373.12,224.88,234,2885.65,5,1904.38,"PROFIT"
17,"MistCalm Brush","TH-287-MISTCALMBRUSH","2026-02-11",1,1499,1270.34,395.52,37.48,0,1960.29,0,-1122.95,"LOSS"
17,"MistCalm Brush","TH-287-MISTCALMBRUSH","2026-02-12",2,2998,2540.68,791.04,74.96,0,2555.89,3,-881.21,"LOSS"
17,"MistCalm Brush","TH-287-MISTCALMBRUSH","2026-02-13",6,8994,7622.03,2373.12,224.88,117,3992.96,8,914.07,"PROFIT"
17,"MistCalm Brush","TH-287-MISTCALMBRUSH","2026-02-14",2,2998,2540.68,791.04,74.96,0,2513.23,2,-838.55,"LOSS"
17,"MistCalm Brush","TH-287-MISTCALMBRUSH","2026-02-15",5,7495,6351.69,1977.6,187.4,117,3101.12,4,968.57,"PROFIT"
17,"MistCalm Brush","TH-287-MISTCALMBRUSH","2026-02-16",1,1499,1270.34,395.52,37.48,0,2195.56,2,-1358.22,"LOSS"
17,"MistCalm Brush","TH-287-MISTCALMBRUSH","2026-02-17",1,1499,1270.34,395.52,37.48,117,1627.87,2,-907.53,"LOSS"
17,"MistCalm Brush","TH-287-MISTCALMBRUSH","2026-02-18",0,0,0,0,0,0,1110.22,0,-1110.22,"LOSS"
17,"MistCalm Brush","TH-287-MISTCALMBRUSH","2026-02-19",4,5996,5081.36,1582.08,149.92,0,3156.8,7,192.56,"PROFIT"
17,"MistCalm Brush","TH-287-MISTCALMBRUSH","2026-02-20",6,8994,7622.03,2373.12,224.88,234,6273.93,8,-1483.9,"LOSS"
17,"MistCalm Brush","TH-287-MISTCALMBRUSH","2026-02-21",13,19487,16514.41,5141.76,487.24,234,5548.4,12,5103.01,"PROFIT"
17,"MistCalm Brush","TH-287-MISTCALMBRUSH","2026-02-22",2,2998,2540.68,791.04,74.96,0,1964.62,0,-289.94,"LOSS"
17,"MistCalm Brush","TH-287-MISTCALMBRUSH","2026-02-23",7,10493,8892.37,2768.64,262.36,0,3770.46,5,2090.91,"PROFIT"
17,"MistCalm Brush","TH-287-MISTCALMBRUSH","2026-02-24",4,5996,5081.36,1582.08,149.92,0,3432.48,4,-83.12,"LOSS"
17,"MistCalm Brush","TH-287-MISTCALMBRUSH","2026-02-25",3,4497,3811.02,1186.56,112.44,234,2994.97,2,-716.95,"LOSS"
17,"MistCalm Brush","TH-287-MISTCALMBRUSH","2026-02-26",4,5996,5081.36,1582.08,149.92,117,2858.95,2,373.41,"PROFIT"
17,"MistCalm Brush","TH-287-MISTCALMBRUSH","2026-02-27",2,2998,2540.68,791.04,74.96,0,2526.33,1,-851.65,"LOSS"
17,"MistCalm Brush","TH-287-MISTCALMBRUSH","2026-02-28",1,1499,1270.34,395.52,37.48,0,2304.72,0,-1467.38,"LOSS"
17,"MistCalm Brush","TH-287-MISTCALMBRUSH","2026-03-01",0,0,0,0,0,0,1308.13,0,-1308.13,"LOSS"
17,"MistCalm Brush","TH-287-MISTCALMBRUSH","2026-03-02",1,1499,1270.34,395.52,37.48,0,1673.2,2,-835.86,"LOSS"
17,"MistCalm Brush","TH-287-MISTCALMBRUSH","2026-03-03",8,11992,10162.71,3164.16,299.84,234,3468.33,7,2996.38,"PROFIT"
17,"MistCalm Brush","TH-287-MISTCALMBRUSH","2026-03-04",0,0,0,0,0,0,913.94,0,-913.94,"LOSS"
17,"MistCalm Brush","TH-287-MISTCALMBRUSH","2026-03-05",11,16489,13973.73,4350.72,412.28,234,5346.36,7,3630.37,"PROFIT"
17,"MistCalm Brush","TH-287-MISTCALMBRUSH","2026-03-06",2,2998,2540.68,791.04,74.96,0,2892.5,2,-1217.82,"LOSS"
17,"MistCalm Brush","TH-287-MISTCALMBRUSH","2026-03-07",0,0,0,0,0,0,1185.42,0,-1185.42,"LOSS"
17,"MistCalm Brush","TH-287-MISTCALMBRUSH","2026-03-08",1,1499,1270.34,395.52,37.48,0,1387.61,0,-550.27,"LOSS"
17,"MistCalm Brush","TH-287-MISTCALMBRUSH","2026-03-09",2,2998,2540.68,791.04,74.96,0,2690.46,2,-1015.78,"LOSS"
17,"MistCalm Brush","TH-287-MISTCALMBRUSH","2026-03-10",18,26982,22866.1,7119.36,674.64,351,10342.4,18,4378.7,"PROFIT"
17,"MistCalm Brush","TH-287-MISTCALMBRUSH","2026-03-11",27,40473,34299.15,10679.04,1011.96,468,20154.85,25,1985.3,"PROFIT"
17,"MistCalm Brush","TH-287-MISTCALMBRUSH","2026-03-12",4,5996,5081.36,1582.08,149.92,117,4967.9,3,-1735.54,"LOSS"
17,"MistCalm Brush","TH-287-MISTCALMBRUSH","2026-03-13",3,4497,3811.02,1186.56,112.44,0,2362.3,3,149.72,"PROFIT"
17,"MistCalm Brush","TH-287-MISTCALMBRUSH","2026-03-14",0,0,0,0,0,0,0,0,0,"BREAKEVEN"
17,"MistCalm Brush","TH-287-MISTCALMBRUSH","2026-03-15",0,0,0,0,0,0,0,1,0,"BREAKEVEN"
17,"MistCalm Brush","TH-287-MISTCALMBRUSH","2026-03-16",1,1499,1270.34,395.52,37.48,0,0,0,837.34,"PROFIT"
17,"MistCalm Brush","TH-287-MISTCALMBRUSH","2026-03-17",1,1499,1270.34,395.52,37.48,0,0,0,837.34,"PROFIT"
17,"MistCalm Brush","TH-287-MISTCALMBRUSH","2026-03-18",0,0,0,0,0,0,0,0,0,"BREAKEVEN"
17,"MistCalm Brush","TH-287-MISTCALMBRUSH","2026-03-25",7,10493,8892.37,2390.71,262.36,234,5663.64,7,341.66,"PROFIT"
17,"MistCalm Brush","TH-287-MISTCALMBRUSH","2026-03-26",5,7495,6351.69,1707.65,187.4,0,7898.17,3,-3441.53,"LOSS"
17,"MistCalm Brush","TH-287-MISTCALMBRUSH","2026-03-27",6,8994,7622.03,2049.18,224.88,117,6125.61,5,-894.64,"LOSS"
17,"MistCalm Brush","TH-287-MISTCALMBRUSH","2026-03-28",1,1499,1270.34,341.53,37.48,0,4473.65,1,-3582.32,"LOSS"
17,"MistCalm Brush","TH-287-MISTCALMBRUSH","2026-03-29",4,5996,5081.36,1366.12,149.92,117,4424.39,4,-976.07,"LOSS"
17,"MistCalm Brush","TH-287-MISTCALMBRUSH","2026-03-30",3,4497,3811.02,1024.59,112.44,0,3777.38,3,-1103.39,"LOSS"
17,"MistCalm Brush","TH-287-MISTCALMBRUSH","2026-03-31",0,0,0,0,0,0,0,0,0,"BREAKEVEN"
17,"MistCalm Brush","TH-287-MISTCALMBRUSH","2026-04-01",0,0,0,0,0,0,0,0,0,"BREAKEVEN"
17,"MistCalm Brush","TH-287-MISTCALMBRUSH","2026-04-02",0,0,0,0,0,0,0,0,0,"BREAKEVEN"
17,"MistCalm Brush","TH-287-MISTCALMBRUSH","2026-04-03",0,0,0,0,0,0,0,0,0,"BREAKEVEN"
17,"MistCalm Brush","TH-287-MISTCALMBRUSH","2026-04-04",1,1499,1270.34,341.53,37.48,0,0,0,891.33,"PROFIT"
17,"MistCalm Brush","TH-287-MISTCALMBRUSH","2026-04-06",2,2998,2540.68,683.06,74.96,0,0,0,1782.66,"PROFIT"
17,"MistCalm Brush","TH-287-MISTCALMBRUSH","2026-04-12",2,2998,2540.68,683.06,74.96,0,0,0,1782.66,"PROFIT"
17,"MistCalm Brush","TH-287-MISTCALMBRUSH","2026-04-17",1,1499,1270.34,341.53,37.48,0,0,0,891.33,"PROFIT"
17,"MistCalm Brush","TH-287-MISTCALMBRUSH","2026-04-19",1,1499,1270.34,341.53,37.48,0,0,0,891.33,"PROFIT"
17,"MistCalm Brush","TH-287-MISTCALMBRUSH","2026-04-27",1,1499,1270.34,341.53,37.48,0,0,0,891.33,"PROFIT"
17,"MistCalm Brush","TH-287-MISTCALMBRUSH","2026-05-03",1,1499,1270.34,341.53,37.48,0,0,0,891.33,"PROFIT"
17,"MistCalm Brush","TH-287-MISTCALMBRUSH","2026-05-04",1,1499,1270.34,341.53,37.48,0,0,0,891.33,"PROFIT"
17,"MistCalm Brush","TH-287-MISTCALMBRUSH","2026-05-05",1,1499,1270.34,341.53,37.48,0,0,0,891.33,"PROFIT"
17,"MistCalm Brush","TH-287-MISTCALMBRUSH","2026-05-07",1,1499,1270.34,341.53,37.48,0,0,0,891.33,"PROFIT"
17,"MistCalm Brush","TH-287-MISTCALMBRUSH","2026-05-09",1,1499,1270.34,341.53,37.48,0,0,0,891.33,"PROFIT"
17,"MistCalm Brush","TH-287-MISTCALMBRUSH","2026-05-11",1,1499,1270.34,341.53,37.48,0,0,0,891.33,"PROFIT"
17,"MistCalm Brush","TH-287-MISTCALMBRUSH","2026-05-17",1,1499,1270.34,341.53,37.48,0,0,0,891.33,"PROFIT"
17,"MistCalm Brush","TH-287-MISTCALMBRUSH","2026-05-26",1,1999,1694.07,455.86,49.98,0,0,0,1188.23,"PROFIT"
17,"MistCalm Brush","TH-287-MISTCALMBRUSH","2026-05-29",1,1999,1694.07,455.86,49.98,0,0,0,1188.23,"PROFIT"
19,"FetchNova UFO Ball","TH-198-UFOBALL","2026-01-04",1,499,422.88,286.53,12.48,0,0,0,123.87,"PROFIT"
19,"FetchNova UFO Ball","TH-198-UFOBALL","2026-01-07",1,499,422.88,286.53,12.48,0,0,0,123.87,"PROFIT"
19,"FetchNova UFO Ball","TH-198-UFOBALL","2026-01-08",2,998,845.76,573.06,24.96,0,0,0,247.74,"PROFIT"
19,"FetchNova UFO Ball","TH-198-UFOBALL","2026-01-09",1,499,422.88,286.53,12.48,0,0,0,123.87,"PROFIT"
19,"FetchNova UFO Ball","TH-198-UFOBALL","2026-01-10",2,998,845.76,573.06,24.96,0,0,0,247.74,"PROFIT"
19,"FetchNova UFO Ball","TH-198-UFOBALL","2026-01-11",1,499,422.88,286.53,12.48,0,0,0,123.87,"PROFIT"
19,"FetchNova UFO Ball","TH-198-UFOBALL","2026-01-14",2,998,845.76,573.06,24.96,117,0,0,130.74,"PROFIT"
19,"FetchNova UFO Ball","TH-198-UFOBALL","2026-01-21",1,499,422.88,286.53,12.48,0,0,0,123.87,"PROFIT"
19,"FetchNova UFO Ball","TH-198-UFOBALL","2026-01-22",1,499,422.88,286.53,12.48,0,0,0,123.87,"PROFIT"
19,"FetchNova UFO Ball","TH-198-UFOBALL","2026-01-23",1,499,422.88,286.53,12.48,0,0,0,123.87,"PROFIT"
19,"FetchNova UFO Ball","TH-198-UFOBALL","2026-01-24",2,998,845.76,573.06,24.96,0,0,0,247.74,"PROFIT"
19,"FetchNova UFO Ball","TH-198-UFOBALL","2026-01-25",2,998,845.76,573.06,24.96,0,0,0,247.74,"PROFIT"
19,"FetchNova UFO Ball","TH-198-UFOBALL","2026-01-26",1,499,422.88,286.53,12.48,0,0,0,123.87,"PROFIT"
19,"FetchNova UFO Ball","TH-198-UFOBALL","2026-01-29",1,499,422.88,286.53,12.48,0,0,0,123.87,"PROFIT"
19,"FetchNova UFO Ball","TH-198-UFOBALL","2026-01-31",1,499,422.88,303.53,12.48,117,0,0,-10.13,"LOSS"
19,"FetchNova UFO Ball","TH-198-UFOBALL","2026-02-02",2,998,845.76,607.06,24.96,0,0,0,213.74,"PROFIT"
19,"FetchNova UFO Ball","TH-198-UFOBALL","2026-02-03",1,499,422.88,303.53,12.48,0,0,0,106.87,"PROFIT"
19,"FetchNova UFO Ball","TH-198-UFOBALL","2026-02-05",1,499,422.88,303.53,12.48,0,0,0,106.87,"PROFIT"
19,"FetchNova UFO Ball","TH-198-UFOBALL","2026-02-07",1,499,422.88,303.53,12.48,0,0,0,106.87,"PROFIT"
19,"FetchNova UFO Ball","TH-198-UFOBALL","2026-02-13",1,499,422.88,303.53,12.48,0,0,0,106.87,"PROFIT"
19,"FetchNova UFO Ball","TH-198-UFOBALL","2026-02-16",1,499,422.88,303.53,12.48,0,0,0,106.87,"PROFIT"
19,"FetchNova UFO Ball","TH-198-UFOBALL","2026-02-17",2,998,845.76,607.06,24.96,0,0,0,213.74,"PROFIT"
19,"FetchNova UFO Ball","TH-198-UFOBALL","2026-02-22",1,499,422.88,303.53,12.48,117,0,0,-10.13,"LOSS"
19,"FetchNova UFO Ball","TH-198-UFOBALL","2026-03-01",2,998,845.76,607.06,24.96,0,0,0,213.74,"PROFIT"
19,"FetchNova UFO Ball","TH-198-UFOBALL","2026-03-02",1,499,422.88,303.53,12.48,0,0,0,106.87,"PROFIT"
19,"FetchNova UFO Ball","TH-198-UFOBALL","2026-03-03",1,499,422.88,303.53,12.48,0,0,0,106.87,"PROFIT"
19,"FetchNova UFO Ball","TH-198-UFOBALL","2026-03-05",1,499,422.88,303.53,12.48,0,0,0,106.87,"PROFIT"
19,"FetchNova UFO Ball","TH-198-UFOBALL","2026-03-11",1,499,422.88,303.53,12.48,0,0,0,106.87,"PROFIT"
19,"FetchNova UFO Ball","TH-198-UFOBALL","2026-03-12",1,499,422.88,303.53,12.48,0,0,0,106.87,"PROFIT"
19,"FetchNova UFO Ball","TH-198-UFOBALL","2026-03-27",1,499,422.88,259.53,12.48,0,0,0,150.87,"PROFIT"
19,"FetchNova UFO Ball","TH-198-UFOBALL","2026-04-09",4,3196,2708.47,1008.12,79.92,0,1042.53,2,577.9,"PROFIT"
19,"FetchNova UFO Ball","TH-198-UFOBALL","2026-04-10",16,12784,10833.9,4032.48,319.68,234,7806.54,15,-1558.8,"LOSS"
19,"FetchNova UFO Ball","TH-198-UFOBALL","2026-04-11",15,11985,10156.78,3780.45,299.7,117,8228.9,11,-2269.27,"LOSS"
19,"FetchNova UFO Ball","TH-198-UFOBALL","2026-04-12",14,11186,9479.66,3528.42,279.72,0,9489.82,13,-3818.3,"LOSS"
19,"FetchNova UFO Ball","TH-198-UFOBALL","2026-04-13",14,11186,9479.66,3528.42,279.72,0,8850.26,12,-3178.74,"LOSS"
19,"FetchNova UFO Ball","TH-198-UFOBALL","2026-04-14",19,15181,12865.25,4788.57,379.62,234,6462.03,13,1001.03,"PROFIT"
19,"FetchNova UFO Ball","TH-198-UFOBALL","2026-04-15",8,6392,5416.95,2016.24,159.84,0,4578.9,7,-1338.03,"LOSS"
19,"FetchNova UFO Ball","TH-198-UFOBALL","2026-04-16",10,7990,6771.19,2520.3,199.8,0,5034.15,8,-983.06,"LOSS"
19,"FetchNova UFO Ball","TH-198-UFOBALL","2026-04-17",12,9588,8125.42,3024.36,239.76,117,5988.59,9,-1244.29,"LOSS"
19,"FetchNova UFO Ball","TH-198-UFOBALL","2026-04-18",9,7191,6094.07,2268.27,179.82,0,4029.26,7,-383.28,"LOSS"
19,"FetchNova UFO Ball","TH-198-UFOBALL","2026-04-19",14,11186,9479.66,3528.42,279.72,0,6102.11,11,-430.59,"LOSS"
19,"FetchNova UFO Ball","TH-198-UFOBALL","2026-04-20",19,15181,12865.25,4788.57,379.62,117,8351.59,14,-771.53,"LOSS"
19,"FetchNova UFO Ball","TH-198-UFOBALL","2026-04-21",5,3995,3385.59,1260.15,99.9,0,4189.79,2,-2164.25,"LOSS"
19,"FetchNova UFO Ball","TH-198-UFOBALL","2026-04-22",16,13784,11681.36,3952.48,399.68,117,6339.73,9,872.47,"PROFIT"
19,"FetchNova UFO Ball","TH-198-UFOBALL","2026-04-23",1,999,846.61,247.03,24.98,0,2806.43,1,-2231.83,"LOSS"
19,"FetchNova UFO Ball","TH-198-UFOBALL","2026-04-24",57,56943,48256.78,14080.71,1423.86,0,9756.82,23,22995.39,"PROFIT"
19,"FetchNova UFO Ball","TH-198-UFOBALL","2026-04-25",30,29970,25398.31,7410.9,749.4,0,6464.48,11,10773.53,"PROFIT"
19,"FetchNova UFO Ball","TH-198-UFOBALL","2026-04-26",44,43956,37250.85,10869.32,1099.12,468,8054.83,15,16759.58,"PROFIT"
19,"FetchNova UFO Ball","TH-198-UFOBALL","2026-04-27",26,25974,22011.86,6422.78,649.48,117,3956.2,10,10866.4,"PROFIT"
19,"FetchNova UFO Ball","TH-198-UFOBALL","2026-04-28",0,0,0,0,0,0,0,0,0,"BREAKEVEN"
19,"FetchNova UFO Ball","TH-198-UFOBALL","2026-04-29",0,0,0,0,0,0,0,2,0,"BREAKEVEN"
19,"FetchNova UFO Ball","TH-198-UFOBALL","2026-04-30",0,0,0,0,0,0,0,0,0,"BREAKEVEN"
19,"FetchNova UFO Ball","TH-198-UFOBALL","2026-05-01",0,0,0,0,0,0,0,0,0,"BREAKEVEN"
19,"FetchNova UFO Ball","TH-198-UFOBALL","2026-05-02",0,0,0,0,0,0,0,0,0,"BREAKEVEN"
19,"FetchNova UFO Ball","TH-198-UFOBALL","2026-05-03",0,0,0,0,0,0,0,0,0,"BREAKEVEN"
19,"FetchNova UFO Ball","TH-198-UFOBALL","2026-05-05",22,21978,18625.42,5434.66,549.56,0,4099.73,18,8541.47,"PROFIT"
19,"FetchNova UFO Ball","TH-198-UFOBALL","2026-05-06",34,33966,28784.75,8399.02,849.32,234,8699.45,27,10602.96,"PROFIT"
19,"FetchNova UFO Ball","TH-198-UFOBALL","2026-05-07",52,51948,44023.73,12845.56,1298.96,468,9785.28,38,19625.93,"PROFIT"
19,"FetchNova UFO Ball","TH-198-UFOBALL","2026-05-08",57,56943,48256.78,14080.71,1423.86,0,11972.77,47,20779.44,"PROFIT"
19,"FetchNova UFO Ball","TH-198-UFOBALL","2026-05-09",59,58941,49950,14574.77,1473.82,234,14460.61,43,19206.8,"PROFIT"
19,"FetchNova UFO Ball","TH-198-UFOBALL","2026-05-10",52,51948,44023.73,12845.56,1298.96,0,16804.76,40,13074.45,"PROFIT"
19,"FetchNova UFO Ball","TH-198-UFOBALL","2026-05-11",21,20979,17778.81,5187.63,524.58,117,9135.74,16,2813.86,"PROFIT"
19,"FetchNova UFO Ball","TH-198-UFOBALL","2026-05-12",22,21978,18625.42,5434.66,549.56,0,8483.21,19,4157.99,"PROFIT"
19,"FetchNova UFO Ball","TH-198-UFOBALL","2026-05-13",44,43956,37250.85,10869.32,1099.12,234,10639.27,31,14409.14,"PROFIT"
19,"FetchNova UFO Ball","TH-198-UFOBALL","2026-05-14",40,39960,33864.41,9881.2,999.2,234,13364.67,30,9385.34,"PROFIT"
19,"FetchNova UFO Ball","TH-198-UFOBALL","2026-05-15",26,25974,22011.86,6422.78,649.48,117,10745.21,21,4077.39,"PROFIT"
19,"FetchNova UFO Ball","TH-198-UFOBALL","2026-05-16",25,24975,21165.25,6175.75,624.5,468,12858.24,32,1038.76,"PROFIT"
19,"FetchNova UFO Ball","TH-198-UFOBALL","2026-05-17",27,26973,22858.47,6669.81,674.46,0,14951.52,32,562.68,"PROFIT"
19,"FetchNova UFO Ball","TH-198-UFOBALL","2026-05-18",31,30969,26244.92,7657.93,774.38,585,15000.86,35,2226.75,"PROFIT"
19,"FetchNova UFO Ball","TH-198-UFOBALL","2026-05-19",19,18981,16085.59,4693.57,474.62,117,14834.51,28,-4034.11,"LOSS"
19,"FetchNova UFO Ball","TH-198-UFOBALL","2026-05-20",21,20979,17778.81,8362.03,524.58,117,14127.42,30,-5352.22,"LOSS"
19,"FetchNova UFO Ball","TH-198-UFOBALL","2026-05-21",26,25974,22011.86,10549.5,649.48,117,11446.92,32,-751.04,"LOSS"
19,"FetchNova UFO Ball","TH-198-UFOBALL","2026-05-22",20,19980,16932.2,8115,499.6,117,10756.87,28,-2556.27,"LOSS"
19,"FetchNova UFO Ball","TH-198-UFOBALL","2026-05-23",18,17982,15238.98,7303.5,449.64,0,10235.49,23,-2749.65,"LOSS"
19,"FetchNova UFO Ball","TH-198-UFOBALL","2026-05-24",16,15984,13545.76,6492,399.68,0,13134.74,22,-6480.66,"LOSS"
19,"FetchNova UFO Ball","TH-198-UFOBALL","2026-05-25",7,6993,5926.27,2840.25,174.86,0,5798.57,10,-2887.41,"LOSS"
19,"FetchNova UFO Ball","TH-198-UFOBALL","2026-05-26",10,9990,8466.1,4057.5,249.8,0,4511.07,11,-352.27,"LOSS"
19,"FetchNova UFO Ball","TH-198-UFOBALL","2026-05-27",5,4995,4233.05,2028.75,124.9,0,3821.24,5,-1741.84,"LOSS"
19,"FetchNova UFO Ball","TH-198-UFOBALL","2026-05-28",6,5994,5079.66,2434.5,149.88,0,1848.57,1,646.71,"PROFIT"
19,"FetchNova UFO Ball","TH-198-UFOBALL","2026-05-29",12,11988,10159.32,4869,299.76,0,5003.11,16,-12.55,"LOSS"
19,"FetchNova UFO Ball","TH-198-UFOBALL","2026-05-30",9,8991,7619.49,3651.75,224.82,117,3163.85,7,462.07,"PROFIT"
19,"FetchNova UFO Ball","TH-198-UFOBALL","2026-05-31",5,4995,4233.05,2028.75,124.9,0,1824.54,3,254.86,"PROFIT"
19,"FetchNova UFO Ball","TH-198-UFOBALL","2026-06-01",3,2997,2539.83,1217.25,74.94,0,2737.18,2,-1489.54,"LOSS"
19,"FetchNova UFO Ball","TH-198-UFOBALL","2026-06-02",17,16983,14392.37,1308.75,124.9,0,1422.61,7,11536.11,"PROFIT"
19,"FetchNova UFO Ball","TH-198-UFOBALL","2026-06-03",32,31968,27091.53,8376,799.36,351,5503.47,29,12061.7,"PROFIT"
19,"FetchNova UFO Ball","TH-198-UFOBALL","2026-06-04",9,8991,7619.49,2355.75,224.82,0,3505.51,12,1533.41,"PROFIT"
19,"FetchNova UFO Ball","TH-198-UFOBALL","2026-06-05",9,8991,7619.49,2355.75,224.82,0,2825.45,9,2213.47,"PROFIT"
19,"FetchNova UFO Ball","TH-198-UFOBALL","2026-06-06",10,9990,8466.1,2617.5,249.8,0,6224.51,13,-625.71,"LOSS"
19,"FetchNova UFO Ball","TH-198-UFOBALL","2026-06-07",19,18981,16085.59,4973.25,474.62,0,4869.36,24,5768.36,"PROFIT"
19,"FetchNova UFO Ball","TH-198-UFOBALL","2026-06-08",23,22977,19472.03,6020.25,574.54,0,5588.04,24,7289.2,"PROFIT"
19,"FetchNova UFO Ball","TH-198-UFOBALL","2026-06-09",9,8991,7619.49,2355.75,224.82,0,3163.39,8,1875.53,"PROFIT"
20,"ChillSip Bowl","TH-209-CHILLBOWL","2026-01-31",1,1299,1100.85,712.53,32.48,117,0,0,238.84,"PROFIT"
20,"ChillSip Bowl","TH-209-CHILLBOWL","2026-02-23",1,1299,1100.85,712.53,32.48,117,0,0,238.84,"PROFIT"
20,"ChillSip Bowl","TH-209-CHILLBOWL","2026-02-27",1,1299,1100.85,712.53,32.48,117,0,0,238.84,"PROFIT"
20,"ChillSip Bowl","TH-209-CHILLBOWL","2026-02-28",1,1299,1100.85,712.53,32.48,0,0,0,355.84,"PROFIT"
20,"ChillSip Bowl","TH-209-CHILLBOWL","2026-03-01",3,3897,3302.54,2137.59,97.44,0,0,0,1067.51,"PROFIT"
20,"ChillSip Bowl","TH-209-CHILLBOWL","2026-03-02",2,2598,2201.69,1425.06,64.96,117,0,0,594.67,"PROFIT"
20,"ChillSip Bowl","TH-209-CHILLBOWL","2026-03-03",2,2598,2201.69,1425.06,64.96,0,0,0,711.67,"PROFIT"
20,"ChillSip Bowl","TH-209-CHILLBOWL","2026-03-04",1,1299,1100.85,712.53,32.48,0,0,0,355.84,"PROFIT"
20,"ChillSip Bowl","TH-209-CHILLBOWL","2026-03-05",2,2598,2201.69,1425.06,64.96,117,0,0,594.67,"PROFIT"
20,"ChillSip Bowl","TH-209-CHILLBOWL","2026-03-06",2,2598,2201.69,1425.06,64.96,0,0,0,711.67,"PROFIT"
20,"ChillSip Bowl","TH-209-CHILLBOWL","2026-03-07",1,1299,1100.85,712.53,32.48,0,0,0,355.84,"PROFIT"
20,"ChillSip Bowl","TH-209-CHILLBOWL","2026-03-08",5,6495,5504.24,3562.65,162.4,0,0,0,1779.19,"PROFIT"
20,"ChillSip Bowl","TH-209-CHILLBOWL","2026-03-09",1,1299,1100.85,712.53,32.48,0,0,0,355.84,"PROFIT"
20,"ChillSip Bowl","TH-209-CHILLBOWL","2026-03-10",7,9093,7705.93,4987.71,227.36,234,0,0,2256.86,"PROFIT"
20,"ChillSip Bowl","TH-209-CHILLBOWL","2026-03-11",3,3897,3302.54,2137.59,97.44,0,0,0,1067.51,"PROFIT"
20,"ChillSip Bowl","TH-209-CHILLBOWL","2026-03-12",2,2598,2201.69,1425.06,64.96,0,0,0,711.67,"PROFIT"
20,"ChillSip Bowl","TH-209-CHILLBOWL","2026-03-13",2,2598,2201.69,1425.06,64.96,117,0,0,594.67,"PROFIT"
20,"ChillSip Bowl","TH-209-CHILLBOWL","2026-03-14",4,5196,4403.39,2850.12,129.92,0,0,0,1423.35,"PROFIT"
20,"ChillSip Bowl","TH-209-CHILLBOWL","2026-03-15",5,6495,5504.24,3562.65,162.4,0,0,0,1779.19,"PROFIT"
20,"ChillSip Bowl","TH-209-CHILLBOWL","2026-03-16",1,1299,1100.85,712.53,32.48,0,0,0,355.84,"PROFIT"
20,"ChillSip Bowl","TH-209-CHILLBOWL","2026-03-17",10,12990,11008.47,7125.3,324.8,468,0,0,3090.37,"PROFIT"
20,"ChillSip Bowl","TH-209-CHILLBOWL","2026-03-18",9,11691,9907.63,6412.77,292.32,0,0,0,3202.54,"PROFIT"
20,"ChillSip Bowl","TH-209-CHILLBOWL","2026-03-21",4,5196,4403.39,2046.12,129.92,0,0,0,2227.35,"PROFIT"
20,"ChillSip Bowl","TH-209-CHILLBOWL","2026-03-22",1,1299,1100.85,511.53,32.48,0,0,0,556.84,"PROFIT"
20,"ChillSip Bowl","TH-209-CHILLBOWL","2026-03-23",1,1299,1100.85,511.53,32.48,0,0,0,556.84,"PROFIT"
20,"ChillSip Bowl","TH-209-CHILLBOWL","2026-03-24",3,3897,3302.54,1534.59,97.44,0,0,0,1670.51,"PROFIT"
20,"ChillSip Bowl","TH-209-CHILLBOWL","2026-03-25",1,1299,1100.85,511.53,32.48,0,0,0,556.84,"PROFIT"
20,"ChillSip Bowl","TH-209-CHILLBOWL","2026-03-26",1,1299,1100.85,511.53,32.48,0,0,0,556.84,"PROFIT"
20,"ChillSip Bowl","TH-209-CHILLBOWL","2026-03-27",1,1299,1100.85,511.53,32.48,0,0,0,556.84,"PROFIT"
20,"ChillSip Bowl","TH-209-CHILLBOWL","2026-03-28",1,1299,1100.85,511.53,32.48,0,0,0,556.84,"PROFIT"
20,"ChillSip Bowl","TH-209-CHILLBOWL","2026-03-29",1,1299,1100.85,511.53,32.48,0,0,0,556.84,"PROFIT"
20,"ChillSip Bowl","TH-209-CHILLBOWL","2026-03-30",1,1299,1100.85,511.53,32.48,0,0,0,556.84,"PROFIT"
20,"ChillSip Bowl","TH-209-CHILLBOWL","2026-04-02",3,3897,3302.54,1534.59,97.44,0,0,0,1670.51,"PROFIT"
20,"ChillSip Bowl","TH-209-CHILLBOWL","2026-04-03",5,6495,5504.24,2557.65,162.4,117,0,0,2667.19,"PROFIT"
20,"ChillSip Bowl","TH-209-CHILLBOWL","2026-04-04",2,2598,2201.69,1023.06,64.96,117,0,0,996.67,"PROFIT"
20,"ChillSip Bowl","TH-209-CHILLBOWL","2026-04-05",1,1299,1100.85,511.53,32.48,0,0,0,556.84,"PROFIT"
20,"ChillSip Bowl","TH-209-CHILLBOWL","2026-04-06",2,2598,2201.69,1023.06,64.96,0,0,0,1113.67,"PROFIT"
20,"ChillSip Bowl","TH-209-CHILLBOWL","2026-04-07",2,2598,2201.69,1023.06,64.96,0,0,0,1113.67,"PROFIT"
20,"ChillSip Bowl","TH-209-CHILLBOWL","2026-04-10",3,3897,3302.54,1534.59,97.44,117,0,0,1553.51,"PROFIT"
20,"ChillSip Bowl","TH-209-CHILLBOWL","2026-04-11",1,1299,1100.85,511.53,32.48,117,0,0,439.84,"PROFIT"
20,"ChillSip Bowl","TH-209-CHILLBOWL","2026-04-14",4,5196,4403.39,2046.12,129.92,0,0,0,2227.35,"PROFIT"
20,"ChillSip Bowl","TH-209-CHILLBOWL","2026-04-16",4,5196,4403.39,2046.12,129.92,117,0,0,2110.35,"PROFIT"
20,"ChillSip Bowl","TH-209-CHILLBOWL","2026-04-17",4,5196,4403.39,2046.12,129.92,0,0,0,2227.35,"PROFIT"
20,"ChillSip Bowl","TH-209-CHILLBOWL","2026-04-18",1,1299,1100.85,511.53,32.48,0,0,0,556.84,"PROFIT"
20,"ChillSip Bowl","TH-209-CHILLBOWL","2026-04-19",5,6495,5504.24,2557.65,162.4,0,0,0,2784.19,"PROFIT"
20,"ChillSip Bowl","TH-209-CHILLBOWL","2026-04-20",7,9093,7705.93,3580.71,227.36,117,0,0,3780.86,"PROFIT"
20,"ChillSip Bowl","TH-209-CHILLBOWL","2026-04-21",1,1299,1100.85,511.53,32.48,0,0,0,556.84,"PROFIT"
20,"ChillSip Bowl","TH-209-CHILLBOWL","2026-04-22",1,1299,1100.85,511.53,32.48,0,0,0,556.84,"PROFIT"
20,"ChillSip Bowl","TH-209-CHILLBOWL","2026-04-23",1,1299,1100.85,511.53,32.48,0,0,0,556.84,"PROFIT"
20,"ChillSip Bowl","TH-209-CHILLBOWL","2026-04-25",4,5196,4403.39,2046.12,129.92,351,0,0,1876.35,"PROFIT"
20,"ChillSip Bowl","TH-209-CHILLBOWL","2026-04-26",6,7794,6605.08,3069.18,194.88,0,0,0,3341.02,"PROFIT"
20,"ChillSip Bowl","TH-209-CHILLBOWL","2026-04-27",6,7794,6605.08,3069.18,194.88,0,0,0,3341.02,"PROFIT"
20,"ChillSip Bowl","TH-209-CHILLBOWL","2026-04-28",4,5196,4403.39,2046.12,129.92,0,0,0,2227.35,"PROFIT"
20,"ChillSip Bowl","TH-209-CHILLBOWL","2026-04-29",2,2598,2201.69,1023.06,64.96,117,0,0,996.67,"PROFIT"
20,"ChillSip Bowl","TH-209-CHILLBOWL","2026-04-30",2,2598,2201.69,1023.06,64.96,0,0,0,1113.67,"PROFIT"
20,"ChillSip Bowl","TH-209-CHILLBOWL","2026-05-01",6,7794,6605.08,3069.18,194.88,0,0,0,3341.02,"PROFIT"
20,"ChillSip Bowl","TH-209-CHILLBOWL","2026-05-02",11,14289,12109.32,5626.83,357.28,351,0,0,5774.21,"PROFIT"
20,"ChillSip Bowl","TH-209-CHILLBOWL","2026-05-03",8,10392,8806.78,4092.24,259.84,117,0,0,4337.7,"PROFIT"
20,"ChillSip Bowl","TH-209-CHILLBOWL","2026-05-04",1,1299,1100.85,511.53,32.48,117,0,0,439.84,"PROFIT"
20,"ChillSip Bowl","TH-209-CHILLBOWL","2026-05-05",3,3897,3302.54,1534.59,97.44,0,0,0,1670.51,"PROFIT"
20,"ChillSip Bowl","TH-209-CHILLBOWL","2026-05-06",3,3897,3302.54,1534.59,97.44,0,0,0,1670.51,"PROFIT"
20,"ChillSip Bowl","TH-209-CHILLBOWL","2026-05-07",9,11691,9907.63,4603.77,292.32,0,0,0,5011.54,"PROFIT"
20,"ChillSip Bowl","TH-209-CHILLBOWL","2026-05-08",5,6495,5504.24,2557.65,162.4,117,0,0,2667.19,"PROFIT"
20,"ChillSip Bowl","TH-209-CHILLBOWL","2026-05-09",5,6495,5504.24,2557.65,162.4,117,0,0,2667.19,"PROFIT"
20,"ChillSip Bowl","TH-209-CHILLBOWL","2026-05-10",4,5196,4403.39,2046.12,129.92,117,0,0,2110.35,"PROFIT"
20,"ChillSip Bowl","TH-209-CHILLBOWL","2026-05-11",6,7794,6605.08,3069.18,194.88,0,0,0,3341.02,"PROFIT"
20,"ChillSip Bowl","TH-209-CHILLBOWL","2026-05-12",2,2598,2201.69,1023.06,64.96,0,0,0,1113.67,"PROFIT"
20,"ChillSip Bowl","TH-209-CHILLBOWL","2026-05-13",4,5196,4403.39,2046.12,129.92,0,0,0,2227.35,"PROFIT"
20,"ChillSip Bowl","TH-209-CHILLBOWL","2026-05-14",1,1499,1270.34,506.53,37.48,0,0,0,726.33,"PROFIT"
20,"ChillSip Bowl","TH-209-CHILLBOWL","2026-05-15",4,5996,5081.36,2026.12,149.92,0,0,0,2905.32,"PROFIT"
20,"ChillSip Bowl","TH-209-CHILLBOWL","2026-05-16",1,1499,1270.34,506.53,37.48,0,0,0,726.33,"PROFIT"
20,"ChillSip Bowl","TH-209-CHILLBOWL","2026-05-17",1,1499,1270.34,506.53,37.48,0,0,0,726.33,"PROFIT"
20,"ChillSip Bowl","TH-209-CHILLBOWL","2026-05-18",2,2998,2540.68,1013.06,74.96,0,0,0,1452.66,"PROFIT"
20,"ChillSip Bowl","TH-209-CHILLBOWL","2026-05-19",2,2998,2540.68,1435.26,74.96,0,0,0,1030.46,"PROFIT"
20,"ChillSip Bowl","TH-209-CHILLBOWL","2026-05-21",4,5996,5081.36,2870.52,149.92,117,0,0,1943.92,"PROFIT"
20,"ChillSip Bowl","TH-209-CHILLBOWL","2026-05-23",1,1499,1270.34,717.63,37.48,0,0,0,515.23,"PROFIT"
20,"ChillSip Bowl","TH-209-CHILLBOWL","2026-05-24",3,4497,3811.02,2152.89,112.44,117,0,0,1428.69,"PROFIT"
20,"ChillSip Bowl","TH-209-CHILLBOWL","2026-05-25",2,2998,2540.68,1435.26,74.96,0,0,0,1030.46,"PROFIT"
20,"ChillSip Bowl","TH-209-CHILLBOWL","2026-05-26",2,2998,2540.68,1435.26,74.96,0,0,0,1030.46,"PROFIT"
20,"ChillSip Bowl","TH-209-CHILLBOWL","2026-05-27",3,4497,3811.02,2152.89,112.44,0,0,0,1545.69,"PROFIT"
20,"ChillSip Bowl","TH-209-CHILLBOWL","2026-05-28",1,1499,1270.34,717.63,37.48,0,0,0,515.23,"PROFIT"
20,"ChillSip Bowl","TH-209-CHILLBOWL","2026-05-29",4,5996,5081.36,2870.52,149.92,234,0,0,1826.92,"PROFIT"
20,"ChillSip Bowl","TH-209-CHILLBOWL","2026-05-30",1,1499,1270.34,717.63,37.48,0,0,0,515.23,"PROFIT"
20,"ChillSip Bowl","TH-209-CHILLBOWL","2026-05-31",1,1273.17,1078.96,717.63,37.48,0,0,0,323.85,"PROFIT"
20,"ChillSip Bowl","TH-209-CHILLBOWL","2026-06-02",1,1499,1270.34,717.63,37.48,0,0,0,515.23,"PROFIT"
20,"ChillSip Bowl","TH-209-CHILLBOWL","2026-06-06",1,1499,1270.34,517.63,37.48,0,0,0,715.23,"PROFIT"
20,"ChillSip Bowl","TH-209-CHILLBOWL","2026-06-09",2,2998,2540.68,1035.26,74.96,0,0,0,1430.46,"PROFIT"
21,"TangleGuard Leash","TH-152-TANGLELEASH","2026-01-11",1,2499,2117.8,1395.53,62.48,0,0,0,659.79,"PROFIT"
21,"TangleGuard Leash","TH-152-TANGLELEASH","2026-01-12",1,2499,2117.8,1395.53,62.48,117,0,0,542.79,"PROFIT"
21,"TangleGuard Leash","TH-152-TANGLELEASH","2026-01-21",1,2499,2117.8,1395.53,62.48,0,0,0,659.79,"PROFIT"
21,"TangleGuard Leash","TH-152-TANGLELEASH","2026-02-12",0,0,0,0,0,0,258.53,0,-258.53,"LOSS"
21,"TangleGuard Leash","TH-152-TANGLELEASH","2026-02-13",2,5398,4574.58,2789.06,134.96,0,2373.38,2,-722.82,"LOSS"
21,"TangleGuard Leash","TH-152-TANGLELEASH","2026-02-14",5,13495,11436.44,6972.65,337.4,0,2909.15,7,1217.24,"PROFIT"
21,"TangleGuard Leash","TH-152-TANGLELEASH","2026-02-15",8,21592,18298.31,11156.24,539.84,117,3459.9,13,3025.33,"PROFIT"
21,"TangleGuard Leash","TH-152-TANGLELEASH","2026-02-16",3,8097,6861.86,4183.59,202.44,0,3077.9,3,-602.07,"LOSS"
21,"TangleGuard Leash","TH-152-TANGLELEASH","2026-02-17",7,18893,16011.02,9761.71,472.36,0,3414.5,10,2362.45,"PROFIT"
21,"TangleGuard Leash","TH-152-TANGLELEASH","2026-02-18",11,29689,25160.17,15339.83,742.28,585,5011.86,12,3481.2,"PROFIT"
21,"TangleGuard Leash","TH-152-TANGLELEASH","2026-02-19",7,18893,16011.02,9761.71,472.36,117,6184.64,12,-524.69,"LOSS"
21,"TangleGuard Leash","TH-152-TANGLELEASH","2026-02-20",8,21592,18298.31,11156.24,539.84,0,8052.6,13,-1450.37,"LOSS"
21,"TangleGuard Leash","TH-152-TANGLELEASH","2026-02-21",1,2699,2287.29,1394.53,67.48,0,3672.32,1,-2847.04,"LOSS"
21,"TangleGuard Leash","TH-152-TANGLELEASH","2026-02-22",1,2699,2287.29,1394.53,67.48,117,3594.83,7,-2886.55,"LOSS"
21,"TangleGuard Leash","TH-152-TANGLELEASH","2026-02-23",0,0,0,0,0,0,1242.44,0,-1242.44,"LOSS"
21,"TangleGuard Leash","TH-152-TANGLELEASH","2026-02-24",0,0,0,0,0,0,0,0,0,"BREAKEVEN"
21,"TangleGuard Leash","TH-152-TANGLELEASH","2026-02-25",0,0,0,0,0,0,0,0,0,"BREAKEVEN"
21,"TangleGuard Leash","TH-152-TANGLELEASH","2026-02-26",0,0,0,0,0,0,0,1,0,"BREAKEVEN"
21,"TangleGuard Leash","TH-152-TANGLELEASH","2026-02-27",0,0,0,0,0,0,0,0,0,"BREAKEVEN"
21,"TangleGuard Leash","TH-152-TANGLELEASH","2026-02-28",0,0,0,0,0,0,0,0,0,"BREAKEVEN"
21,"TangleGuard Leash","TH-152-TANGLELEASH","2026-04-27",1,2999,2541.53,1180.03,74.98,0,0,0,1286.52,"PROFIT"
21,"TangleGuard Leash","TH-152-TANGLELEASH","2026-05-03",1,2999,2541.53,1180.03,74.98,0,0,0,1286.52,"PROFIT"
21,"TangleGuard Leash","TH-152-TANGLELEASH","2026-05-05",1,2999,2541.53,1180.03,74.98,0,0,0,1286.52,"PROFIT"
21,"TangleGuard Leash","TH-152-TANGLELEASH","2026-05-08",1,2999,2541.53,1180.03,74.98,117,0,0,1169.52,"PROFIT"
21,"TangleGuard Leash","TH-152-TANGLELEASH","2026-05-11",6,17994,15249.15,7080.18,449.88,0,2389.52,9,5329.57,"PROFIT"
21,"TangleGuard Leash","TH-152-TANGLELEASH","2026-05-12",16,47984,40664.41,18880.48,1199.68,117,15519.65,22,4947.6,"PROFIT"
21,"TangleGuard Leash","TH-152-TANGLELEASH","2026-05-13",12,35988,30498.31,14160.36,899.76,117,16798.71,16,-1477.52,"LOSS"
21,"TangleGuard Leash","TH-152-TANGLELEASH","2026-05-14",8,25492,21603.39,9340.24,699.84,117,10811.73,13,634.58,"PROFIT"
21,"TangleGuard Leash","TH-152-TANGLELEASH","2026-05-15",6,20994,17791.53,7005.18,524.88,0,12971.79,10,-2710.32,"LOSS"
21,"TangleGuard Leash","TH-152-TANGLELEASH","2026-05-16",8,27992,23722.03,9340.24,699.84,0,10795.5,9,2886.45,"PROFIT"
21,"TangleGuard Leash","TH-152-TANGLELEASH","2026-05-17",4,13996,11861.02,4670.12,349.92,0,9138.99,6,-2298.01,"LOSS"
21,"TangleGuard Leash","TH-152-TANGLELEASH","2026-05-18",0,0,0,0,0,0,4009.11,0,-4009.11,"LOSS"
21,"TangleGuard Leash","TH-152-TANGLELEASH","2026-05-19",1,3499,2965.25,1167.53,87.48,0,1986.3,1,-276.06,"LOSS"
21,"TangleGuard Leash","TH-152-TANGLELEASH","2026-05-20",8,26492,22450.85,11003.6,599.84,117,12164.29,12,-1433.88,"LOSS"
21,"TangleGuard Leash","TH-152-TANGLELEASH","2026-05-21",6,17994,15249.15,8252.7,449.88,0,6427.51,7,119.06,"PROFIT"
21,"TangleGuard Leash","TH-152-TANGLELEASH","2026-05-22",3,8997,7624.58,4126.35,224.94,117,3040.68,1,115.61,"PROFIT"
21,"TangleGuard Leash","TH-152-TANGLELEASH","2026-05-23",3,8997,7624.58,4126.35,224.94,0,7013.78,6,-3740.49,"LOSS"
21,"TangleGuard Leash","TH-152-TANGLELEASH","2026-05-24",7,20993,17790.68,9628.15,524.86,0,6564.6,10,1073.07,"PROFIT"
21,"TangleGuard Leash","TH-152-TANGLELEASH","2026-05-25",8,23992,20332.2,11003.6,599.84,117,6647.24,11,1964.52,"PROFIT"
21,"TangleGuard Leash","TH-152-TANGLELEASH","2026-05-26",7,20993,17790.68,9628.15,524.86,0,5722.78,11,1914.89,"PROFIT"
21,"TangleGuard Leash","TH-152-TANGLELEASH","2026-05-27",2,5998,5083.05,2750.9,149.96,0,3336.75,7,-1154.56,"LOSS"
21,"TangleGuard Leash","TH-152-TANGLELEASH","2026-05-28",2,5998,5083.05,2750.9,149.96,0,2879.8,3,-697.61,"LOSS"
21,"TangleGuard Leash","TH-152-TANGLELEASH","2026-05-29",5,14995,12707.63,6877.25,374.9,0,4128.06,11,1327.42,"PROFIT"
21,"TangleGuard Leash","TH-152-TANGLELEASH","2026-05-30",3,8997,7624.58,4126.35,224.94,117,2499.05,2,657.24,"PROFIT"
21,"TangleGuard Leash","TH-152-TANGLELEASH","2026-05-31",1,2999,2541.53,1375.45,74.98,0,1362.14,0,-271.04,"LOSS"
21,"TangleGuard Leash","TH-152-TANGLELEASH","2026-06-01",0,0,0,0,0,0,1163.19,0,-1163.19,"LOSS"
21,"TangleGuard Leash","TH-152-TANGLELEASH","2026-06-03",2,5998,5083.05,2389.9,149.96,0,2257.54,2,285.65,"PROFIT"
21,"TangleGuard Leash","TH-152-TANGLELEASH","2026-06-04",1,2999,2541.53,1194.95,74.98,0,1066.83,0,204.77,"PROFIT"
21,"TangleGuard Leash","TH-152-TANGLELEASH","2026-06-05",0,0,0,0,0,0,1271.62,0,-1271.62,"LOSS"
21,"TangleGuard Leash","TH-152-TANGLELEASH","2026-06-06",2,5998,5083.05,2389.9,149.96,0,1248.15,0,1295.04,"PROFIT"
21,"TangleGuard Leash","TH-152-TANGLELEASH","2026-06-09",0,0,0,0,0,0,0,0,0,"BREAKEVEN"
